generation,index,cost,preference,penalty,rank,crowdingDistance,feasible,route
0,1,387.0,196.0,0.0,2,0.0,true,"City24(Day 2) -> City22(Day 4)"
0,2,369.0,100.0,37.0,23,0.0,false,"City10(Day 1)"
0,3,154.0,49.0,0.0,1,0.0,true,"City16(Day 6)"
0,4,395.0,49.0,13.0,15,0.0,false,"City2(Day 0) -> City13(Day 1)"
0,5,656.0,169.0,69.0,32,0.0,false,"City12(Day 0) -> City20(Day 1) -> City11(Day 5)"
0,6,480.0,36.0,23.0,18,0.0,false,"City11(Day 2) -> City13(Day 4)"
0,7,509.0,81.0,46.0,27,0.0,false,"City21(Day 3) -> City8(Day 6)"
0,8,297.0,25.0,25.0,19,0.0,false,"City23(Day 4)"
0,9,284.0,81.0,0.0,2,0.0,true,"City14(Day 1)"
0,10,605.0,361.0,5.0,8,0.0,false,"City15(Day 1) -> City18(Day 2) -> City1(Day 4)"
0,11,741.0,169.0,165.0,39,0.0,false,"City11(Day 3) -> City1(Day 4) -> City20(Day 5)"
0,12,617.0,289.0,36.0,22,0.0,false,"City16(Day 3) -> City21(Day 4) -> City19(Day 5)"
0,13,673.0,400.0,86.0,35,0.0,false,"City25(Day 2) -> City15(Day 3) -> City14(Day 6)"
0,14,278.0,1.0,26.0,20,0.0,false,"City9(Day 2)"
0,15,773.0,576.0,230.0,43,0.0,false,"City10(Day 1) -> City3(Day 2) -> City22(Day 4)"
0,16,482.0,169.0,0.0,3,0.0,true,"City25(Day 4) -> City4(Day 6)"
0,17,601.0,100.0,48.0,28,0.0,false,"City17(Day 0) -> City25(Day 3)"
0,18,606.0,484.0,64.0,31,0.0,false,"City10(Day 0) -> City16(Day 4) -> City23(Day 6)"
0,19,730.0,36.0,169.0,41,0.0,false,"City6(Day 0) -> City13(Day 2) -> City9(Day 6)"
0,20,540.0,49.0,9.0,12,0.0,false,"City5(Day 0) -> City6(Day 4)"
0,21,305.0,16.0,0.0,5,0.0,true,"City1(Day 4)"
0,22,480.0,121.0,8.0,11,0.0,false,"City15(Day 1) -> City12(Day 5)"
0,23,444.0,100.0,20.0,17,0.0,false,"City3(Day 0) -> City19(Day 3)"
0,24,601.0,196.0,33.0,21,0.0,false,"City23(Day 0) -> City4(Day 1)"
0,25,533.0,225.0,10.0,13,0.0,false,"City2(Day 1) -> City24(Day 4) -> City11(Day 5)"
0,26,709.0,441.0,152.0,38,0.0,false,"City15(Day 4) -> City11(Day 5) -> City10(Day 6)"
0,27,253.0,81.0,0.0,1,0.0,true,"City4(Day 2)"
0,28,498.0,64.0,19.0,16,0.0,false,"City5(Day 0) -> City11(Day 5)"
0,29,326.0,9.0,0.0,6,0.0,true,"City6(Day 5)"
0,30,795.0,256.0,268.0,44,0.0,false,"City17(Day 0) -> City14(Day 1) -> City9(Day 4)"
0,31,590.0,169.0,3.0,7,0.0,false,"City20(Day 2) -> City2(Day 5) -> City6(Day 6)"
0,32,376.0,81.0,0.0,4,0.0,true,"City24(Day 2) -> City6(Day 6)"
0,33,356.0,36.0,45.0,26,0.0,false,"City17(Day 5)"
0,34,776.0,529.0,213.0,42,0.0,false,"City10(Day 1) -> City25(Day 3) -> City14(Day 4)"
0,35,431.0,100.0,25.0,19,0.0,false,"City2(Day 0) -> City23(Day 1)"
0,36,393.0,225.0,0.0,2,0.0,true,"City14(Day 1) -> City24(Day 2)"
0,37,213.0,16.0,0.0,3,0.0,true,"City25(Day 2)"
0,38,723.0,196.0,168.0,40,0.0,false,"City3(Day 2) -> City23(Day 3) -> City7(Day 6)"
0,39,471.0,25.0,13.0,15,0.0,false,"City7(Day 2) -> City13(Day 6)"
0,40,661.0,361.0,108.0,36,0.0,false,"City17(Day 0) -> City16(Day 2) -> City21(Day 6)"
0,41,473.0,169.0,13.0,15,0.0,false,"City19(Day 1) -> City14(Day 6)"
0,42,310.0,81.0,0.0,3,0.0,true,"City4(Day 6)"
0,43,494.0,169.0,9.0,12,0.0,false,"City14(Day 3) -> City5(Day 5)"
0,44,632.0,361.0,77.0,34,0.0,false,"City3(Day 1) -> City22(Day 3) -> City23(Day 6)"
0,45,420.0,289.0,11.0,14,0.0,false,"City4(Day 1) -> City22(Day 5)"
0,46,461.0,289.0,3.0,7,0.0,false,"City19(Day 2) -> City20(Day 4) -> City22(Day 6)"
0,47,305.0,16.0,0.0,5,0.0,true,"City1(Day 4)"
0,48,477.0,121.0,13.0,15,0.0,false,"City22(Day 2) -> City7(Day 5)"
0,49,523.0,256.0,0.0,2,0.0,true,"City21(Day 2) -> City12(Day 5) -> City24(Day 6)"
0,50,304.0,25.0,25.0,19,0.0,false,"City23(Day 6)"
0,51,635.0,529.0,74.0,33,0.0,false,"City24(Day 0) -> City15(Day 4) -> City10(Day 5)"
0,52,303.0,81.0,6.0,9,0.0,false,"City14(Day 0)"
0,53,555.0,81.0,23.0,18,0.0,false,"City6(Day 2) -> City3(Day 5)"
0,54,626.0,324.0,51.0,29,0.0,false,"City23(Day 2) -> City4(Day 4) -> City25(Day 5)"
0,55,233.0,16.0,10.0,13,0.0,false,"City11(Day 5)"
0,56,597.0,441.0,40.0,24,0.0,false,"City22(Day 3) -> City15(Day 4) -> City17(Day 5)"
0,57,366.0,256.0,0.0,1,0.0,true,"City18(Day 0) -> City22(Day 5)"
0,58,632.0,144.0,46.0,27,0.0,false,"City7(Day 4) -> City11(Day 5) -> City2(Day 6)"
0,59,241.0,16.0,0.0,4,0.0,true,"City1(Day 5)"
0,60,303.0,81.0,6.0,9,0.0,false,"City14(Day 0)"
0,61,298.0,81.0,7.0,10,0.0,false,"City4(Day 1)"
0,62,701.0,121.0,110.0,37,0.0,false,"City25(Day 1) -> City6(Day 2) -> City12(Day 5)"
0,63,473.0,100.0,0.0,3,0.0,true,"City12(Day 0) -> City21(Day 4)"
0,64,507.0,225.0,40.0,24,0.0,false,"City4(Day 5) -> City17(Day 6)"
0,65,234.0,64.0,0.0,1,0.0,true,"City18(Day 0)"
0,66,310.0,81.0,0.0,3,0.0,true,"City4(Day 6)"
0,67,181.0,16.0,0.0,2,0.0,true,"City19(Day 0)"
0,68,517.0,81.0,44.0,25,0.0,false,"City23(Day 1) -> City11(Day 5)"
0,69,527.0,324.0,0.0,1,0.0,true,"City21(Day 3) -> City4(Day 4) -> City7(Day 6)"
0,70,584.0,25.0,53.0,30,0.0,false,"City9(Day 1) -> City5(Day 2)"
0,71,586.0,289.0,6.0,9,0.0,false,"City24(Day 0) -> City7(Day 3) -> City18(Day 5)"
0,72,487.0,144.0,40.0,24,0.0,false,"City17(Day 2) -> City21(Day 3)"
0,73,491.0,144.0,25.0,19,0.0,false,"City15(Day 2) -> City23(Day 6)"
0,74,355.0,225.0,3.0,7,0.0,false,"City22(Day 0) -> City16(Day 6)"
0,75,624.0,121.0,33.0,21,0.0,false,"City7(Day 1) -> City12(Day 2) -> City5(Day 3)"
1,1,485.0,484.0,0.0,1,0.0,true,"City14(Day 1) -> City16(Day 3) -> City24(Day 6)"
1,2,154.0,49.0,0.0,1,0.0,true,"City16(Day 6)"
1,3,253.0,81.0,0.0,1,0.0,true,"City4(Day 2)"
1,4,466.0,361.0,0.0,1,0.0,true,"City19(Day 0) -> City15(Day 4) -> City22(Day 5)"
1,5,596.0,625.0,0.0,1,0.0,true,"City22(Day 3) -> City18(Day 4) -> City4(Day 5)"
1,6,234.0,64.0,0.0,1,0.0,true,"City18(Day 0)"
1,7,315.0,256.0,0.0,1,0.0,true,"City18(Day 2) -> City22(Day 5)"
1,8,265.0,81.0,0.0,2,0.0,true,"City14(Day 3)"
1,9,366.0,256.0,0.0,2,0.0,true,"City18(Day 0) -> City22(Day 5)"
1,10,488.0,400.0,0.0,2,0.0,true,"City2(Day 0) -> City22(Day 1) -> City16(Day 6)"
1,11,467.0,289.0,0.0,2,0.0,true,"City16(Day 1) -> City19(Day 2) -> City21(Day 4)"
1,12,181.0,16.0,0.0,2,0.0,true,"City19(Day 0)"
1,13,244.0,64.0,0.0,2,0.0,true,"City18(Day 2)"
1,14,482.0,361.0,0.0,2,0.0,true,"City16(Day 1) -> City18(Day 2) -> City1(Day 5)"
1,15,393.0,225.0,0.0,3,0.0,true,"City14(Day 1) -> City24(Day 2)"
1,16,503.0,289.0,0.0,3,0.0,true,"City18(Day 0) -> City4(Day 6)"
1,17,387.0,196.0,0.0,3,0.0,true,"City24(Day 2) -> City22(Day 4)"
1,18,455.0,256.0,0.0,3,0.0,true,"City15(Day 2) -> City14(Day 5)"
1,19,284.0,81.0,0.0,3,0.0,true,"City14(Day 1)"
1,20,527.0,324.0,0.0,3,0.0,true,"City21(Day 3) -> City4(Day 4) -> City7(Day 6)"
1,21,213.0,16.0,0.0,3,0.0,true,"City25(Day 2)"
1,22,426.0,169.0,0.0,4,0.0,true,"City25(Day 2) -> City4(Day 3)"
1,23,241.0,16.0,0.0,4,0.0,true,"City1(Day 5)"
1,24,217.0,9.0,0.0,4,0.0,true,"City7(Day 6)"
1,25,310.0,81.0,0.0,4,0.0,true,"City4(Day 6)"
1,26,504.0,289.0,0.0,4,0.0,true,"City18(Day 1) -> City24(Day 2) -> City7(Day 3)"
1,27,473.0,100.0,0.0,5,0.0,true,"City12(Day 0) -> City21(Day 4)"
1,28,482.0,169.0,0.0,5,0.0,true,"City25(Day 4) -> City4(Day 6)"
1,29,249.0,16.0,0.0,5,0.0,true,"City25(Day 0)"
1,30,376.0,81.0,0.0,5,0.0,true,"City24(Day 2) -> City6(Day 6)"
1,31,523.0,256.0,0.0,5,0.0,true,"City21(Day 2) -> City12(Day 5) -> City24(Day 6)"
1,32,541.0,256.0,0.0,6,0.0,true,"City12(Day 1) -> City21(Day 4) -> City24(Day 6)"
1,33,394.0,49.0,0.0,6,0.0,true,"City6(Day 3) -> City1(Day 4)"
1,34,469.0,64.0,0.0,6,0.0,true,"City25(Day 2) -> City1(Day 3)"
1,35,265.0,16.0,0.0,6,0.0,true,"City25(Day 3)"
1,36,305.0,16.0,0.0,7,0.0,true,"City1(Day 4)"
1,37,440.0,49.0,0.0,7,0.0,true,"City25(Day 0) -> City6(Day 5)"
1,38,548.0,169.0,0.0,7,0.0,true,"City21(Day 0) -> City19(Day 4) -> City7(Day 6)"
1,39,322.0,9.0,0.0,8,0.0,true,"City6(Day 4)"
1,40,326.0,9.0,0.0,9,0.0,true,"City6(Day 5)"
1,41,590.0,169.0,3.0,10,0.0,false,"City20(Day 2) -> City2(Day 5) -> City6(Day 6)"
1,42,461.0,289.0,3.0,10,0.0,false,"City19(Day 2) -> City20(Day 4) -> City22(Day 6)"
1,43,355.0,225.0,3.0,10,0.0,false,"City22(Day 0) -> City16(Day 6)"
1,44,254.0,64.0,5.0,11,0.0,false,"City18(Day 6)"
1,45,605.0,361.0,5.0,11,0.0,false,"City15(Day 1) -> City18(Day 2) -> City1(Day 4)"
1,46,578.0,324.0,5.0,11,0.0,false,"City7(Day 3) -> City16(Day 4) -> City18(Day 6)"
1,47,395.0,256.0,6.0,12,0.0,false,"City14(Day 0) -> City16(Day 6)"
1,48,303.0,81.0,6.0,12,0.0,false,"City14(Day 0)"
1,49,565.0,441.0,6.0,12,0.0,false,"City24(Day 0) -> City15(Day 3) -> City22(Day 5)"
1,50,586.0,289.0,6.0,12,0.0,false,"City24(Day 0) -> City7(Day 3) -> City18(Day 5)"
1,51,473.0,169.0,6.0,12,0.0,false,"City14(Day 0) -> City19(Day 6)"
1,52,419.0,196.0,7.0,13,0.0,false,"City2(Day 0) -> City4(Day 1)"
1,53,464.0,81.0,7.0,13,0.0,false,"City6(Day 1) -> City21(Day 6)"
1,54,298.0,81.0,7.0,13,0.0,false,"City4(Day 1)"
1,55,480.0,121.0,8.0,14,0.0,false,"City15(Day 1) -> City12(Day 5)"
1,56,540.0,49.0,9.0,15,0.0,false,"City5(Day 0) -> City6(Day 4)"
1,57,494.0,169.0,9.0,15,0.0,false,"City14(Day 3) -> City5(Day 5)"
1,58,309.0,16.0,9.0,15,0.0,false,"City5(Day 0)"
1,59,608.0,256.0,9.0,15,0.0,false,"City25(Day 1) -> City12(Day 4) -> City22(Day 6)"
1,60,533.0,225.0,10.0,16,0.0,false,"City2(Day 1) -> City24(Day 4) -> City11(Day 5)"
1,61,233.0,16.0,10.0,16,0.0,false,"City11(Day 5)"
1,62,420.0,289.0,11.0,17,0.0,false,"City4(Day 1) -> City22(Day 5)"
1,63,471.0,25.0,13.0,18,0.0,false,"City7(Day 2) -> City13(Day 6)"
1,64,477.0,121.0,13.0,18,0.0,false,"City22(Day 2) -> City7(Day 5)"
1,65,395.0,49.0,13.0,18,0.0,false,"City2(Day 0) -> City13(Day 1)"
1,66,473.0,169.0,13.0,18,0.0,false,"City19(Day 1) -> City14(Day 6)"
1,67,491.0,81.0,13.0,18,0.0,false,"City13(Day 2) -> City15(Day 3)"
1,68,429.0,121.0,16.0,19,0.0,false,"City7(Day 0) -> City22(Day 2)"
1,69,617.0,361.0,17.0,20,0.0,false,"City12(Day 0) -> City14(Day 2) -> City21(Day 4)"
1,70,498.0,64.0,19.0,21,0.0,false,"City5(Day 0) -> City11(Day 5)"
1,71,293.0,36.0,20.0,22,0.0,false,"City3(Day 3)"
1,72,444.0,100.0,20.0,22,0.0,false,"City3(Day 0) -> City19(Day 3)"
1,73,592.0,121.0,20.0,22,0.0,false,"City7(Day 0) -> City25(Day 4) -> City11(Day 5)"
1,74,480.0,36.0,23.0,23,0.0,false,"City11(Day 2) -> City13(Day 4)"
1,75,555.0,81.0,23.0,23,0.0,false,"City6(Day 2) -> City3(Day 5)"
2,1,498.0,576.0,0.0,1,0.0,true,"City16(Day 1) -> City4(Day 2) -> City18(Day 3)"
2,2,403.0,289.0,0.0,1,0.0,true,"City16(Day 1) -> City19(Day 2) -> City21(Day 6)"
2,3,253.0,81.0,0.0,1,0.0,true,"City4(Day 2)"
2,4,154.0,49.0,0.0,1,0.0,true,"City16(Day 6)"
2,5,596.0,625.0,0.0,1,0.0,true,"City22(Day 3) -> City18(Day 4) -> City4(Day 5)"
2,6,315.0,256.0,0.0,1,0.0,true,"City18(Day 2) -> City22(Day 5)"
2,7,234.0,64.0,0.0,1,0.0,true,"City18(Day 0)"
2,8,429.0,529.0,0.0,1,0.0,true,"City18(Day 2) -> City22(Day 5) -> City16(Day 6)"
2,9,485.0,484.0,0.0,2,0.0,true,"City14(Day 1) -> City16(Day 3) -> City24(Day 6)"
2,10,244.0,64.0,0.0,2,0.0,true,"City18(Day 2)"
2,11,598.0,625.0,0.0,2,0.0,true,"City4(Day 1) -> City15(Day 2) -> City14(Day 5)"
2,12,213.0,36.0,0.0,2,0.0,true,"City21(Day 5)"
2,13,347.0,256.0,0.0,2,0.0,true,"City22(Day 3) -> City18(Day 5)"
2,14,265.0,81.0,0.0,2,0.0,true,"City14(Day 3)"
2,15,557.0,529.0,0.0,2,0.0,true,"City4(Day 2) -> City24(Day 3) -> City22(Day 6)"
2,16,466.0,361.0,0.0,2,0.0,true,"City19(Day 0) -> City15(Day 4) -> City22(Day 5)"
2,17,431.0,324.0,0.0,2,0.0,true,"City4(Day 1) -> City14(Day 3)"
2,18,181.0,16.0,0.0,2,0.0,true,"City19(Day 0)"
2,19,201.0,16.0,0.0,3,0.0,true,"City25(Day 4)"
2,20,594.0,484.0,0.0,3,0.0,true,"City2(Day 0) -> City14(Day 1) -> City22(Day 4)"
2,21,366.0,256.0,0.0,3,0.0,true,"City18(Day 0) -> City22(Day 5)"
2,22,443.0,289.0,0.0,3,0.0,true,"City14(Day 1) -> City22(Day 4)"
2,23,488.0,400.0,0.0,3,0.0,true,"City2(Day 0) -> City22(Day 1) -> City16(Day 6)"
2,24,580.0,441.0,0.0,3,0.0,true,"City4(Day 0) -> City1(Day 4) -> City22(Day 5)"
2,25,353.0,144.0,0.0,3,0.0,true,"City18(Day 2) -> City19(Day 4)"
2,26,245.0,36.0,0.0,3,0.0,true,"City21(Day 4)"
2,27,482.0,361.0,0.0,3,0.0,true,"City16(Day 1) -> City18(Day 2) -> City1(Day 5)"
2,28,284.0,81.0,0.0,3,0.0,true,"City14(Day 1)"
2,29,393.0,225.0,0.0,4,0.0,true,"City14(Day 1) -> City24(Day 2)"
2,30,513.0,400.0,0.0,4,0.0,true,"City18(Day 1) -> City24(Day 2) -> City21(Day 3)"
2,31,467.0,289.0,0.0,4,0.0,true,"City16(Day 1) -> City19(Day 2) -> City21(Day 4)"
2,32,512.0,324.0,0.0,4,0.0,true,"City24(Day 2) -> City12(Day 3) -> City22(Day 4)"
2,33,310.0,81.0,0.0,4,0.0,true,"City4(Day 6)"
2,34,455.0,256.0,0.0,4,0.0,true,"City15(Day 2) -> City14(Day 5)"
2,35,206.0,16.0,0.0,4,0.0,true,"City25(Day 5)"
2,36,387.0,196.0,0.0,4,0.0,true,"City24(Day 2) -> City22(Day 4)"
2,37,503.0,289.0,0.0,5,0.0,true,"City18(Day 0) -> City4(Day 6)"
2,38,468.0,256.0,0.0,5,0.0,true,"City15(Day 1) -> City4(Day 5)"
2,39,526.0,400.0,0.0,5,0.0,true,"City22(Day 1) -> City2(Day 4) -> City16(Day 6)"
2,40,213.0,16.0,0.0,5,0.0,true,"City25(Day 2)"
2,41,426.0,169.0,0.0,5,0.0,true,"City25(Day 2) -> City4(Day 3)"
2,42,376.0,81.0,0.0,5,0.0,true,"City24(Day 2) -> City6(Day 6)"
2,43,527.0,324.0,0.0,6,0.0,true,"City21(Day 3) -> City4(Day 4) -> City7(Day 6)"
2,44,241.0,16.0,0.0,6,0.0,true,"City1(Day 5)"
2,45,504.0,289.0,0.0,6,0.0,true,"City18(Day 1) -> City24(Day 2) -> City7(Day 3)"
2,46,473.0,169.0,0.0,6,0.0,true,"City14(Day 1) -> City1(Day 4)"
2,47,445.0,81.0,0.0,6,0.0,true,"City19(Day 0) -> City2(Day 1)"
2,48,394.0,49.0,0.0,6,0.0,true,"City6(Day 3) -> City1(Day 4)"
2,49,217.0,9.0,0.0,6,0.0,true,"City7(Day 6)"
2,50,548.0,400.0,0.0,6,0.0,true,"City15(Day 1) -> City18(Day 2) -> City2(Day 3)"
2,51,506.0,256.0,0.0,7,0.0,true,"City15(Day 1) -> City4(Day 6)"
2,52,469.0,64.0,0.0,7,0.0,true,"City25(Day 2) -> City1(Day 3)"
2,53,508.0,289.0,0.0,7,0.0,true,"City18(Day 0) -> City4(Day 5)"
2,54,482.0,169.0,0.0,7,0.0,true,"City25(Day 4) -> City4(Day 6)"
2,55,556.0,400.0,0.0,7,0.0,true,"City2(Day 3) -> City22(Day 4) -> City16(Day 6)"
2,56,473.0,100.0,0.0,7,0.0,true,"City12(Day 0) -> City21(Day 4)"
2,57,480.0,121.0,0.0,7,0.0,true,"City12(Day 0) -> City15(Day 3)"
2,58,548.0,361.0,0.0,7,0.0,true,"City19(Day 0) -> City22(Day 1) -> City15(Day 3)"
2,59,440.0,49.0,0.0,7,0.0,true,"City25(Day 0) -> City6(Day 5)"
2,60,249.0,16.0,0.0,7,0.0,true,"City25(Day 0)"
2,61,523.0,256.0,0.0,8,0.0,true,"City21(Day 2) -> City12(Day 5) -> City24(Day 6)"
2,62,519.0,196.0,0.0,8,0.0,true,"City21(Day 0) -> City12(Day 1) -> City19(Day 3)"
2,63,567.0,324.0,0.0,8,0.0,true,"City12(Day 0) -> City22(Day 3) -> City21(Day 4)"
2,64,598.0,361.0,0.0,8,0.0,true,"City21(Day 0) -> City22(Day 2) -> City2(Day 5)"
2,65,265.0,16.0,0.0,8,0.0,true,"City25(Day 3)"
2,66,305.0,16.0,0.0,9,0.0,true,"City1(Day 4)"
2,67,541.0,256.0,0.0,9,0.0,true,"City12(Day 1) -> City21(Day 4) -> City24(Day 6)"
2,68,548.0,169.0,0.0,10,0.0,true,"City21(Day 0) -> City19(Day 4) -> City7(Day 6)"
2,69,322.0,9.0,0.0,10,0.0,true,"City6(Day 4)"
2,70,326.0,9.0,0.0,11,0.0,true,"City6(Day 5)"
2,71,498.0,169.0,3.0,12,0.0,false,"City19(Day 2) -> City20(Day 4) -> City25(Day 5)"
2,72,355.0,225.0,3.0,12,0.0,false,"City22(Day 0) -> City16(Day 6)"
2,73,461.0,289.0,3.0,12,0.0,false,"City19(Day 2) -> City20(Day 4) -> City22(Day 6)"
2,74,302.0,9.0,3.0,12,0.0,false,"City6(Day 2)"
2,75,456.0,289.0,3.0,12,0.0,false,"City19(Day 0) -> City20(Day 2) -> City22(Day 6)"
3,1,154.0,49.0,0.0,1,0.0,true,"City16(Day 6)"
3,2,253.0,81.0,0.0,1,0.0,true,"City4(Day 2)"
3,3,315.0,256.0,0.0,1,0.0,true,"City18(Day 2) -> City22(Day 5)"
3,4,374.0,361.0,0.0,1,0.0,true,"City19(Day 0) -> City16(Day 1) -> City18(Day 4)"
3,5,429.0,529.0,0.0,1,0.0,true,"City18(Day 2) -> City22(Day 5) -> City16(Day 6)"
3,6,596.0,625.0,0.0,1,0.0,true,"City22(Day 3) -> City18(Day 4) -> City4(Day 5)"
3,7,445.0,576.0,0.0,1,0.0,true,"City14(Day 1) -> City16(Day 3) -> City18(Day 5)"
3,8,234.0,64.0,0.0,1,0.0,true,"City18(Day 0)"
3,9,181.0,16.0,0.0,2,0.0,true,"City19(Day 0)"
3,10,431.0,324.0,0.0,2,0.0,true,"City4(Day 1) -> City14(Day 3)"
3,11,403.0,289.0,0.0,2,0.0,true,"City16(Day 1) -> City19(Day 2) -> City21(Day 6)"
3,12,213.0,36.0,0.0,2,0.0,true,"City21(Day 5)"
3,13,244.0,64.0,0.0,2,0.0,true,"City18(Day 2)"
3,14,265.0,81.0,0.0,2,0.0,true,"City14(Day 3)"
3,15,598.0,625.0,0.0,2,0.0,true,"City4(Day 1) -> City15(Day 2) -> City14(Day 5)"
3,16,457.0,400.0,0.0,2,0.0,true,"City25(Day 0) -> City18(Day 1) -> City22(Day 5)"
3,17,232.0,49.0,0.0,2,0.0,true,"City16(Day 2)"
3,18,447.0,361.0,0.0,2,0.0,true,"City16(Day 1) -> City18(Day 3) -> City19(Day 4)"
3,19,347.0,256.0,0.0,2,0.0,true,"City22(Day 3) -> City18(Day 5)"
3,20,498.0,576.0,0.0,2,0.0,true,"City16(Day 1) -> City4(Day 2) -> City18(Day 3)"
3,21,485.0,484.0,0.0,2,0.0,true,"City14(Day 1) -> City16(Day 3) -> City24(Day 6)"
3,22,245.0,36.0,0.0,3,0.0,true,"City21(Day 4)"
3,23,466.0,361.0,0.0,3,0.0,true,"City19(Day 0) -> City15(Day 4) -> City22(Day 5)"
3,24,353.0,144.0,0.0,3,0.0,true,"City18(Day 2) -> City19(Day 4)"
3,25,201.0,16.0,0.0,3,0.0,true,"City25(Day 4)"
3,26,366.0,256.0,0.0,3,0.0,true,"City18(Day 0) -> City22(Day 5)"
3,27,557.0,529.0,0.0,3,0.0,true,"City4(Day 2) -> City24(Day 3) -> City22(Day 6)"
3,28,284.0,81.0,0.0,3,0.0,true,"City14(Day 1)"
3,29,255.0,49.0,0.0,3,0.0,true,"City15(Day 4)"
3,30,494.0,484.0,0.0,3,0.0,true,"City22(Day 3) -> City18(Day 4) -> City24(Day 5)"
3,31,443.0,289.0,0.0,3,0.0,true,"City14(Day 1) -> City22(Day 4)"
3,32,488.0,400.0,0.0,3,0.0,true,"City2(Day 0) -> City22(Day 1) -> City16(Day 6)"
3,33,357.0,121.0,0.0,4,0.0,true,"City7(Day 1) -> City18(Day 5)"
3,34,550.0,441.0,0.0,4,0.0,true,"City14(Day 1) -> City18(Day 2) -> City19(Day 4)"
3,35,594.0,484.0,0.0,4,0.0,true,"City2(Day 0) -> City14(Day 1) -> City22(Day 4)"
3,36,372.0,225.0,0.0,4,0.0,true,"City16(Day 0) -> City19(Day 2) -> City25(Day 4)"
3,37,206.0,16.0,0.0,4,0.0,true,"City25(Day 5)"
3,38,455.0,256.0,0.0,4,0.0,true,"City15(Day 2) -> City14(Day 5)"
3,39,467.0,289.0,0.0,4,0.0,true,"City19(Day 3) -> City21(Day 4) -> City16(Day 5)"
3,40,310.0,81.0,0.0,4,0.0,true,"City4(Day 6)"
3,41,513.0,400.0,0.0,4,0.0,true,"City18(Day 1) -> City24(Day 2) -> City21(Day 3)"
3,42,479.0,361.0,0.0,4,0.0,true,"City19(Day 0) -> City22(Day 3) -> City15(Day 6)"
3,43,467.0,289.0,0.0,4,0.0,true,"City16(Day 1) -> City19(Day 2) -> City21(Day 4)"
3,44,481.0,324.0,0.0,5,0.0,true,"City24(Day 2) -> City12(Day 4) -> City22(Day 5)"
3,45,580.0,441.0,0.0,5,0.0,true,"City4(Day 0) -> City1(Day 4) -> City22(Day 5)"
3,46,213.0,16.0,0.0,5,0.0,true,"City25(Day 2)"
3,47,374.0,196.0,0.0,5,0.0,true,"City2(Day 0) -> City4(Day 3)"
3,48,482.0,361.0,0.0,5,0.0,true,"City16(Day 1) -> City18(Day 2) -> City1(Day 5)"
3,49,468.0,256.0,0.0,5,0.0,true,"City15(Day 1) -> City4(Day 5)"
3,50,209.0,9.0,0.0,5,0.0,true,"City7(Day 4)"
3,51,393.0,225.0,0.0,5,0.0,true,"City14(Day 1) -> City24(Day 2)"
3,52,526.0,400.0,0.0,5,0.0,true,"City22(Day 1) -> City2(Day 4) -> City16(Day 6)"
3,53,433.0,225.0,0.0,6,0.0,true,"City19(Day 1) -> City15(Day 3) -> City25(Day 4)"
3,54,377.0,144.0,0.0,6,0.0,true,"City4(Day 2) -> City7(Day 4)"
3,55,376.0,81.0,0.0,6,0.0,true,"City24(Day 2) -> City6(Day 6)"
3,56,217.0,9.0,0.0,6,0.0,true,"City7(Day 6)"
3,57,241.0,16.0,0.0,6,0.0,true,"City1(Day 5)"
3,58,499.0,361.0,0.0,6,0.0,true,"City4(Day 2) -> City7(Day 3) -> City16(Day 6)"
3,59,548.0,400.0,0.0,6,0.0,true,"City15(Day 1) -> City18(Day 2) -> City2(Day 3)"
3,60,495.0,289.0,0.0,6,0.0,true,"City19(Day 0) -> City21(Day 2) -> City15(Day 4)"
3,61,387.0,196.0,0.0,6,0.0,true,"City24(Day 2) -> City22(Day 4)"
3,62,556.0,400.0,0.0,7,0.0,true,"City2(Day 3) -> City22(Day 4) -> City16(Day 6)"
3,63,502.0,361.0,0.0,7,0.0,true,"City19(Day 3) -> City15(Day 4) -> City22(Day 6)"
3,64,426.0,169.0,0.0,7,0.0,true,"City25(Day 2) -> City4(Day 3)"
3,65,426.0,169.0,0.0,7,0.0,true,"City4(Day 3) -> City25(Day 5)"
3,66,394.0,49.0,0.0,7,0.0,true,"City6(Day 3) -> City1(Day 4)"
3,67,467.0,196.0,0.0,7,0.0,true,"City7(Day 0) -> City16(Day 1) -> City19(Day 2)"
3,68,499.0,324.0,0.0,7,0.0,true,"City4(Day 4) -> City14(Day 5)"
3,69,249.0,16.0,0.0,7,0.0,true,"City25(Day 0)"
3,70,445.0,81.0,0.0,8,0.0,true,"City19(Day 0) -> City2(Day 1)"
3,71,564.0,400.0,0.0,8,0.0,true,"City18(Day 0) -> City22(Day 3) -> City19(Day 6)"
3,72,251.0,16.0,0.0,8,0.0,true,"City1(Day 0)"
3,73,502.0,324.0,0.0,8,0.0,true,"City16(Day 1) -> City19(Day 2) -> City15(Day 6)"
3,74,510.0,361.0,0.0,8,0.0,true,"City19(Day 0) -> City22(Day 1) -> City15(Day 2)"
3,75,473.0,169.0,0.0,8,0.0,true,"City14(Day 1) -> City1(Day 4)"
4,1,154.0,49.0,0.0,1,0.0,true,"City16(Day 6)"
4,2,253.0,81.0,0.0,1,0.0,true,"City4(Day 2)"
4,3,445.0,576.0,0.0,1,0.0,true,"City14(Day 1) -> City16(Day 3) -> City18(Day 5)"
4,4,315.0,256.0,0.0,1,0.0,true,"City18(Day 2) -> City22(Day 5)"
4,5,274.0,225.0,0.0,1,0.0,true,"City16(Day 2) -> City18(Day 4)"
4,6,234.0,64.0,0.0,1,0.0,true,"City18(Day 0)"
4,7,429.0,529.0,0.0,1,0.0,true,"City18(Day 2) -> City22(Day 5) -> City16(Day 6)"
4,8,596.0,625.0,0.0,1,0.0,true,"City22(Day 3) -> City18(Day 4) -> City4(Day 5)"
4,9,362.0,361.0,0.0,1,0.0,true,"City19(Day 0) -> City16(Day 3) -> City18(Day 5)"
4,10,347.0,256.0,0.0,2,0.0,true,"City22(Day 3) -> City18(Day 5)"
4,11,331.0,144.0,0.0,2,0.0,true,"City16(Day 0) -> City2(Day 5)"
4,12,374.0,361.0,0.0,2,0.0,true,"City19(Day 0) -> City16(Day 1) -> City18(Day 4)"
4,13,181.0,16.0,0.0,2,0.0,true,"City19(Day 0)"
4,14,452.0,400.0,0.0,2,0.0,true,"City19(Day 0) -> City22(Day 3) -> City18(Day 5)"
4,15,460.0,529.0,0.0,2,0.0,true,"City22(Day 3) -> City18(Day 4) -> City16(Day 5)"
4,16,265.0,81.0,0.0,2,0.0,true,"City14(Day 3)"
4,17,244.0,64.0,0.0,2,0.0,true,"City18(Day 2)"
4,18,219.0,49.0,0.0,2,0.0,true,"City15(Day 1)"
4,19,194.0,36.0,0.0,2,0.0,true,"City24(Day 1)"
4,20,598.0,625.0,0.0,2,0.0,true,"City4(Day 1) -> City15(Day 2) -> City14(Day 5)"
4,21,489.0,576.0,0.0,2,0.0,true,"City16(Day 1) -> City4(Day 2) -> City18(Day 4)"
4,22,366.0,256.0,0.0,3,0.0,true,"City18(Day 0) -> City22(Day 5)"
4,23,232.0,49.0,0.0,3,0.0,true,"City16(Day 2)"
4,24,491.0,576.0,0.0,3,0.0,true,"City14(Day 1) -> City18(Day 3) -> City16(Day 4)"
4,25,213.0,36.0,0.0,3,0.0,true,"City21(Day 5)"
4,26,457.0,400.0,0.0,3,0.0,true,"City25(Day 0) -> City18(Day 1) -> City22(Day 5)"
4,27,403.0,289.0,0.0,3,0.0,true,"City16(Day 1) -> City19(Day 2) -> City21(Day 6)"
4,28,201.0,16.0,0.0,3,0.0,true,"City25(Day 4)"
4,29,485.0,484.0,0.0,3,0.0,true,"City14(Day 1) -> City16(Day 3) -> City24(Day 6)"
4,30,341.0,121.0,0.0,3,0.0,true,"City25(Day 5) -> City16(Day 6)"
4,31,353.0,144.0,0.0,3,0.0,true,"City18(Day 2) -> City19(Day 4)"
4,32,273.0,81.0,0.0,3,0.0,true,"City14(Day 5)"
4,33,435.0,361.0,0.0,3,0.0,true,"City16(Day 1) -> City22(Day 3) -> City19(Day 6)"
4,34,431.0,324.0,0.0,3,0.0,true,"City4(Day 1) -> City14(Day 3)"
4,35,206.0,16.0,0.0,4,0.0,true,"City25(Day 5)"
4,36,445.0,361.0,0.0,4,0.0,true,"City19(Day 3) -> City18(Day 4) -> City16(Day 6)"
4,37,425.0,256.0,0.0,4,0.0,true,"City15(Day 3) -> City14(Day 5)"
4,38,498.0,576.0,0.0,4,0.0,true,"City16(Day 1) -> City4(Day 2) -> City18(Day 3)"
4,39,284.0,81.0,0.0,4,0.0,true,"City14(Day 1)"
4,40,255.0,49.0,0.0,4,0.0,true,"City15(Day 4)"
4,41,443.0,289.0,0.0,4,0.0,true,"City14(Day 1) -> City22(Day 4)"
4,42,372.0,225.0,0.0,4,0.0,true,"City16(Day 0) -> City19(Day 2) -> City25(Day 4)"
4,43,494.0,484.0,0.0,4,0.0,true,"City22(Day 3) -> City18(Day 4) -> City24(Day 5)"
4,44,353.0,121.0,0.0,4,0.0,true,"City18(Day 2) -> City6(Day 6)"
4,45,245.0,36.0,0.0,4,0.0,true,"City21(Day 4)"
4,46,488.0,400.0,0.0,4,0.0,true,"City2(Day 0) -> City22(Day 1) -> City16(Day 6)"
4,47,447.0,361.0,0.0,5,0.0,true,"City16(Day 1) -> City18(Day 3) -> City19(Day 4)"
4,48,209.0,9.0,0.0,5,0.0,true,"City7(Day 4)"
4,49,374.0,225.0,0.0,5,0.0,true,"City24(Day 2) -> City14(Day 5)"
4,50,509.0,576.0,0.0,5,0.0,true,"City14(Day 1) -> City16(Day 3) -> City22(Day 6)"
4,51,291.0,36.0,0.0,5,0.0,true,"City21(Day 6)"
4,52,213.0,16.0,0.0,5,0.0,true,"City25(Day 2)"
4,53,357.0,121.0,0.0,5,0.0,true,"City7(Day 1) -> City18(Day 5)"
4,54,310.0,81.0,0.0,5,0.0,true,"City4(Day 6)"
4,55,329.0,49.0,0.0,6,0.0,true,"City15(Day 2)"
4,56,466.0,361.0,0.0,6,0.0,true,"City19(Day 0) -> City15(Day 4) -> City22(Day 5)"
4,57,374.0,196.0,0.0,6,0.0,true,"City2(Day 0) -> City4(Day 3)"
4,58,510.0,484.0,0.0,6,0.0,true,"City22(Day 2) -> City18(Day 4) -> City21(Day 5)"
4,59,217.0,9.0,0.0,6,0.0,true,"City7(Day 6)"
4,60,343.0,64.0,0.0,6,0.0,true,"City19(Day 0) -> City25(Day 2)"
4,61,393.0,225.0,0.0,6,0.0,true,"City14(Day 1) -> City24(Day 2)"
4,62,240.0,16.0,0.0,6,0.0,true,"City1(Day 1)"
4,63,455.0,256.0,0.0,6,0.0,true,"City15(Day 2) -> City14(Day 5)"
4,64,542.0,576.0,0.0,6,0.0,true,"City14(Day 1) -> City18(Day 2) -> City16(Day 4)"
4,65,241.0,16.0,0.0,7,0.0,true,"City1(Day 5)"
4,66,513.0,400.0,0.0,7,0.0,true,"City18(Day 1) -> City24(Day 2) -> City21(Day 3)"
4,67,479.0,361.0,0.0,7,0.0,true,"City19(Day 0) -> City22(Day 3) -> City15(Day 6)"
4,68,355.0,64.0,0.0,7,0.0,true,"City19(Day 0) -> City12(Day 4)"
4,69,387.0,196.0,0.0,7,0.0,true,"City24(Day 2) -> City22(Day 4)"
4,70,557.0,529.0,0.0,7,0.0,true,"City4(Day 2) -> City24(Day 3) -> City22(Day 6)"
4,71,433.0,225.0,0.0,7,0.0,true,"City19(Day 1) -> City15(Day 3) -> City25(Day 4)"
4,72,467.0,289.0,0.0,7,0.0,true,"City16(Day 1) -> City19(Day 2) -> City21(Day 4)"
4,73,522.0,441.0,0.0,7,0.0,true,"City2(Day 0) -> City22(Day 1) -> City18(Day 3)"
4,74,467.0,289.0,0.0,7,0.0,true,"City19(Day 3) -> City21(Day 4) -> City16(Day 5)"
4,75,376.0,81.0,0.0,7,0.0,true,"City24(Day 2) -> City6(Day 6)"
5,1,234.0,64.0,0.0,1,0.0,true,"City18(Day 0)"
5,2,360.0,361.0,0.0,1,0.0,true,"City16(Day 1) -> City18(Day 2) -> City19(Day 3)"
5,3,445.0,576.0,0.0,1,0.0,true,"City14(Day 1) -> City16(Day 3) -> City18(Day 5)"
5,4,536.0,625.0,0.0,1,0.0,true,"City4(Day 0) -> City18(Day 3) -> City22(Day 5)"
5,5,425.0,400.0,0.0,1,0.0,true,"City19(Day 2) -> City22(Day 3) -> City18(Day 4)"
5,6,154.0,49.0,0.0,1,0.0,true,"City16(Day 6)"
5,7,429.0,529.0,0.0,1,0.0,true,"City18(Day 2) -> City22(Day 5) -> City16(Day 6)"
5,8,253.0,81.0,0.0,1,0.0,true,"City4(Day 2)"
5,9,315.0,256.0,0.0,1,0.0,true,"City18(Day 2) -> City22(Day 5)"
5,10,274.0,225.0,0.0,1,0.0,true,"City16(Day 2) -> City18(Day 4)"
5,11,572.0,625.0,0.0,2,0.0,true,"City4(Day 0) -> City22(Day 3) -> City18(Day 5)"
5,12,205.0,49.0,0.0,2,0.0,true,"City16(Day 5)"
5,13,460.0,529.0,0.0,2,0.0,true,"City22(Day 3) -> City18(Day 4) -> City16(Day 5)"
5,14,181.0,16.0,0.0,2,0.0,true,"City19(Day 0)"
5,15,362.0,361.0,0.0,2,0.0,true,"City19(Day 0) -> City16(Day 3) -> City18(Day 5)"
5,16,489.0,576.0,0.0,2,0.0,true,"City16(Day 1) -> City4(Day 2) -> City18(Day 4)"
5,17,322.0,256.0,0.0,2,0.0,true,"City14(Day 1) -> City16(Day 6)"
5,18,194.0,36.0,0.0,2,0.0,true,"City24(Day 1)"
5,19,433.0,400.0,0.0,2,0.0,true,"City18(Day 0) -> City19(Day 1) -> City22(Day 6)"
5,20,265.0,81.0,0.0,2,0.0,true,"City14(Day 3)"
5,21,321.0,225.0,0.0,2,0.0,true,"City16(Day 1) -> City18(Day 2)"
5,22,244.0,64.0,0.0,2,0.0,true,"City18(Day 2)"
5,23,201.0,16.0,0.0,3,0.0,true,"City25(Day 4)"
5,24,219.0,49.0,0.0,3,0.0,true,"City15(Day 1)"
5,25,331.0,144.0,0.0,3,0.0,true,"City16(Day 0) -> City2(Day 5)"
5,26,273.0,81.0,0.0,3,0.0,true,"City14(Day 5)"
5,27,213.0,36.0,0.0,3,0.0,true,"City21(Day 5)"
5,28,476.0,529.0,0.0,3,0.0,true,"City18(Day 1) -> City22(Day 3) -> City16(Day 5)"
5,29,491.0,576.0,0.0,3,0.0,true,"City14(Day 1) -> City18(Day 3) -> City16(Day 4)"
5,30,596.0,625.0,0.0,3,0.0,true,"City22(Day 3) -> City18(Day 4) -> City4(Day 5)"
5,31,374.0,361.0,0.0,3,0.0,true,"City19(Day 0) -> City16(Day 1) -> City18(Day 4)"
5,32,444.0,400.0,0.0,3,0.0,true,"City19(Day 2) -> City18(Day 4) -> City22(Day 5)"
5,33,335.0,256.0,0.0,3,0.0,true,"City16(Day 0) -> City14(Day 3)"
5,34,452.0,400.0,0.0,4,0.0,true,"City19(Day 0) -> City22(Day 3) -> City18(Day 5)"
5,35,598.0,625.0,0.0,4,0.0,true,"City4(Day 1) -> City15(Day 2) -> City14(Day 5)"
5,36,390.0,361.0,0.0,4,0.0,true,"City16(Day 1) -> City19(Day 2) -> City18(Day 5)"
5,37,498.0,576.0,0.0,4,0.0,true,"City16(Day 1) -> City4(Day 2) -> City18(Day 3)"
5,38,341.0,121.0,0.0,4,0.0,true,"City25(Day 5) -> City16(Day 6)"
5,39,232.0,49.0,0.0,4,0.0,true,"City16(Day 2)"
5,40,206.0,16.0,0.0,4,0.0,true,"City25(Day 5)"
5,41,284.0,81.0,0.0,4,0.0,true,"City14(Day 1)"
5,42,347.0,256.0,0.0,4,0.0,true,"City22(Day 3) -> City18(Day 5)"
5,43,485.0,484.0,0.0,4,0.0,true,"City14(Day 1) -> City16(Day 3) -> City24(Day 6)"
5,44,245.0,36.0,0.0,5,0.0,true,"City21(Day 4)"
5,45,213.0,16.0,0.0,5,0.0,true,"City25(Day 2)"
5,46,310.0,81.0,0.0,5,0.0,true,"City4(Day 6)"
5,47,431.0,324.0,0.0,5,0.0,true,"City4(Day 1) -> City14(Day 3)"
5,48,403.0,289.0,0.0,5,0.0,true,"City16(Day 1) -> City19(Day 2) -> City21(Day 6)"
5,49,457.0,400.0,0.0,5,0.0,true,"City25(Day 0) -> City18(Day 1) -> City22(Day 5)"
5,50,209.0,9.0,0.0,5,0.0,true,"City7(Day 4)"
5,51,359.0,169.0,0.0,5,0.0,true,"City4(Day 2) -> City19(Day 6)"
5,52,435.0,361.0,0.0,5,0.0,true,"City16(Day 1) -> City22(Day 3) -> City19(Day 6)"
5,53,490.0,484.0,0.0,5,0.0,true,"City18(Day 2) -> City22(Day 3) -> City24(Day 5)"
5,54,353.0,144.0,0.0,5,0.0,true,"City18(Day 2) -> City19(Day 4)"
5,55,366.0,256.0,0.0,5,0.0,true,"City18(Day 0) -> City22(Day 5)"
5,56,509.0,576.0,0.0,5,0.0,true,"City14(Day 1) -> City16(Day 3) -> City22(Day 6)"
5,57,255.0,49.0,0.0,5,0.0,true,"City15(Day 4)"
5,58,372.0,225.0,0.0,6,0.0,true,"City16(Day 0) -> City19(Day 2) -> City25(Day 4)"
5,59,425.0,256.0,0.0,6,0.0,true,"City15(Day 3) -> City14(Day 5)"
5,60,458.0,400.0,0.0,6,0.0,true,"City19(Day 0) -> City22(Day 1) -> City18(Day 2)"
5,61,439.0,361.0,0.0,6,0.0,true,"City19(Day 1) -> City16(Day 2) -> City18(Day 5)"
5,62,329.0,49.0,0.0,6,0.0,true,"City15(Day 2)"
5,63,291.0,36.0,0.0,6,0.0,true,"City21(Day 6)"
5,64,343.0,64.0,0.0,6,0.0,true,"City19(Day 0) -> City25(Day 2)"
5,65,353.0,121.0,0.0,6,0.0,true,"City18(Day 2) -> City6(Day 6)"
5,66,524.0,576.0,0.0,6,0.0,true,"City18(Day 2) -> City15(Day 3) -> City14(Day 5)"
5,67,494.0,484.0,0.0,6,0.0,true,"City22(Day 3) -> City18(Day 4) -> City24(Day 5)"
5,68,240.0,16.0,0.0,6,0.0,true,"City1(Day 1)"
5,69,215.0,9.0,0.0,6,0.0,true,"City7(Day 3)"
5,70,241.0,16.0,0.0,7,0.0,true,"City1(Day 5)"
5,71,443.0,289.0,0.0,7,0.0,true,"City14(Day 1) -> City22(Day 4)"
5,72,510.0,484.0,0.0,7,0.0,true,"City22(Day 2) -> City18(Day 4) -> City21(Day 5)"
5,73,217.0,9.0,0.0,7,0.0,true,"City7(Day 6)"
5,74,445.0,361.0,0.0,7,0.0,true,"City19(Day 3) -> City18(Day 4) -> City16(Day 6)"
5,75,355.0,64.0,0.0,7,0.0,true,"City19(Day 0) -> City12(Day 4)"
6,1,253.0,81.0,0.0,1,0.0,true,"City4(Day 2)"
6,2,274.0,225.0,0.0,1,0.0,true,"City16(Day 2) -> City18(Day 4)"
6,3,437.0,576.0,0.0,1,0.0,true,"City4(Day 2) -> City16(Day 4) -> City18(Day 5)"
6,4,360.0,361.0,0.0,1,0.0,true,"City16(Day 1) -> City18(Day 2) -> City19(Day 3)"
6,5,536.0,625.0,0.0,1,0.0,true,"City4(Day 0) -> City18(Day 3) -> City22(Day 5)"
6,6,429.0,529.0,0.0,1,0.0,true,"City18(Day 2) -> City22(Day 5) -> City16(Day 6)"
6,7,412.0,400.0,0.0,1,0.0,true,"City18(Day 2) -> City19(Day 3) -> City22(Day 6)"
6,8,154.0,49.0,0.0,1,0.0,true,"City16(Day 6)"
6,9,309.0,256.0,0.0,1,0.0,true,"City22(Day 3) -> City18(Day 4)"
6,10,234.0,64.0,0.0,1,0.0,true,"City18(Day 0)"
6,11,194.0,36.0,0.0,2,0.0,true,"City24(Day 1)"
6,12,244.0,64.0,0.0,2,0.0,true,"City18(Day 2)"
6,13,265.0,81.0,0.0,2,0.0,true,"City14(Day 3)"
6,14,425.0,400.0,0.0,2,0.0,true,"City19(Day 2) -> City22(Day 3) -> City18(Day 4)"
6,15,572.0,625.0,0.0,2,0.0,true,"City4(Day 0) -> City22(Day 3) -> City18(Day 5)"
6,16,315.0,256.0,0.0,2,0.0,true,"City18(Day 2) -> City22(Day 5)"
6,17,362.0,361.0,0.0,2,0.0,true,"City19(Day 0) -> City16(Day 3) -> City18(Day 5)"
6,18,205.0,49.0,0.0,2,0.0,true,"City16(Day 5)"
6,19,445.0,576.0,0.0,2,0.0,true,"City14(Day 1) -> City16(Day 3) -> City18(Day 5)"
6,20,181.0,16.0,0.0,2,0.0,true,"City19(Day 0)"
6,21,273.0,81.0,0.0,3,0.0,true,"City14(Day 5)"
6,22,321.0,225.0,0.0,3,0.0,true,"City16(Day 1) -> City18(Day 2)"
6,23,201.0,16.0,0.0,3,0.0,true,"City25(Day 4)"
6,24,592.0,625.0,0.0,3,0.0,true,"City4(Day 2) -> City14(Day 3) -> City16(Day 5)"
6,25,454.0,576.0,0.0,3,0.0,true,"City16(Day 0) -> City18(Day 1) -> City14(Day 3)"
6,26,366.0,361.0,0.0,3,0.0,true,"City16(Day 1) -> City19(Day 3) -> City18(Day 4)"
6,27,219.0,49.0,0.0,3,0.0,true,"City15(Day 1)"
6,28,213.0,36.0,0.0,3,0.0,true,"City21(Day 5)"
6,29,322.0,256.0,0.0,3,0.0,true,"City14(Day 1) -> City16(Day 6)"
6,30,432.0,400.0,0.0,3,0.0,true,"City18(Day 2) -> City19(Day 3) -> City22(Day 5)"
6,31,225.0,36.0,0.0,4,0.0,true,"City21(Day 2)"
6,32,335.0,256.0,0.0,4,0.0,true,"City16(Day 0) -> City14(Day 3)"
6,33,456.0,529.0,0.0,4,0.0,true,"City18(Day 2) -> City22(Day 3) -> City16(Day 6)"
6,34,489.0,576.0,0.0,4,0.0,true,"City16(Day 1) -> City4(Day 2) -> City18(Day 4)"
6,35,596.0,625.0,0.0,4,0.0,true,"City22(Day 3) -> City18(Day 4) -> City4(Day 5)"
6,36,206.0,16.0,0.0,4,0.0,true,"City25(Day 5)"
6,37,433.0,400.0,0.0,4,0.0,true,"City18(Day 0) -> City19(Day 1) -> City22(Day 6)"
6,38,284.0,81.0,0.0,4,0.0,true,"City14(Day 1)"
6,39,331.0,144.0,0.0,4,0.0,true,"City16(Day 0) -> City2(Day 5)"
6,40,374.0,361.0,0.0,4,0.0,true,"City19(Day 0) -> City16(Day 1) -> City18(Day 4)"
6,41,232.0,49.0,0.0,4,0.0,true,"City16(Day 2)"
6,42,390.0,361.0,0.0,5,0.0,true,"City16(Day 1) -> City19(Day 2) -> City18(Day 5)"
6,43,460.0,529.0,0.0,5,0.0,true,"City22(Day 3) -> City18(Day 4) -> City16(Day 5)"
6,44,491.0,576.0,0.0,5,0.0,true,"City14(Day 1) -> City16(Day 4) -> City22(Day 5)"
6,45,444.0,400.0,0.0,5,0.0,true,"City19(Day 2) -> City18(Day 4) -> City22(Day 5)"
6,46,598.0,625.0,0.0,5,0.0,true,"City4(Day 1) -> City15(Day 2) -> City14(Day 5)"
6,47,245.0,36.0,0.0,5,0.0,true,"City21(Day 4)"
6,48,346.0,225.0,0.0,5,0.0,true,"City18(Day 0) -> City16(Day 1)"
6,49,310.0,81.0,0.0,5,0.0,true,"City4(Day 6)"
6,50,255.0,49.0,0.0,5,0.0,true,"City15(Day 4)"
6,51,341.0,121.0,0.0,5,0.0,true,"City25(Day 5) -> City16(Day 6)"
6,52,347.0,256.0,0.0,5,0.0,true,"City22(Day 3) -> City18(Day 5)"
6,53,209.0,9.0,0.0,5,0.0,true,"City7(Day 4)"
6,54,213.0,16.0,0.0,5,0.0,true,"City25(Day 2)"
6,55,491.0,576.0,0.0,5,0.0,true,"City14(Day 1) -> City18(Day 3) -> City16(Day 4)"
6,56,359.0,169.0,0.0,6,0.0,true,"City4(Day 2) -> City19(Day 6)"
6,57,450.0,400.0,0.0,6,0.0,true,"City18(Day 1) -> City19(Day 3) -> City22(Day 5)"
6,58,366.0,256.0,0.0,6,0.0,true,"City18(Day 0) -> City22(Day 5)"
6,59,476.0,529.0,0.0,6,0.0,true,"City18(Day 1) -> City22(Day 3) -> City16(Day 5)"
6,60,348.0,121.0,0.0,6,0.0,true,"City15(Day 4) -> City19(Day 6)"
6,61,240.0,16.0,0.0,6,0.0,true,"City1(Day 1)"
6,62,215.0,9.0,0.0,6,0.0,true,"City7(Day 3)"
6,63,342.0,100.0,0.0,6,0.0,true,"City24(Day 2) -> City25(Day 5)"
6,64,329.0,49.0,0.0,6,0.0,true,"City15(Day 2)"
6,65,353.0,144.0,0.0,6,0.0,true,"City18(Day 2) -> City19(Day 4)"
6,66,498.0,576.0,0.0,6,0.0,true,"City16(Day 1) -> City4(Day 2) -> City18(Day 3)"
6,67,392.0,361.0,0.0,6,0.0,true,"City16(Day 0) -> City19(Day 2) -> City18(Day 5)"
6,68,291.0,36.0,0.0,6,0.0,true,"City21(Day 6)"
6,69,372.0,225.0,0.0,7,0.0,true,"City16(Day 0) -> City19(Day 2) -> City25(Day 4)"
6,70,217.0,9.0,0.0,7,0.0,true,"City7(Day 6)"
6,71,452.0,400.0,0.0,7,0.0,true,"City19(Day 0) -> City22(Day 3) -> City18(Day 5)"
6,72,343.0,64.0,0.0,7,0.0,true,"City19(Day 0) -> City25(Day 2)"
6,73,241.0,16.0,0.0,7,0.0,true,"City1(Day 5)"
6,74,401.0,361.0,0.0,7,0.0,true,"City19(Day 0) -> City22(Day 1) -> City16(Day 5)"
6,75,485.0,484.0,0.0,7,0.0,true,"City14(Day 1) -> City16(Day 3) -> City24(Day 6)"
7,1,274.0,225.0,0.0,1,0.0,true,"City16(Day 2) -> City18(Day 4)"
7,2,412.0,400.0,0.0,1,0.0,true,"City18(Day 2) -> City19(Day 3) -> City22(Day 6)"
7,3,360.0,361.0,0.0,1,0.0,true,"City16(Day 1) -> City18(Day 2) -> City19(Day 3)"
7,4,253.0,81.0,0.0,1,0.0,true,"City4(Day 2)"
7,5,309.0,256.0,0.0,1,0.0,true,"City22(Day 3) -> City18(Day 4)"
7,6,534.0,625.0,0.0,1,0.0,true,"City4(Day 0) -> City22(Day 3) -> City18(Day 4)"
7,7,437.0,576.0,0.0,1,0.0,true,"City4(Day 2) -> City16(Day 4) -> City18(Day 5)"
7,8,154.0,49.0,0.0,1,0.0,true,"City16(Day 6)"
7,9,414.0,529.0,0.0,1,0.0,true,"City16(Day 1) -> City18(Day 2) -> City22(Day 6)"
7,10,234.0,64.0,0.0,1,0.0,true,"City18(Day 0)"
7,11,265.0,81.0,0.0,2,0.0,true,"City14(Day 3)"
7,12,445.0,576.0,0.0,2,0.0,true,"City14(Day 1) -> City16(Day 3) -> City18(Day 5)"
7,13,536.0,625.0,0.0,2,0.0,true,"City4(Day 0) -> City18(Day 3) -> City22(Day 5)"
7,14,200.0,49.0,0.0,2,0.0,true,"City16(Day 0)"
7,15,244.0,64.0,0.0,2,0.0,true,"City18(Day 2)"
7,16,194.0,36.0,0.0,2,0.0,true,"City24(Day 1)"
7,17,419.0,529.0,0.0,2,0.0,true,"City16(Day 2) -> City18(Day 4) -> City22(Day 5)"
7,18,315.0,256.0,0.0,2,0.0,true,"City18(Day 2) -> City22(Day 5)"
7,19,362.0,361.0,0.0,2,0.0,true,"City19(Day 0) -> City16(Day 3) -> City18(Day 5)"
7,20,181.0,16.0,0.0,2,0.0,true,"City19(Day 0)"
7,21,205.0,49.0,0.0,3,0.0,true,"City16(Day 5)"
7,22,429.0,529.0,0.0,3,0.0,true,"City18(Day 2) -> City22(Day 5) -> City16(Day 6)"
7,23,454.0,576.0,0.0,3,0.0,true,"City16(Day 0) -> City18(Day 1) -> City14(Day 3)"
7,24,425.0,400.0,0.0,3,0.0,true,"City19(Day 2) -> City22(Day 3) -> City18(Day 4)"
7,25,322.0,256.0,0.0,3,0.0,true,"City14(Day 1) -> City16(Day 6)"
7,26,366.0,361.0,0.0,3,0.0,true,"City16(Day 1) -> City19(Day 3) -> City18(Day 4)"
7,27,198.0,9.0,0.0,3,0.0,true,"City7(Day 1)"
7,28,566.0,625.0,0.0,3,0.0,true,"City16(Day 0) -> City14(Day 3) -> City4(Day 6)"
7,29,273.0,81.0,0.0,3,0.0,true,"City14(Day 5)"
7,30,321.0,225.0,0.0,3,0.0,true,"City16(Day 1) -> City18(Day 2)"
7,31,201.0,16.0,0.0,3,0.0,true,"City25(Day 4)"
7,32,213.0,36.0,0.0,4,0.0,true,"City21(Day 5)"
7,33,572.0,625.0,0.0,4,0.0,true,"City4(Day 0) -> City22(Day 3) -> City18(Day 5)"
7,34,331.0,144.0,0.0,4,0.0,true,"City16(Day 0) -> City2(Day 5)"
7,35,219.0,49.0,0.0,4,0.0,true,"City15(Day 1)"
7,36,374.0,361.0,0.0,4,0.0,true,"City19(Day 0) -> City16(Day 1) -> City18(Day 4)"
7,37,206.0,16.0,0.0,4,0.0,true,"City25(Day 5)"
7,38,432.0,529.0,0.0,4,0.0,true,"City16(Day 2) -> City22(Day 3) -> City18(Day 4)"
7,39,455.0,576.0,0.0,4,0.0,true,"City16(Day 1) -> City18(Day 2) -> City4(Day 3)"
7,40,331.0,144.0,0.0,4,0.0,true,"City18(Day 2) -> City19(Day 6)"
7,41,284.0,81.0,0.0,4,0.0,true,"City14(Day 1)"
7,42,335.0,256.0,0.0,4,0.0,true,"City16(Day 0) -> City14(Day 3)"
7,43,225.0,36.0,0.0,5,0.0,true,"City21(Day 2)"
7,44,432.0,400.0,0.0,5,0.0,true,"City18(Day 2) -> City19(Day 3) -> City22(Day 5)"
7,45,341.0,225.0,0.0,5,0.0,true,"City16(Day 2) -> City18(Day 3)"
7,46,592.0,625.0,0.0,5,0.0,true,"City4(Day 2) -> City14(Day 3) -> City16(Day 5)"
7,47,209.0,9.0,0.0,5,0.0,true,"City7(Day 4)"
7,48,232.0,49.0,0.0,5,0.0,true,"City16(Day 2)"
7,49,390.0,361.0,0.0,5,0.0,true,"City16(Day 1) -> City19(Day 2) -> City18(Day 5)"
7,50,456.0,529.0,0.0,5,0.0,true,"City18(Day 2) -> City22(Day 3) -> City16(Day 6)"
7,51,213.0,16.0,0.0,5,0.0,true,"City25(Day 2)"
7,52,291.0,81.0,0.0,5,0.0,true,"City14(Day 4)"
7,53,336.0,169.0,0.0,5,0.0,true,"City21(Day 4) -> City16(Day 6)"
7,54,464.0,576.0,0.0,5,0.0,true,"City16(Day 1) -> City14(Day 3) -> City18(Day 5)"
7,55,347.0,256.0,0.0,5,0.0,true,"City22(Day 3) -> City18(Day 5)"
7,56,341.0,121.0,0.0,6,0.0,true,"City25(Day 5) -> City16(Day 6)"
7,57,392.0,361.0,0.0,6,0.0,true,"City16(Day 0) -> City19(Day 2) -> City18(Day 5)"
7,58,366.0,256.0,0.0,6,0.0,true,"City18(Day 0) -> City22(Day 5)"
7,59,240.0,16.0,0.0,6,0.0,true,"City1(Day 1)"
7,60,255.0,49.0,0.0,6,0.0,true,"City15(Day 4)"
7,61,460.0,529.0,0.0,6,0.0,true,"City22(Day 3) -> City18(Day 4) -> City16(Day 5)"
7,62,596.0,625.0,0.0,6,0.0,true,"City22(Day 3) -> City18(Day 4) -> City4(Day 5)"
7,63,433.0,400.0,0.0,6,0.0,true,"City18(Day 0) -> City19(Day 1) -> City22(Day 6)"
7,64,310.0,81.0,0.0,6,0.0,true,"City4(Day 6)"
7,65,342.0,225.0,0.0,6,0.0,true,"City18(Day 4) -> City16(Day 6)"
7,66,472.0,576.0,0.0,6,0.0,true,"City14(Day 1) -> City16(Day 2) -> City18(Day 5)"
7,67,245.0,36.0,0.0,6,0.0,true,"City21(Day 4)"
7,68,215.0,9.0,0.0,6,0.0,true,"City7(Day 3)"
7,69,346.0,225.0,0.0,7,0.0,true,"City18(Day 0) -> City16(Day 1)"
7,70,476.0,529.0,0.0,7,0.0,true,"City18(Day 1) -> City22(Day 3) -> City16(Day 5)"
7,71,489.0,576.0,0.0,7,0.0,true,"City16(Day 1) -> City4(Day 2) -> City18(Day 4)"
7,72,444.0,400.0,0.0,7,0.0,true,"City19(Day 2) -> City18(Day 4) -> City22(Day 5)"
7,73,342.0,100.0,0.0,7,0.0,true,"City24(Day 2) -> City25(Day 5)"
7,74,217.0,9.0,0.0,7,0.0,true,"City7(Day 6)"
7,75,401.0,361.0,0.0,7,0.0,true,"City19(Day 0) -> City22(Day 1) -> City16(Day 5)"
8,1,274.0,225.0,0.0,1,0.0,true,"City16(Day 2) -> City18(Day 4)"
8,2,253.0,81.0,0.0,1,0.0,true,"City4(Day 2)"
8,3,499.0,625.0,0.0,1,0.0,true,"City4(Day 1) -> City18(Day 3) -> City22(Day 5)"
8,4,412.0,400.0,0.0,1,0.0,true,"City18(Day 2) -> City19(Day 3) -> City22(Day 6)"
8,5,234.0,64.0,0.0,1,0.0,true,"City18(Day 0)"
8,6,154.0,49.0,0.0,1,0.0,true,"City16(Day 6)"
8,7,360.0,361.0,0.0,1,0.0,true,"City16(Day 1) -> City18(Day 2) -> City19(Day 3)"
8,8,309.0,256.0,0.0,1,0.0,true,"City22(Day 3) -> City18(Day 4)"
8,9,414.0,529.0,0.0,1,0.0,true,"City16(Day 1) -> City18(Day 2) -> City22(Day 6)"
8,10,437.0,576.0,0.0,1,0.0,true,"City4(Day 2) -> City16(Day 4) -> City18(Day 5)"
8,11,136.0,16.0,0.0,1,0.0,true,"City19(Day 3)"
8,12,362.0,361.0,0.0,2,0.0,true,"City19(Day 0) -> City16(Day 3) -> City18(Day 5)"
8,13,265.0,81.0,0.0,2,0.0,true,"City14(Day 3)"
8,14,419.0,529.0,0.0,2,0.0,true,"City16(Day 2) -> City18(Day 4) -> City22(Day 5)"
8,15,300.0,144.0,0.0,2,0.0,true,"City19(Day 0) -> City18(Day 3)"
8,16,445.0,576.0,0.0,2,0.0,true,"City14(Day 1) -> City16(Day 3) -> City18(Day 5)"
8,17,315.0,256.0,0.0,2,0.0,true,"City18(Day 2) -> City22(Day 5)"
8,18,194.0,36.0,0.0,2,0.0,true,"City24(Day 1)"
8,19,534.0,625.0,0.0,2,0.0,true,"City4(Day 0) -> City22(Day 3) -> City18(Day 4)"
8,20,181.0,16.0,0.0,2,0.0,true,"City19(Day 0)"
8,21,200.0,49.0,0.0,2,0.0,true,"City16(Day 0)"
8,22,240.0,64.0,0.0,2,0.0,true,"City18(Day 3)"
8,23,321.0,225.0,0.0,3,0.0,true,"City16(Day 1) -> City18(Day 2)"
8,24,366.0,361.0,0.0,3,0.0,true,"City16(Day 1) -> City19(Day 3) -> City18(Day 4)"
8,25,535.0,625.0,0.0,3,0.0,true,"City16(Day 1) -> City4(Day 2) -> City14(Day 3)"
8,26,205.0,49.0,0.0,3,0.0,true,"City16(Day 5)"
8,27,198.0,9.0,0.0,3,0.0,true,"City7(Day 1)"
8,28,535.0,625.0,0.0,3,0.0,true,"City4(Day 1) -> City22(Day 3) -> City18(Day 5)"
8,29,454.0,576.0,0.0,3,0.0,true,"City16(Day 0) -> City18(Day 1) -> City14(Day 3)"
8,30,244.0,64.0,0.0,3,0.0,true,"City18(Day 2)"
8,31,322.0,256.0,0.0,3,0.0,true,"City14(Day 1) -> City16(Day 6)"
8,32,273.0,81.0,0.0,3,0.0,true,"City14(Day 5)"
8,33,429.0,529.0,0.0,3,0.0,true,"City18(Day 2) -> City22(Day 5) -> City16(Day 6)"
8,34,425.0,400.0,0.0,3,0.0,true,"City19(Day 2) -> City22(Day 3) -> City18(Day 4)"
8,35,201.0,16.0,0.0,3,0.0,true,"City25(Day 4)"
8,36,213.0,36.0,0.0,4,0.0,true,"City21(Day 5)"
8,37,219.0,49.0,0.0,4,0.0,true,"City15(Day 1)"
8,38,335.0,256.0,0.0,4,0.0,true,"City16(Day 0) -> City14(Day 3)"
8,39,330.0,144.0,0.0,4,0.0,true,"City19(Day 0) -> City18(Day 2)"
8,40,455.0,576.0,0.0,4,0.0,true,"City16(Day 1) -> City18(Day 2) -> City4(Day 3)"
8,41,374.0,361.0,0.0,4,0.0,true,"City19(Day 0) -> City16(Day 1) -> City18(Day 4)"
8,42,432.0,529.0,0.0,4,0.0,true,"City16(Day 2) -> City22(Day 3) -> City18(Day 4)"
8,43,206.0,16.0,0.0,4,0.0,true,"City25(Day 5)"
8,44,536.0,625.0,0.0,4,0.0,true,"City4(Day 0) -> City18(Day 3) -> City22(Day 5)"
8,45,284.0,81.0,0.0,4,0.0,true,"City14(Day 1)"
8,46,331.0,144.0,0.0,5,0.0,true,"City16(Day 0) -> City2(Day 5)"
8,47,341.0,225.0,0.0,5,0.0,true,"City16(Day 2) -> City18(Day 3)"
8,48,232.0,49.0,0.0,5,0.0,true,"City16(Day 2)"
8,49,336.0,169.0,0.0,5,0.0,true,"City21(Day 4) -> City16(Day 6)"
8,50,331.0,144.0,0.0,5,0.0,true,"City18(Day 2) -> City19(Day 6)"
8,51,376.0,361.0,0.0,5,0.0,true,"City19(Day 0) -> City16(Day 4) -> City18(Day 5)"
8,52,213.0,16.0,0.0,5,0.0,true,"City25(Day 2)"
8,53,446.0,529.0,0.0,5,0.0,true,"City16(Day 2) -> City18(Day 3) -> City22(Day 5)"
8,54,464.0,576.0,0.0,5,0.0,true,"City16(Day 1) -> City14(Day 3) -> City18(Day 5)"
8,55,347.0,256.0,0.0,5,0.0,true,"City22(Day 3) -> City18(Day 5)"
8,56,225.0,36.0,0.0,5,0.0,true,"City21(Day 2)"
8,57,339.0,196.0,0.0,5,0.0,true,"City18(Day 0) -> City24(Day 3)"
8,58,558.0,625.0,0.0,5,0.0,true,"City18(Day 2) -> City14(Day 3) -> City22(Day 5)"
8,59,432.0,484.0,0.0,5,0.0,true,"City16(Day 0) -> City18(Day 1) -> City15(Day 4)"
8,60,291.0,81.0,0.0,5,0.0,true,"City14(Day 4)"
8,61,209.0,9.0,0.0,5,0.0,true,"City7(Day 4)"
8,62,310.0,81.0,0.0,6,0.0,true,"City4(Day 6)"
8,63,456.0,529.0,0.0,6,0.0,true,"City24(Day 2) -> City14(Day 3) -> City18(Day 4)"
8,64,245.0,36.0,0.0,6,0.0,true,"City21(Day 4)"
8,65,390.0,361.0,0.0,6,0.0,true,"City16(Day 1) -> City19(Day 2) -> City18(Day 5)"
8,66,472.0,576.0,0.0,6,0.0,true,"City14(Day 1) -> City16(Day 2) -> City18(Day 5)"
8,67,366.0,256.0,0.0,6,0.0,true,"City18(Day 0) -> City22(Day 5)"
8,68,255.0,49.0,0.0,6,0.0,true,"City15(Day 4)"
8,69,432.0,400.0,0.0,6,0.0,true,"City18(Day 2) -> City19(Day 3) -> City22(Day 5)"
8,70,215.0,9.0,0.0,6,0.0,true,"City7(Day 3)"
8,71,240.0,16.0,0.0,6,0.0,true,"City1(Day 1)"
8,72,341.0,121.0,0.0,6,0.0,true,"City25(Day 5) -> City16(Day 6)"
8,73,342.0,225.0,0.0,6,0.0,true,"City18(Day 4) -> City16(Day 6)"
8,74,456.0,529.0,0.0,6,0.0,true,"City18(Day 2) -> City22(Day 3) -> City16(Day 6)"
8,75,566.0,625.0,0.0,6,0.0,true,"City16(Day 0) -> City14(Day 3) -> City4(Day 6)"
9,1,499.0,625.0,0.0,1,0.0,true,"City4(Day 1) -> City18(Day 3) -> City22(Day 5)"
9,2,367.0,441.0,0.0,1,0.0,true,"City16(Day 0) -> City18(Day 2) -> City24(Day 3)"
9,3,356.0,289.0,0.0,1,0.0,true,"City14(Day 1) -> City18(Day 3)"
9,4,253.0,81.0,0.0,1,0.0,true,"City4(Day 2)"
9,5,154.0,49.0,0.0,1,0.0,true,"City16(Day 6)"
9,6,392.0,529.0,0.0,1,0.0,true,"City16(Day 1) -> City18(Day 2) -> City22(Day 5)"
9,7,136.0,16.0,0.0,1,0.0,true,"City19(Day 3)"
9,8,165.0,64.0,0.0,1,0.0,true,"City18(Day 4)"
9,9,309.0,256.0,0.0,1,0.0,true,"City22(Day 3) -> City18(Day 4)"
9,10,274.0,225.0,0.0,1,0.0,true,"City16(Day 2) -> City18(Day 4)"
9,11,437.0,576.0,0.0,1,0.0,true,"City4(Day 2) -> City16(Day 4) -> City18(Day 5)"
9,12,360.0,361.0,0.0,1,0.0,true,"City16(Day 1) -> City18(Day 2) -> City19(Day 3)"
9,13,168.0,49.0,0.0,2,0.0,true,"City16(Day 1)"
9,14,445.0,576.0,0.0,2,0.0,true,"City14(Day 1) -> City16(Day 3) -> City18(Day 5)"
9,15,315.0,256.0,0.0,2,0.0,true,"City18(Day 2) -> City22(Day 5)"
9,16,297.0,225.0,0.0,2,0.0,true,"City22(Day 4) -> City16(Day 6)"
9,17,234.0,64.0,0.0,2,0.0,true,"City18(Day 0)"
9,18,362.0,361.0,0.0,2,0.0,true,"City19(Day 0) -> City16(Day 3) -> City18(Day 5)"
9,19,534.0,625.0,0.0,2,0.0,true,"City4(Day 0) -> City22(Day 3) -> City18(Day 4)"
9,20,414.0,529.0,0.0,2,0.0,true,"City16(Day 1) -> City18(Day 2) -> City22(Day 6)"
9,21,375.0,441.0,0.0,2,0.0,true,"City16(Day 0) -> City18(Day 4) -> City24(Day 6)"
9,22,265.0,81.0,0.0,2,0.0,true,"City14(Day 3)"
9,23,200.0,49.0,0.0,3,0.0,true,"City16(Day 0)"
9,24,181.0,16.0,0.0,3,0.0,true,"City19(Day 0)"
9,25,412.0,400.0,0.0,3,0.0,true,"City18(Day 2) -> City19(Day 3) -> City22(Day 6)"
9,26,322.0,256.0,0.0,3,0.0,true,"City14(Day 1) -> City16(Day 6)"
9,27,240.0,64.0,0.0,3,0.0,true,"City18(Day 3)"
9,28,366.0,361.0,0.0,3,0.0,true,"City16(Day 1) -> City19(Day 3) -> City18(Day 4)"
9,29,300.0,144.0,0.0,3,0.0,true,"City19(Day 0) -> City18(Day 3)"
9,30,419.0,529.0,0.0,3,0.0,true,"City16(Day 2) -> City18(Day 4) -> City22(Day 5)"
9,31,450.0,576.0,0.0,3,0.0,true,"City4(Day 1) -> City16(Day 4) -> City18(Day 5)"
9,32,194.0,36.0,0.0,3,0.0,true,"City24(Day 1)"
9,33,306.0,225.0,0.0,3,0.0,true,"City16(Day 0) -> City18(Day 3)"
9,34,273.0,81.0,0.0,3,0.0,true,"City14(Day 5)"
9,35,322.0,256.0,0.0,3,0.0,true,"City14(Day 4) -> City16(Day 6)"
9,36,535.0,625.0,0.0,3,0.0,true,"City16(Day 1) -> City4(Day 2) -> City14(Day 3)"
9,37,535.0,625.0,0.0,3,0.0,true,"City4(Day 1) -> City22(Day 3) -> City18(Day 5)"
9,38,316.0,225.0,0.0,4,0.0,true,"City18(Day 4) -> City16(Day 5)"
9,39,198.0,9.0,0.0,4,0.0,true,"City7(Day 1)"
9,40,205.0,49.0,0.0,4,0.0,true,"City16(Day 5)"
9,41,454.0,576.0,0.0,4,0.0,true,"City16(Day 0) -> City18(Day 1) -> City14(Day 3)"
9,42,244.0,64.0,0.0,4,0.0,true,"City18(Day 2)"
9,43,425.0,400.0,0.0,4,0.0,true,"City19(Day 2) -> City22(Day 3) -> City18(Day 4)"
9,44,335.0,256.0,0.0,4,0.0,true,"City16(Day 0) -> City14(Day 3)"
9,45,536.0,625.0,0.0,4,0.0,true,"City4(Day 0) -> City18(Day 3) -> City22(Day 5)"
9,46,201.0,16.0,0.0,4,0.0,true,"City25(Day 4)"
9,47,367.0,361.0,0.0,4,0.0,true,"City16(Day 1) -> City19(Day 2) -> City22(Day 6)"
9,48,284.0,81.0,0.0,4,0.0,true,"City14(Day 1)"
9,49,429.0,529.0,0.0,4,0.0,true,"City18(Day 2) -> City22(Day 5) -> City16(Day 6)"
9,50,558.0,625.0,0.0,5,0.0,true,"City18(Day 2) -> City14(Day 3) -> City22(Day 5)"
9,51,206.0,16.0,0.0,5,0.0,true,"City25(Day 5)"
9,52,291.0,81.0,0.0,5,0.0,true,"City14(Day 4)"
9,53,219.0,49.0,0.0,5,0.0,true,"City15(Day 1)"
9,54,455.0,576.0,0.0,5,0.0,true,"City16(Day 1) -> City18(Day 2) -> City4(Day 3)"
9,55,321.0,225.0,0.0,5,0.0,true,"City18(Day 2) -> City16(Day 5)"
9,56,347.0,256.0,0.0,5,0.0,true,"City22(Day 3) -> City18(Day 5)"
9,57,213.0,36.0,0.0,5,0.0,true,"City21(Day 5)"
9,58,374.0,361.0,0.0,5,0.0,true,"City19(Day 0) -> City16(Day 1) -> City18(Day 4)"
9,59,432.0,529.0,0.0,5,0.0,true,"City16(Day 2) -> City22(Day 3) -> City18(Day 4)"
9,60,321.0,225.0,0.0,5,0.0,true,"City16(Day 1) -> City18(Day 2)"
9,61,432.0,484.0,0.0,6,0.0,true,"City16(Day 0) -> City18(Day 1) -> City15(Day 4)"
9,62,464.0,576.0,0.0,6,0.0,true,"City16(Day 1) -> City14(Day 3) -> City18(Day 5)"
9,63,339.0,196.0,0.0,6,0.0,true,"City18(Day 0) -> City24(Day 3)"
9,64,341.0,225.0,0.0,6,0.0,true,"City16(Day 2) -> City18(Day 3)"
9,65,310.0,81.0,0.0,6,0.0,true,"City4(Day 6)"
9,66,232.0,49.0,0.0,6,0.0,true,"City16(Day 2)"
9,67,366.0,256.0,0.0,6,0.0,true,"City18(Day 0) -> City22(Day 5)"
9,68,376.0,361.0,0.0,6,0.0,true,"City19(Day 0) -> City16(Day 4) -> City18(Day 5)"
9,69,330.0,144.0,0.0,6,0.0,true,"City19(Day 0) -> City18(Day 2)"
9,70,446.0,529.0,0.0,6,0.0,true,"City16(Day 2) -> City18(Day 3) -> City22(Day 5)"
9,71,213.0,16.0,0.0,6,0.0,true,"City25(Day 2)"
9,72,225.0,36.0,0.0,6,0.0,true,"City21(Day 2)"
9,73,209.0,9.0,0.0,6,0.0,true,"City7(Day 4)"
9,74,336.0,169.0,0.0,6,0.0,true,"City21(Day 4) -> City16(Day 6)"
9,75,566.0,625.0,0.0,6,0.0,true,"City16(Day 0) -> City14(Day 3) -> City4(Day 6)"
10,1,309.0,256.0,0.0,1,0.0,true,"City22(Day 3) -> City18(Day 4)"
10,2,343.0,289.0,0.0,1,0.0,true,"City14(Day 1) -> City18(Day 4)"
10,3,360.0,361.0,0.0,1,0.0,true,"City16(Day 1) -> City18(Day 2) -> City19(Day 3)"
10,4,154.0,49.0,0.0,1,0.0,true,"City16(Day 6)"
10,5,543.0,676.0,0.0,1,0.0,true,"City14(Day 1) -> City4(Day 4) -> City18(Day 5)"
10,6,392.0,529.0,0.0,1,0.0,true,"City16(Day 1) -> City18(Day 2) -> City22(Day 5)"
10,7,165.0,64.0,0.0,1,0.0,true,"City18(Day 4)"
10,8,136.0,16.0,0.0,1,0.0,true,"City19(Day 3)"
10,9,426.0,576.0,0.0,1,0.0,true,"City4(Day 2) -> City16(Day 3) -> City18(Day 5)"
10,10,367.0,441.0,0.0,1,0.0,true,"City16(Day 0) -> City18(Day 2) -> City24(Day 3)"
10,11,237.0,225.0,0.0,1,0.0,true,"City16(Day 1) -> City18(Day 4)"
10,12,499.0,625.0,0.0,1,0.0,true,"City4(Day 1) -> City18(Day 3) -> City22(Day 5)"
10,13,168.0,49.0,0.0,2,0.0,true,"City16(Day 1)"
10,14,534.0,625.0,0.0,2,0.0,true,"City4(Day 0) -> City22(Day 3) -> City18(Day 4)"
10,15,437.0,576.0,0.0,2,0.0,true,"City4(Day 2) -> City16(Day 4) -> City18(Day 5)"
10,16,362.0,361.0,0.0,2,0.0,true,"City19(Day 0) -> City16(Day 3) -> City18(Day 5)"
10,17,253.0,81.0,0.0,2,0.0,true,"City4(Day 2)"
10,18,375.0,441.0,0.0,2,0.0,true,"City16(Day 0) -> City18(Day 4) -> City24(Day 6)"
10,19,395.0,529.0,0.0,2,0.0,true,"City16(Day 1) -> City22(Day 3) -> City18(Day 4)"
10,20,234.0,64.0,0.0,2,0.0,true,"City18(Day 0)"
10,21,315.0,256.0,0.0,2,0.0,true,"City18(Day 2) -> City22(Day 5)"
10,22,356.0,289.0,0.0,2,0.0,true,"City14(Day 1) -> City18(Day 3)"
10,23,260.0,225.0,0.0,2,0.0,true,"City16(Day 0) -> City18(Day 5)"
10,24,322.0,256.0,0.0,3,0.0,true,"City14(Day 1) -> City16(Day 6)"
10,25,445.0,576.0,0.0,3,0.0,true,"City14(Day 1) -> City16(Day 3) -> City18(Day 5)"
10,26,274.0,225.0,0.0,3,0.0,true,"City16(Day 2) -> City18(Day 4)"
10,27,240.0,64.0,0.0,3,0.0,true,"City18(Day 3)"
10,28,535.0,625.0,0.0,3,0.0,true,"City4(Day 1) -> City22(Day 3) -> City18(Day 5)"
10,29,181.0,16.0,0.0,3,0.0,true,"City19(Day 0)"
10,30,406.0,529.0,0.0,3,0.0,true,"City16(Day 0) -> City18(Day 4) -> City22(Day 6)"
10,31,322.0,256.0,0.0,3,0.0,true,"City14(Day 4) -> City16(Day 6)"
10,32,535.0,625.0,0.0,3,0.0,true,"City16(Day 1) -> City4(Day 2) -> City14(Day 3)"
10,33,197.0,49.0,0.0,3,0.0,true,"City16(Day 4)"
10,34,366.0,361.0,0.0,3,0.0,true,"City16(Day 1) -> City19(Day 3) -> City18(Day 4)"
10,35,194.0,36.0,0.0,3,0.0,true,"City24(Day 1)"
10,36,265.0,81.0,0.0,3,0.0,true,"City14(Day 3)"
10,37,450.0,576.0,0.0,4,0.0,true,"City4(Day 1) -> City16(Day 4) -> City18(Day 5)"
10,38,335.0,256.0,0.0,4,0.0,true,"City16(Day 0) -> City14(Day 3)"
10,39,198.0,9.0,0.0,4,0.0,true,"City7(Day 1)"
10,40,244.0,64.0,0.0,4,0.0,true,"City18(Day 2)"
10,41,536.0,625.0,0.0,4,0.0,true,"City4(Day 0) -> City18(Day 3) -> City22(Day 5)"
10,42,200.0,49.0,0.0,4,0.0,true,"City16(Day 0)"
10,43,283.0,225.0,0.0,4,0.0,true,"City22(Day 5) -> City16(Day 6)"
10,44,414.0,529.0,0.0,4,0.0,true,"City16(Day 1) -> City18(Day 2) -> City22(Day 6)"
10,45,367.0,361.0,0.0,4,0.0,true,"City16(Day 1) -> City19(Day 2) -> City22(Day 6)"
10,46,410.0,441.0,0.0,4,0.0,true,"City18(Day 0) -> City16(Day 1) -> City24(Day 3)"
10,47,273.0,81.0,0.0,4,0.0,true,"City14(Day 5)"
10,48,454.0,576.0,0.0,5,0.0,true,"City16(Day 0) -> City18(Day 1) -> City14(Day 3)"
10,49,347.0,256.0,0.0,5,0.0,true,"City22(Day 3) -> City18(Day 5)"
10,50,284.0,81.0,0.0,5,0.0,true,"City14(Day 1)"
10,51,368.0,361.0,0.0,5,0.0,true,"City16(Day 0) -> City19(Day 3) -> City18(Day 4)"
10,52,419.0,529.0,0.0,5,0.0,true,"City16(Day 2) -> City18(Day 4) -> City22(Day 5)"
10,53,201.0,16.0,0.0,5,0.0,true,"City25(Day 4)"
10,54,294.0,225.0,0.0,5,0.0,true,"City22(Day 3) -> City16(Day 5)"
10,55,205.0,49.0,0.0,5,0.0,true,"City16(Day 5)"
10,56,547.0,625.0,0.0,5,0.0,true,"City4(Day 1) -> City22(Day 4) -> City18(Day 5)"
10,57,412.0,400.0,0.0,5,0.0,true,"City18(Day 2) -> City19(Day 3) -> City22(Day 6)"
10,58,554.0,625.0,0.0,6,0.0,true,"City18(Day 2) -> City22(Day 5) -> City4(Day 6)"
10,59,425.0,400.0,0.0,6,0.0,true,"City19(Day 2) -> City22(Day 3) -> City18(Day 4)"
10,60,291.0,81.0,0.0,6,0.0,true,"City14(Day 4)"
10,61,219.0,49.0,0.0,6,0.0,true,"City15(Day 1)"
10,62,352.0,256.0,0.0,6,0.0,true,"City22(Day 4) -> City18(Day 5)"
10,63,374.0,361.0,0.0,6,0.0,true,"City19(Day 0) -> City16(Day 1) -> City18(Day 4)"
10,64,455.0,576.0,0.0,6,0.0,true,"City16(Day 1) -> City18(Day 2) -> City4(Day 3)"
10,65,429.0,529.0,0.0,6,0.0,true,"City18(Day 2) -> City22(Day 5) -> City16(Day 6)"
10,66,297.0,225.0,0.0,6,0.0,true,"City22(Day 4) -> City16(Day 6)"
10,67,213.0,36.0,0.0,6,0.0,true,"City21(Day 5)"
10,68,206.0,16.0,0.0,6,0.0,true,"City25(Day 5)"
10,69,209.0,9.0,0.0,7,0.0,true,"City7(Day 4)"
10,70,376.0,361.0,0.0,7,0.0,true,"City19(Day 0) -> City16(Day 4) -> City18(Day 5)"
10,71,232.0,49.0,0.0,7,0.0,true,"City16(Day 2)"
10,72,306.0,225.0,0.0,7,0.0,true,"City16(Day 0) -> City18(Day 3)"
10,73,464.0,576.0,0.0,7,0.0,true,"City16(Day 1) -> City14(Day 3) -> City18(Day 5)"
10,74,213.0,16.0,0.0,7,0.0,true,"City25(Day 2)"
10,75,558.0,625.0,0.0,7,0.0,true,"City18(Day 2) -> City14(Day 3) -> City22(Day 5)"
11,1,343.0,289.0,0.0,1,0.0,true,"City14(Day 1) -> City18(Day 4)"
11,2,154.0,49.0,0.0,1,0.0,true,"City16(Day 6)"
11,3,367.0,441.0,0.0,1,0.0,true,"City16(Day 0) -> City18(Day 2) -> City24(Day 3)"
11,4,236.0,121.0,0.0,1,0.0,true,"City16(Day 0) -> City19(Day 3)"
11,5,384.0,529.0,0.0,1,0.0,true,"City16(Day 0) -> City18(Day 4) -> City22(Day 5)"
11,6,165.0,64.0,0.0,1,0.0,true,"City18(Day 4)"
11,7,360.0,361.0,0.0,1,0.0,true,"City16(Day 1) -> City18(Day 2) -> City19(Day 3)"
11,8,499.0,625.0,0.0,1,0.0,true,"City4(Day 1) -> City18(Day 3) -> City22(Day 5)"
11,9,237.0,225.0,0.0,1,0.0,true,"City16(Day 1) -> City18(Day 4)"
11,10,309.0,256.0,0.0,1,0.0,true,"City22(Day 3) -> City18(Day 4)"
11,11,426.0,576.0,0.0,1,0.0,true,"City4(Day 2) -> City16(Day 3) -> City18(Day 5)"
11,12,136.0,16.0,0.0,1,0.0,true,"City19(Day 3)"
11,13,543.0,676.0,0.0,1,0.0,true,"City14(Day 1) -> City4(Day 4) -> City18(Day 5)"
11,14,315.0,256.0,0.0,2,0.0,true,"City18(Day 2) -> City22(Day 5)"
11,15,168.0,49.0,0.0,2,0.0,true,"City16(Day 1)"
11,16,392.0,529.0,0.0,2,0.0,true,"City16(Day 1) -> City18(Day 2) -> City22(Day 5)"
11,17,169.0,64.0,0.0,2,0.0,true,"City22(Day 5)"
11,18,534.0,625.0,0.0,2,0.0,true,"City4(Day 0) -> City22(Day 3) -> City18(Day 4)"
11,19,356.0,289.0,0.0,2,0.0,true,"City14(Day 1) -> City18(Day 3)"
11,20,375.0,441.0,0.0,2,0.0,true,"City16(Day 0) -> City18(Day 4) -> City24(Day 6)"
11,21,362.0,361.0,0.0,2,0.0,true,"City19(Day 0) -> City16(Day 3) -> City18(Day 5)"
11,22,253.0,81.0,0.0,2,0.0,true,"City4(Day 2)"
11,23,436.0,576.0,0.0,2,0.0,true,"City16(Day 0) -> City14(Day 1) -> City18(Day 3)"
11,24,258.0,225.0,0.0,2,0.0,true,"City16(Day 1) -> City18(Day 5)"
11,25,322.0,256.0,0.0,3,0.0,true,"City14(Day 1) -> City16(Day 6)"
11,26,535.0,625.0,0.0,3,0.0,true,"City16(Day 1) -> City4(Day 2) -> City14(Day 3)"
11,27,395.0,529.0,0.0,3,0.0,true,"City16(Day 1) -> City22(Day 3) -> City18(Day 4)"
11,28,197.0,49.0,0.0,3,0.0,true,"City16(Day 4)"
11,29,535.0,625.0,0.0,3,0.0,true,"City4(Day 1) -> City22(Day 3) -> City18(Day 5)"
11,30,194.0,36.0,0.0,3,0.0,true,"City24(Day 1)"
11,31,366.0,361.0,0.0,3,0.0,true,"City16(Day 1) -> City19(Day 3) -> City18(Day 4)"
11,32,230.0,64.0,0.0,3,0.0,true,"City18(Day 1)"
11,33,437.0,576.0,0.0,3,0.0,true,"City4(Day 2) -> City16(Day 4) -> City18(Day 5)"
11,34,260.0,225.0,0.0,3,0.0,true,"City16(Day 0) -> City18(Day 5)"
11,35,181.0,16.0,0.0,3,0.0,true,"City19(Day 0)"
11,36,322.0,256.0,0.0,3,0.0,true,"City14(Day 4) -> City16(Day 6)"
11,37,367.0,361.0,0.0,4,0.0,true,"City16(Day 1) -> City19(Day 2) -> City22(Day 6)"
11,38,265.0,81.0,0.0,4,0.0,true,"City14(Day 3)"
11,39,200.0,49.0,0.0,4,0.0,true,"City16(Day 0)"
11,40,536.0,625.0,0.0,4,0.0,true,"City4(Day 0) -> City18(Day 3) -> City22(Day 5)"
11,41,335.0,256.0,0.0,4,0.0,true,"City16(Day 0) -> City14(Day 3)"
11,42,274.0,225.0,0.0,4,0.0,true,"City16(Day 2) -> City18(Day 4)"
11,43,188.0,16.0,0.0,4,0.0,true,"City19(Day 6)"
11,44,445.0,576.0,0.0,4,0.0,true,"City14(Day 1) -> City16(Day 3) -> City18(Day 5)"
11,45,234.0,64.0,0.0,4,0.0,true,"City18(Day 0)"
11,46,406.0,529.0,0.0,4,0.0,true,"City16(Day 0) -> City18(Day 4) -> City22(Day 6)"
11,47,283.0,225.0,0.0,5,0.0,true,"City22(Day 5) -> City16(Day 6)"
11,48,198.0,9.0,0.0,5,0.0,true,"City7(Day 1)"
11,49,368.0,361.0,0.0,5,0.0,true,"City16(Day 0) -> City19(Day 3) -> City18(Day 4)"
11,50,201.0,16.0,0.0,5,0.0,true,"City25(Day 4)"
11,51,450.0,576.0,0.0,5,0.0,true,"City4(Day 1) -> City16(Day 4) -> City18(Day 5)"
11,52,547.0,625.0,0.0,5,0.0,true,"City4(Day 1) -> City22(Day 4) -> City18(Day 5)"
11,53,205.0,49.0,0.0,5,0.0,true,"City16(Day 5)"
11,54,240.0,64.0,0.0,5,0.0,true,"City18(Day 3)"
11,55,273.0,81.0,0.0,5,0.0,true,"City14(Day 5)"
11,56,410.0,441.0,0.0,5,0.0,true,"City18(Day 0) -> City16(Day 1) -> City24(Day 3)"
11,57,347.0,256.0,0.0,5,0.0,true,"City22(Day 3) -> City18(Day 5)"
11,58,414.0,529.0,0.0,5,0.0,true,"City16(Day 1) -> City18(Day 2) -> City22(Day 6)"
11,59,374.0,361.0,0.0,6,0.0,true,"City19(Day 0) -> City16(Day 1) -> City18(Day 4)"
11,60,419.0,529.0,0.0,6,0.0,true,"City16(Day 2) -> City18(Day 4) -> City22(Day 5)"
11,61,284.0,81.0,0.0,6,0.0,true,"City14(Day 1)"
11,62,454.0,576.0,0.0,6,0.0,true,"City16(Day 0) -> City18(Day 1) -> City14(Day 3)"
11,63,244.0,64.0,0.0,6,0.0,true,"City18(Day 2)"
11,64,213.0,36.0,0.0,6,0.0,true,"City21(Day 5)"
11,65,352.0,256.0,0.0,6,0.0,true,"City22(Day 4) -> City18(Day 5)"
11,66,206.0,16.0,0.0,6,0.0,true,"City25(Day 5)"
11,67,219.0,49.0,0.0,6,0.0,true,"City15(Day 1)"
11,68,548.0,625.0,0.0,6,0.0,true,"City16(Day 0) -> City14(Day 1) -> City4(Day 2)"
11,69,294.0,225.0,0.0,6,0.0,true,"City22(Day 3) -> City16(Day 5)"
11,70,412.0,400.0,0.0,6,0.0,true,"City18(Day 2) -> City19(Day 3) -> City22(Day 6)"
11,71,291.0,81.0,0.0,7,0.0,true,"City14(Day 4)"
11,72,425.0,400.0,0.0,7,0.0,true,"City19(Day 2) -> City22(Day 3) -> City18(Day 4)"
11,73,297.0,225.0,0.0,7,0.0,true,"City22(Day 4) -> City16(Day 6)"
11,74,429.0,529.0,0.0,7,0.0,true,"City18(Day 2) -> City22(Day 5) -> City16(Day 6)"
11,75,455.0,576.0,0.0,7,0.0,true,"City16(Day 1) -> City18(Day 2) -> City4(Day 3)"
12,1,237.0,225.0,0.0,1,0.0,true,"City16(Day 1) -> City18(Day 4)"
12,2,136.0,16.0,0.0,1,0.0,true,"City19(Day 3)"
12,3,154.0,49.0,0.0,1,0.0,true,"City16(Day 6)"
12,4,426.0,576.0,0.0,1,0.0,true,"City4(Day 2) -> City16(Day 3) -> City18(Day 5)"
12,5,165.0,64.0,0.0,1,0.0,true,"City18(Day 4)"
12,6,499.0,625.0,0.0,1,0.0,true,"City4(Day 1) -> City18(Day 3) -> City22(Day 5)"
12,7,384.0,529.0,0.0,1,0.0,true,"City16(Day 0) -> City18(Day 4) -> City22(Day 5)"
12,8,236.0,121.0,0.0,1,0.0,true,"City16(Day 0) -> City19(Day 3)"
12,9,343.0,289.0,0.0,1,0.0,true,"City14(Day 1) -> City18(Day 4)"
12,10,309.0,256.0,0.0,1,0.0,true,"City22(Day 3) -> City18(Day 4)"
12,11,543.0,676.0,0.0,1,0.0,true,"City14(Day 1) -> City4(Day 4) -> City18(Day 5)"
12,12,346.0,441.0,0.0,1,0.0,true,"City16(Day 1) -> City24(Day 3) -> City18(Day 4)"
12,13,367.0,441.0,0.0,2,0.0,true,"City16(Day 0) -> City18(Day 2) -> City24(Day 3)"
12,14,436.0,576.0,0.0,2,0.0,true,"City16(Day 0) -> City14(Day 1) -> City18(Day 3)"
12,15,534.0,625.0,0.0,2,0.0,true,"City4(Day 0) -> City22(Day 3) -> City18(Day 4)"
12,16,169.0,64.0,0.0,2,0.0,true,"City22(Day 5)"
12,17,239.0,225.0,0.0,2,0.0,true,"City16(Day 0) -> City18(Day 4)"
12,18,386.0,529.0,0.0,2,0.0,true,"City16(Day 0) -> City22(Day 2) -> City18(Day 4)"
12,19,360.0,361.0,0.0,2,0.0,true,"City16(Day 1) -> City18(Day 2) -> City19(Day 3)"
12,20,315.0,256.0,0.0,2,0.0,true,"City18(Day 2) -> City22(Day 5)"
12,21,168.0,49.0,0.0,2,0.0,true,"City16(Day 1)"
12,22,356.0,289.0,0.0,2,0.0,true,"City14(Day 1) -> City18(Day 3)"
12,23,322.0,256.0,0.0,3,0.0,true,"City14(Day 1) -> City16(Day 6)"
12,24,375.0,441.0,0.0,3,0.0,true,"City16(Day 0) -> City18(Day 4) -> City24(Day 6)"
12,25,535.0,625.0,0.0,3,0.0,true,"City4(Day 1) -> City22(Day 3) -> City18(Day 5)"
12,26,362.0,361.0,0.0,3,0.0,true,"City19(Day 0) -> City16(Day 3) -> City18(Day 5)"
12,27,194.0,36.0,0.0,3,0.0,true,"City24(Day 1)"
12,28,392.0,529.0,0.0,3,0.0,true,"City16(Day 1) -> City18(Day 2) -> City22(Day 5)"
12,29,258.0,225.0,0.0,3,0.0,true,"City16(Day 1) -> City18(Day 5)"
12,30,197.0,49.0,0.0,3,0.0,true,"City16(Day 4)"
12,31,181.0,16.0,0.0,3,0.0,true,"City19(Day 0)"
12,32,322.0,256.0,0.0,3,0.0,true,"City14(Day 4) -> City16(Day 6)"
12,33,253.0,81.0,0.0,3,0.0,true,"City4(Day 2)"
12,34,535.0,625.0,0.0,3,0.0,true,"City16(Day 1) -> City4(Day 2) -> City14(Day 3)"
12,35,230.0,64.0,0.0,3,0.0,true,"City18(Day 1)"
12,36,437.0,576.0,0.0,3,0.0,true,"City4(Day 2) -> City16(Day 4) -> City18(Day 5)"
12,37,260.0,225.0,0.0,4,0.0,true,"City16(Day 0) -> City18(Day 5)"
12,38,366.0,361.0,0.0,4,0.0,true,"City16(Day 1) -> City19(Day 3) -> City18(Day 4)"
12,39,445.0,576.0,0.0,4,0.0,true,"City14(Day 1) -> City16(Day 3) -> City18(Day 5)"
12,40,200.0,49.0,0.0,4,0.0,true,"City16(Day 0)"
12,41,383.0,441.0,0.0,4,0.0,true,"City16(Day 2) -> City24(Day 3) -> City18(Day 4)"
12,42,234.0,64.0,0.0,4,0.0,true,"City18(Day 0)"
12,43,335.0,256.0,0.0,4,0.0,true,"City16(Day 0) -> City14(Day 3)"
12,44,536.0,625.0,0.0,4,0.0,true,"City4(Day 0) -> City18(Day 3) -> City22(Day 5)"
12,45,395.0,529.0,0.0,4,0.0,true,"City16(Day 1) -> City22(Day 3) -> City18(Day 4)"
12,46,188.0,16.0,0.0,4,0.0,true,"City19(Day 6)"
12,47,450.0,576.0,0.0,5,0.0,true,"City4(Day 1) -> City16(Day 4) -> City18(Day 5)"
12,48,198.0,9.0,0.0,5,0.0,true,"City7(Day 1)"
12,49,367.0,361.0,0.0,5,0.0,true,"City16(Day 1) -> City19(Day 2) -> City22(Day 6)"
12,50,205.0,49.0,0.0,5,0.0,true,"City16(Day 5)"
12,51,265.0,81.0,0.0,5,0.0,true,"City14(Day 3)"
12,52,547.0,625.0,0.0,5,0.0,true,"City4(Day 1) -> City22(Day 4) -> City18(Day 5)"
12,53,240.0,64.0,0.0,5,0.0,true,"City18(Day 3)"
12,54,347.0,256.0,0.0,5,0.0,true,"City22(Day 3) -> City18(Day 5)"
12,55,406.0,529.0,0.0,5,0.0,true,"City16(Day 0) -> City18(Day 4) -> City22(Day 6)"
12,56,274.0,225.0,0.0,5,0.0,true,"City16(Day 2) -> City18(Day 4)"
12,57,269.0,121.0,0.0,5,0.0,true,"City19(Day 3) -> City16(Day 5)"
12,58,201.0,16.0,0.0,5,0.0,true,"City25(Day 4)"
12,59,219.0,49.0,0.0,6,0.0,true,"City15(Day 1)"
12,60,454.0,576.0,0.0,6,0.0,true,"City16(Day 0) -> City18(Day 1) -> City14(Day 3)"
12,61,206.0,16.0,0.0,6,0.0,true,"City25(Day 5)"
12,62,352.0,256.0,0.0,6,0.0,true,"City22(Day 4) -> City18(Day 5)"
12,63,213.0,36.0,0.0,6,0.0,true,"City21(Day 5)"
12,64,244.0,64.0,0.0,6,0.0,true,"City18(Day 2)"
12,65,410.0,441.0,0.0,6,0.0,true,"City18(Day 0) -> City16(Day 1) -> City24(Day 3)"
12,66,283.0,225.0,0.0,6,0.0,true,"City22(Day 5) -> City16(Day 6)"
12,67,368.0,361.0,0.0,6,0.0,true,"City16(Day 0) -> City19(Day 3) -> City18(Day 4)"
12,68,414.0,529.0,0.0,6,0.0,true,"City16(Day 1) -> City18(Day 2) -> City22(Day 6)"
12,69,273.0,81.0,0.0,6,0.0,true,"City14(Day 5)"
12,70,548.0,625.0,0.0,6,0.0,true,"City16(Day 0) -> City14(Day 1) -> City4(Day 2)"
12,71,419.0,529.0,0.0,7,0.0,true,"City16(Day 2) -> City18(Day 4) -> City22(Day 5)"
12,72,455.0,576.0,0.0,7,0.0,true,"City16(Day 1) -> City18(Day 2) -> City4(Day 3)"
12,73,284.0,81.0,0.0,7,0.0,true,"City14(Day 1)"
12,74,412.0,400.0,0.0,7,0.0,true,"City18(Day 2) -> City19(Day 3) -> City22(Day 6)"
12,75,363.0,256.0,0.0,7,0.0,true,"City4(Day 2) -> City16(Day 4)"
13,1,346.0,441.0,0.0,1,0.0,true,"City16(Day 1) -> City24(Day 3) -> City18(Day 4)"
13,2,499.0,625.0,0.0,1,0.0,true,"City4(Day 1) -> City18(Day 3) -> City22(Day 5)"
13,3,237.0,225.0,0.0,1,0.0,true,"City16(Day 1) -> City18(Day 4)"
13,4,165.0,64.0,0.0,1,0.0,true,"City18(Day 4)"
13,5,154.0,49.0,0.0,1,0.0,true,"City16(Day 6)"
13,6,543.0,676.0,0.0,1,0.0,true,"City14(Day 1) -> City4(Day 4) -> City18(Day 5)"
13,7,236.0,121.0,0.0,1,0.0,true,"City16(Day 0) -> City19(Day 3)"
13,8,426.0,576.0,0.0,1,0.0,true,"City4(Day 2) -> City16(Day 3) -> City18(Day 5)"
13,9,136.0,16.0,0.0,1,0.0,true,"City19(Day 3)"
13,10,384.0,529.0,0.0,1,0.0,true,"City16(Day 0) -> City18(Day 4) -> City22(Day 5)"
13,11,309.0,256.0,0.0,1,0.0,true,"City22(Day 3) -> City18(Day 4)"
13,12,343.0,289.0,0.0,1,0.0,true,"City14(Day 1) -> City18(Day 4)"
13,13,169.0,64.0,0.0,2,0.0,true,"City22(Day 5)"
13,14,386.0,529.0,0.0,2,0.0,true,"City16(Day 0) -> City22(Day 2) -> City18(Day 4)"
13,15,239.0,225.0,0.0,2,0.0,true,"City16(Day 0) -> City18(Day 4)"
13,16,534.0,625.0,0.0,2,0.0,true,"City4(Day 0) -> City22(Day 3) -> City18(Day 4)"
13,17,168.0,49.0,0.0,2,0.0,true,"City16(Day 1)"
13,18,436.0,576.0,0.0,2,0.0,true,"City16(Day 0) -> City14(Day 1) -> City18(Day 3)"
13,19,356.0,289.0,0.0,2,0.0,true,"City14(Day 1) -> City18(Day 3)"
13,20,315.0,256.0,0.0,2,0.0,true,"City18(Day 2) -> City22(Day 5)"
13,21,360.0,361.0,0.0,2,0.0,true,"City16(Day 1) -> City18(Day 2) -> City19(Day 3)"
13,22,367.0,441.0,0.0,2,0.0,true,"City16(Day 0) -> City18(Day 2) -> City24(Day 3)"
13,23,322.0,256.0,0.0,3,0.0,true,"City14(Day 1) -> City16(Day 6)"
13,24,437.0,576.0,0.0,3,0.0,true,"City4(Day 2) -> City16(Day 4) -> City18(Day 5)"
13,25,230.0,64.0,0.0,3,0.0,true,"City18(Day 1)"
13,26,375.0,441.0,0.0,3,0.0,true,"City16(Day 0) -> City18(Day 4) -> City24(Day 6)"
13,27,362.0,361.0,0.0,3,0.0,true,"City19(Day 0) -> City16(Day 3) -> City18(Day 5)"
13,28,322.0,256.0,0.0,3,0.0,true,"City14(Day 4) -> City16(Day 6)"
13,29,258.0,225.0,0.0,3,0.0,true,"City16(Day 1) -> City18(Day 5)"
13,30,253.0,81.0,0.0,3,0.0,true,"City4(Day 2)"
13,31,535.0,625.0,0.0,3,0.0,true,"City4(Day 1) -> City22(Day 3) -> City18(Day 5)"
13,32,392.0,529.0,0.0,3,0.0,true,"City16(Day 1) -> City18(Day 2) -> City22(Day 5)"
13,33,181.0,16.0,0.0,3,0.0,true,"City19(Day 0)"
13,34,535.0,625.0,0.0,3,0.0,true,"City16(Day 1) -> City4(Day 2) -> City14(Day 3)"
13,35,197.0,49.0,0.0,3,0.0,true,"City16(Day 4)"
13,36,194.0,36.0,0.0,3,0.0,true,"City24(Day 1)"
13,37,188.0,16.0,0.0,4,0.0,true,"City19(Day 6)"
13,38,383.0,441.0,0.0,4,0.0,true,"City16(Day 2) -> City24(Day 3) -> City18(Day 4)"
13,39,366.0,361.0,0.0,4,0.0,true,"City16(Day 1) -> City19(Day 3) -> City18(Day 4)"
13,40,536.0,625.0,0.0,4,0.0,true,"City4(Day 0) -> City18(Day 3) -> City22(Day 5)"
13,41,260.0,225.0,0.0,4,0.0,true,"City16(Day 0) -> City18(Day 5)"
13,42,234.0,64.0,0.0,4,0.0,true,"City18(Day 0)"
13,43,445.0,576.0,0.0,4,0.0,true,"City14(Day 1) -> City16(Day 3) -> City18(Day 5)"
13,44,328.0,256.0,0.0,4,0.0,true,"City14(Day 5) -> City16(Day 6)"
13,45,200.0,49.0,0.0,4,0.0,true,"City16(Day 0)"
13,46,394.0,529.0,0.0,4,0.0,true,"City16(Day 0) -> City18(Day 2) -> City22(Day 5)"
13,47,274.0,225.0,0.0,5,0.0,true,"City16(Day 2) -> City18(Day 4)"
13,48,198.0,9.0,0.0,5,0.0,true,"City7(Day 1)"
13,49,395.0,529.0,0.0,5,0.0,true,"City16(Day 1) -> City22(Day 3) -> City18(Day 4)"
13,50,201.0,16.0,0.0,5,0.0,true,"City25(Day 4)"
13,51,205.0,49.0,0.0,5,0.0,true,"City16(Day 5)"
13,52,240.0,64.0,0.0,5,0.0,true,"City18(Day 3)"
13,53,547.0,625.0,0.0,5,0.0,true,"City4(Day 1) -> City22(Day 4) -> City18(Day 5)"
13,54,335.0,256.0,0.0,5,0.0,true,"City16(Day 0) -> City14(Day 3)"
13,55,450.0,576.0,0.0,5,0.0,true,"City4(Day 1) -> City16(Day 4) -> City18(Day 5)"
13,56,269.0,121.0,0.0,5,0.0,true,"City19(Day 3) -> City16(Day 5)"
13,57,367.0,361.0,0.0,5,0.0,true,"City16(Day 1) -> City19(Day 2) -> City22(Day 6)"
13,58,265.0,81.0,0.0,5,0.0,true,"City14(Day 3)"
13,59,273.0,81.0,0.0,6,0.0,true,"City14(Day 5)"
13,60,213.0,36.0,0.0,6,0.0,true,"City21(Day 5)"
13,61,454.0,576.0,0.0,6,0.0,true,"City16(Day 0) -> City18(Day 1) -> City14(Day 3)"
13,62,206.0,16.0,0.0,6,0.0,true,"City25(Day 5)"
13,63,347.0,256.0,0.0,6,0.0,true,"City22(Day 3) -> City18(Day 5)"
13,64,219.0,49.0,0.0,6,0.0,true,"City15(Day 1)"
13,65,244.0,64.0,0.0,6,0.0,true,"City18(Day 2)"
13,66,283.0,225.0,0.0,6,0.0,true,"City22(Day 5) -> City16(Day 6)"
13,67,548.0,625.0,0.0,6,0.0,true,"City16(Day 0) -> City14(Day 1) -> City4(Day 2)"
13,68,406.0,529.0,0.0,6,0.0,true,"City16(Day 0) -> City18(Day 4) -> City22(Day 6)"
13,69,368.0,361.0,0.0,6,0.0,true,"City16(Day 0) -> City19(Day 3) -> City18(Day 4)"
13,70,297.0,225.0,0.0,7,0.0,true,"City16(Day 0) -> City22(Day 5)"
13,71,284.0,81.0,0.0,7,0.0,true,"City14(Day 1)"
13,72,288.0,144.0,0.0,7,0.0,true,"City19(Day 3) -> City18(Day 5)"
13,73,352.0,256.0,0.0,7,0.0,true,"City22(Day 4) -> City18(Day 5)"
13,74,455.0,576.0,0.0,7,0.0,true,"City16(Day 1) -> City18(Day 2) -> City4(Day 3)"
13,75,410.0,441.0,0.0,7,0.0,true,"City18(Day 0) -> City16(Day 1) -> City24(Day 3)"
14,1,237.0,225.0,0.0,1,0.0,true,"City16(Day 1) -> City18(Day 4)"
14,2,136.0,16.0,0.0,1,0.0,true,"City19(Day 3)"
14,3,384.0,529.0,0.0,1,0.0,true,"City16(Day 0) -> City18(Day 4) -> City22(Day 5)"
14,4,346.0,441.0,0.0,1,0.0,true,"City16(Day 1) -> City24(Day 3) -> City18(Day 4)"
14,5,154.0,49.0,0.0,1,0.0,true,"City16(Day 6)"
14,6,499.0,625.0,0.0,1,0.0,true,"City4(Day 1) -> City18(Day 3) -> City22(Day 5)"
14,7,236.0,121.0,0.0,1,0.0,true,"City16(Day 0) -> City19(Day 3)"
14,8,309.0,256.0,0.0,1,0.0,true,"City22(Day 3) -> City18(Day 4)"
14,9,165.0,64.0,0.0,1,0.0,true,"City18(Day 4)"
14,10,426.0,576.0,0.0,1,0.0,true,"City4(Day 2) -> City16(Day 3) -> City18(Day 5)"
14,11,543.0,676.0,0.0,1,0.0,true,"City14(Day 1) -> City4(Day 4) -> City18(Day 5)"
14,12,341.0,361.0,0.0,1,0.0,true,"City19(Day 0) -> City16(Day 3) -> City18(Day 4)"
14,13,315.0,256.0,0.0,2,0.0,true,"City18(Day 2) -> City22(Day 5)"
14,14,239.0,225.0,0.0,2,0.0,true,"City16(Day 0) -> City18(Day 4)"
14,15,343.0,289.0,0.0,2,0.0,true,"City14(Day 1) -> City18(Day 4)"
14,16,436.0,576.0,0.0,2,0.0,true,"City16(Day 0) -> City14(Day 1) -> City18(Day 3)"
14,17,534.0,625.0,0.0,2,0.0,true,"City4(Day 0) -> City22(Day 3) -> City18(Day 4)"
14,18,169.0,64.0,0.0,2,0.0,true,"City22(Day 5)"
14,19,386.0,529.0,0.0,2,0.0,true,"City16(Day 0) -> City22(Day 2) -> City18(Day 4)"
14,20,367.0,441.0,0.0,2,0.0,true,"City16(Day 0) -> City18(Day 2) -> City24(Day 3)"
14,21,168.0,49.0,0.0,2,0.0,true,"City16(Day 1)"
14,22,360.0,361.0,0.0,2,0.0,true,"City16(Day 1) -> City18(Day 2) -> City19(Day 3)"
14,23,362.0,361.0,0.0,3,0.0,true,"City19(Day 0) -> City16(Day 3) -> City18(Day 5)"
14,24,322.0,256.0,0.0,3,0.0,true,"City14(Day 4) -> City16(Day 6)"
14,25,375.0,441.0,0.0,3,0.0,true,"City16(Day 0) -> City18(Day 4) -> City24(Day 6)"
14,26,230.0,64.0,0.0,3,0.0,true,"City18(Day 1)"
14,27,194.0,36.0,0.0,3,0.0,true,"City24(Day 1)"
14,28,392.0,529.0,0.0,3,0.0,true,"City16(Day 1) -> City18(Day 2) -> City22(Day 5)"
14,29,258.0,225.0,0.0,3,0.0,true,"City16(Day 1) -> City18(Day 5)"
14,30,197.0,49.0,0.0,3,0.0,true,"City16(Day 4)"
14,31,253.0,81.0,0.0,3,0.0,true,"City4(Day 2)"
14,32,181.0,16.0,0.0,3,0.0,true,"City19(Day 0)"
14,33,535.0,625.0,0.0,3,0.0,true,"City16(Day 1) -> City4(Day 2) -> City14(Day 3)"
14,34,437.0,576.0,0.0,3,0.0,true,"City4(Day 2) -> City16(Day 4) -> City18(Day 5)"
14,35,322.0,256.0,0.0,3,0.0,true,"City14(Day 1) -> City16(Day 6)"
14,36,356.0,289.0,0.0,3,0.0,true,"City14(Day 1) -> City18(Day 3)"
14,37,535.0,625.0,0.0,3,0.0,true,"City4(Day 1) -> City22(Day 3) -> City18(Day 5)"
14,38,366.0,361.0,0.0,4,0.0,true,"City16(Day 1) -> City19(Day 3) -> City18(Day 4)"
14,39,328.0,256.0,0.0,4,0.0,true,"City14(Day 5) -> City16(Day 6)"
14,40,260.0,225.0,0.0,4,0.0,true,"City16(Day 0) -> City18(Day 5)"
14,41,383.0,441.0,0.0,4,0.0,true,"City16(Day 2) -> City24(Day 3) -> City18(Day 4)"
14,42,445.0,576.0,0.0,4,0.0,true,"City14(Day 1) -> City16(Day 3) -> City18(Day 5)"
14,43,234.0,64.0,0.0,4,0.0,true,"City18(Day 0)"
14,44,200.0,49.0,0.0,4,0.0,true,"City16(Day 0)"
14,45,536.0,625.0,0.0,4,0.0,true,"City4(Day 0) -> City18(Day 3) -> City22(Day 5)"
14,46,188.0,16.0,0.0,4,0.0,true,"City19(Day 6)"
14,47,394.0,529.0,0.0,4,0.0,true,"City16(Day 0) -> City18(Day 2) -> City22(Day 5)"
14,48,265.0,81.0,0.0,5,0.0,true,"City14(Day 3)"
14,49,335.0,256.0,0.0,5,0.0,true,"City16(Day 0) -> City14(Day 3)"
14,50,367.0,361.0,0.0,5,0.0,true,"City16(Day 1) -> City19(Day 2) -> City22(Day 6)"
14,51,269.0,121.0,0.0,5,0.0,true,"City19(Day 3) -> City16(Day 5)"
14,52,240.0,64.0,0.0,5,0.0,true,"City18(Day 3)"
14,53,547.0,625.0,0.0,5,0.0,true,"City4(Day 1) -> City22(Day 4) -> City18(Day 5)"
14,54,198.0,9.0,0.0,5,0.0,true,"City7(Day 1)"
14,55,395.0,529.0,0.0,5,0.0,true,"City16(Day 1) -> City22(Day 3) -> City18(Day 4)"
14,56,450.0,576.0,0.0,5,0.0,true,"City4(Day 1) -> City16(Day 4) -> City18(Day 5)"
14,57,205.0,49.0,0.0,5,0.0,true,"City16(Day 5)"
14,58,201.0,16.0,0.0,5,0.0,true,"City25(Day 4)"
14,59,274.0,225.0,0.0,5,0.0,true,"City16(Day 2) -> City18(Day 4)"
14,60,244.0,64.0,0.0,6,0.0,true,"City18(Day 2)"
14,61,206.0,16.0,0.0,6,0.0,true,"City25(Day 5)"
14,62,337.0,256.0,0.0,6,0.0,true,"City18(Day 2) -> City22(Day 6)"
14,63,454.0,576.0,0.0,6,0.0,true,"City14(Day 1) -> City16(Day 4) -> City18(Day 5)"
14,64,219.0,49.0,0.0,6,0.0,true,"City15(Day 1)"
14,65,454.0,576.0,0.0,6,0.0,true,"City16(Day 0) -> City18(Day 1) -> City14(Day 3)"
14,66,283.0,225.0,0.0,6,0.0,true,"City22(Day 5) -> City16(Day 6)"
14,67,213.0,36.0,0.0,6,0.0,true,"City21(Day 5)"
14,68,548.0,625.0,0.0,6,0.0,true,"City16(Day 0) -> City14(Day 1) -> City4(Day 2)"
14,69,273.0,81.0,0.0,6,0.0,true,"City14(Day 5)"
14,70,368.0,361.0,0.0,6,0.0,true,"City16(Day 0) -> City19(Day 3) -> City18(Day 4)"
14,71,406.0,529.0,0.0,6,0.0,true,"City16(Day 0) -> City18(Day 4) -> City22(Day 6)"
14,72,288.0,144.0,0.0,7,0.0,true,"City19(Day 3) -> City18(Day 5)"
14,73,297.0,225.0,0.0,7,0.0,true,"City16(Day 0) -> City22(Day 5)"
14,74,455.0,576.0,0.0,7,0.0,true,"City16(Day 1) -> City18(Day 2) -> City4(Day 3)"
14,75,284.0,81.0,0.0,7,0.0,true,"City14(Day 1)"
15,1,154.0,49.0,0.0,1,0.0,true,"City16(Day 6)"
15,2,309.0,256.0,0.0,1,0.0,true,"City22(Day 3) -> City18(Day 4)"
15,3,384.0,529.0,0.0,1,0.0,true,"City16(Day 0) -> City18(Day 4) -> City22(Day 5)"
15,4,237.0,225.0,0.0,1,0.0,true,"City16(Day 1) -> City18(Day 4)"
15,5,165.0,64.0,0.0,1,0.0,true,"City18(Day 4)"
15,6,426.0,576.0,0.0,1,0.0,true,"City4(Day 2) -> City16(Day 3) -> City18(Day 5)"
15,7,136.0,16.0,0.0,1,0.0,true,"City19(Day 3)"
15,8,484.0,625.0,0.0,1,0.0,true,"City4(Day 2) -> City22(Day 3) -> City18(Day 4)"
15,9,543.0,676.0,0.0,1,0.0,true,"City14(Day 1) -> City4(Day 4) -> City18(Day 5)"
15,10,234.0,169.0,0.0,1,0.0,true,"City16(Day 0) -> City24(Day 3)"
15,11,341.0,361.0,0.0,1,0.0,true,"City19(Day 0) -> City16(Day 3) -> City18(Day 4)"
15,12,346.0,441.0,0.0,1,0.0,true,"City16(Day 1) -> City24(Day 3) -> City18(Day 4)"
15,13,360.0,361.0,0.0,2,0.0,true,"City16(Day 1) -> City18(Day 2) -> City19(Day 3)"
15,14,436.0,576.0,0.0,2,0.0,true,"City16(Day 0) -> City14(Day 1) -> City18(Day 3)"
15,15,168.0,49.0,0.0,2,0.0,true,"City16(Day 1)"
15,16,343.0,289.0,0.0,2,0.0,true,"City14(Day 1) -> City18(Day 4)"
15,17,169.0,64.0,0.0,2,0.0,true,"City22(Day 5)"
15,18,367.0,441.0,0.0,2,0.0,true,"City16(Day 0) -> City18(Day 2) -> City24(Day 3)"
15,19,315.0,256.0,0.0,2,0.0,true,"City18(Day 2) -> City22(Day 5)"
15,20,236.0,121.0,0.0,2,0.0,true,"City16(Day 0) -> City19(Day 3)"
15,21,239.0,225.0,0.0,2,0.0,true,"City16(Day 0) -> City18(Day 4)"
15,22,386.0,529.0,0.0,2,0.0,true,"City16(Day 0) -> City22(Day 2) -> City18(Day 4)"
15,23,499.0,625.0,0.0,2,0.0,true,"City4(Day 1) -> City18(Day 3) -> City22(Day 5)"
15,24,197.0,49.0,0.0,3,0.0,true,"City16(Day 4)"
15,25,181.0,16.0,0.0,3,0.0,true,"City19(Day 0)"
15,26,230.0,64.0,0.0,3,0.0,true,"City18(Day 1)"
15,27,524.0,625.0,0.0,3,0.0,true,"City22(Day 3) -> City18(Day 4) -> City14(Day 5)"
15,28,362.0,361.0,0.0,3,0.0,true,"City19(Day 0) -> City16(Day 3) -> City18(Day 5)"
15,29,194.0,36.0,0.0,3,0.0,true,"City24(Day 1)"
15,30,253.0,81.0,0.0,3,0.0,true,"City4(Day 2)"
15,31,322.0,256.0,0.0,3,0.0,true,"City14(Day 1) -> City16(Day 6)"
15,32,356.0,289.0,0.0,3,0.0,true,"City14(Day 1) -> City18(Day 3)"
15,33,437.0,576.0,0.0,3,0.0,true,"City4(Day 2) -> City16(Day 4) -> City18(Day 5)"
15,34,375.0,441.0,0.0,3,0.0,true,"City16(Day 0) -> City18(Day 4) -> City24(Day 6)"
15,35,392.0,529.0,0.0,3,0.0,true,"City16(Day 1) -> City18(Day 2) -> City22(Day 5)"
15,36,322.0,256.0,0.0,3,0.0,true,"City14(Day 4) -> City16(Day 6)"
15,37,258.0,225.0,0.0,3,0.0,true,"City16(Day 1) -> City18(Day 5)"
15,38,445.0,576.0,0.0,4,0.0,true,"City14(Day 1) -> City16(Day 3) -> City18(Day 5)"
15,39,328.0,256.0,0.0,4,0.0,true,"City14(Day 5) -> City16(Day 6)"
15,40,534.0,625.0,0.0,4,0.0,true,"City4(Day 0) -> City22(Day 3) -> City18(Day 4)"
15,41,188.0,16.0,0.0,4,0.0,true,"City19(Day 6)"
15,42,383.0,441.0,0.0,4,0.0,true,"City16(Day 2) -> City24(Day 3) -> City18(Day 4)"
15,43,200.0,49.0,0.0,4,0.0,true,"City16(Day 0)"
15,44,260.0,225.0,0.0,4,0.0,true,"City16(Day 0) -> City18(Day 5)"
15,45,234.0,64.0,0.0,4,0.0,true,"City18(Day 0)"
15,46,394.0,529.0,0.0,4,0.0,true,"City16(Day 0) -> City18(Day 2) -> City22(Day 5)"
15,47,366.0,361.0,0.0,4,0.0,true,"City16(Day 1) -> City19(Day 3) -> City18(Day 4)"
15,48,395.0,529.0,0.0,5,0.0,true,"City16(Day 1) -> City22(Day 3) -> City18(Day 4)"
15,49,535.0,625.0,0.0,5,0.0,true,"City4(Day 1) -> City22(Day 3) -> City18(Day 5)"
15,50,269.0,121.0,0.0,5,0.0,true,"City19(Day 3) -> City16(Day 5)"
15,51,335.0,256.0,0.0,5,0.0,true,"City16(Day 0) -> City14(Day 3)"
15,52,205.0,49.0,0.0,5,0.0,true,"City16(Day 5)"
15,53,240.0,64.0,0.0,5,0.0,true,"City18(Day 3)"
15,54,450.0,576.0,0.0,5,0.0,true,"City4(Day 1) -> City16(Day 4) -> City18(Day 5)"
15,55,274.0,225.0,0.0,5,0.0,true,"City16(Day 2) -> City18(Day 4)"
15,56,265.0,81.0,0.0,5,0.0,true,"City14(Day 3)"
15,57,201.0,16.0,0.0,5,0.0,true,"City25(Day 4)"
15,58,535.0,625.0,0.0,5,0.0,true,"City16(Day 1) -> City4(Day 2) -> City14(Day 3)"
15,59,198.0,9.0,0.0,5,0.0,true,"City7(Day 1)"
15,60,367.0,361.0,0.0,5,0.0,true,"City16(Day 1) -> City19(Day 2) -> City22(Day 6)"
15,61,454.0,576.0,0.0,6,0.0,true,"City16(Day 0) -> City18(Day 1) -> City14(Day 3)"
15,62,206.0,16.0,0.0,6,0.0,true,"City25(Day 5)"
15,63,337.0,256.0,0.0,6,0.0,true,"City18(Day 2) -> City22(Day 6)"
15,64,368.0,361.0,0.0,6,0.0,true,"City16(Day 0) -> City19(Day 3) -> City18(Day 4)"
15,65,273.0,81.0,0.0,6,0.0,true,"City14(Day 5)"
15,66,536.0,625.0,0.0,6,0.0,true,"City4(Day 0) -> City18(Day 3) -> City22(Day 5)"
15,67,454.0,576.0,0.0,6,0.0,true,"City14(Day 1) -> City16(Day 4) -> City18(Day 5)"
15,68,219.0,49.0,0.0,6,0.0,true,"City15(Day 1)"
15,69,213.0,36.0,0.0,6,0.0,true,"City21(Day 5)"
15,70,283.0,225.0,0.0,6,0.0,true,"City22(Day 5) -> City16(Day 6)"
15,71,244.0,64.0,0.0,6,0.0,true,"City18(Day 2)"
15,72,406.0,529.0,0.0,6,0.0,true,"City16(Day 0) -> City18(Day 4) -> City22(Day 6)"
15,73,384.0,361.0,0.0,7,0.0,true,"City16(Day 0) -> City19(Day 2) -> City18(Day 3)"
15,74,410.0,441.0,0.0,7,0.0,true,"City16(Day 2) -> City18(Day 4) -> City24(Day 6)"
15,75,232.0,49.0,0.0,7,0.0,true,"City16(Day 2)"
16,1,154.0,49.0,0.0,1,0.0,true,"City16(Day 6)"
16,2,484.0,625.0,0.0,1,0.0,true,"City4(Day 2) -> City22(Day 3) -> City18(Day 4)"
16,3,543.0,676.0,0.0,1,0.0,true,"City14(Day 1) -> City4(Day 4) -> City18(Day 5)"
16,4,384.0,529.0,0.0,1,0.0,true,"City16(Day 0) -> City18(Day 4) -> City22(Day 5)"
16,5,237.0,225.0,0.0,1,0.0,true,"City16(Day 1) -> City18(Day 4)"
16,6,346.0,441.0,0.0,1,0.0,true,"City16(Day 1) -> City24(Day 3) -> City18(Day 4)"
16,7,341.0,361.0,0.0,1,0.0,true,"City19(Day 0) -> City16(Day 3) -> City18(Day 4)"
16,8,165.0,64.0,0.0,1,0.0,true,"City18(Day 4)"
16,9,136.0,16.0,0.0,1,0.0,true,"City19(Day 3)"
16,10,309.0,256.0,0.0,1,0.0,true,"City22(Day 3) -> City18(Day 4)"
16,11,423.0,576.0,0.0,1,0.0,true,"City16(Day 0) -> City14(Day 1) -> City18(Day 4)"
16,12,234.0,169.0,0.0,1,0.0,true,"City16(Day 0) -> City24(Day 3)"
16,13,386.0,529.0,0.0,2,0.0,true,"City16(Day 0) -> City22(Day 2) -> City18(Day 4)"
16,14,310.0,256.0,0.0,2,0.0,true,"City18(Day 4) -> City22(Day 5)"
16,15,169.0,64.0,0.0,2,0.0,true,"City22(Day 5)"
16,16,239.0,225.0,0.0,2,0.0,true,"City16(Day 0) -> City18(Day 4)"
16,17,426.0,576.0,0.0,2,0.0,true,"City4(Day 2) -> City16(Day 3) -> City18(Day 5)"
16,18,343.0,289.0,0.0,2,0.0,true,"City14(Day 1) -> City18(Day 4)"
16,19,360.0,361.0,0.0,2,0.0,true,"City16(Day 1) -> City18(Day 2) -> City19(Day 3)"
16,20,499.0,625.0,0.0,2,0.0,true,"City4(Day 1) -> City18(Day 3) -> City22(Day 5)"
16,21,367.0,441.0,0.0,2,0.0,true,"City16(Day 0) -> City18(Day 2) -> City24(Day 3)"
16,22,168.0,49.0,0.0,2,0.0,true,"City16(Day 1)"
16,23,236.0,121.0,0.0,2,0.0,true,"City16(Day 0) -> City19(Day 3)"
16,24,253.0,81.0,0.0,3,0.0,true,"City4(Day 2)"
16,25,315.0,256.0,0.0,3,0.0,true,"City18(Day 2) -> City22(Day 5)"
16,26,258.0,225.0,0.0,3,0.0,true,"City16(Day 1) -> City18(Day 5)"
16,27,392.0,529.0,0.0,3,0.0,true,"City16(Day 1) -> City18(Day 2) -> City22(Day 5)"
16,28,230.0,64.0,0.0,3,0.0,true,"City18(Day 1)"
16,29,362.0,361.0,0.0,3,0.0,true,"City19(Day 0) -> City16(Day 3) -> City18(Day 5)"
16,30,510.0,625.0,0.0,3,0.0,true,"City14(Day 1) -> City18(Day 4) -> City22(Day 6)"
16,31,194.0,36.0,0.0,3,0.0,true,"City24(Day 1)"
16,32,375.0,441.0,0.0,3,0.0,true,"City16(Day 0) -> City18(Day 4) -> City24(Day 6)"
16,33,181.0,16.0,0.0,3,0.0,true,"City19(Day 0)"
16,34,197.0,49.0,0.0,3,0.0,true,"City16(Day 4)"
16,35,356.0,289.0,0.0,3,0.0,true,"City14(Day 1) -> City18(Day 3)"
16,36,436.0,576.0,0.0,3,0.0,true,"City16(Day 0) -> City14(Day 1) -> City18(Day 3)"
16,37,234.0,64.0,0.0,4,0.0,true,"City18(Day 0)"
16,38,366.0,361.0,0.0,4,0.0,true,"City16(Day 1) -> City19(Day 3) -> City18(Day 4)"
16,39,200.0,49.0,0.0,4,0.0,true,"City16(Day 0)"
16,40,437.0,576.0,0.0,4,0.0,true,"City4(Day 2) -> City16(Day 4) -> City18(Day 5)"
16,41,188.0,16.0,0.0,4,0.0,true,"City19(Day 6)"
16,42,260.0,225.0,0.0,4,0.0,true,"City16(Day 0) -> City18(Day 5)"
16,43,394.0,529.0,0.0,4,0.0,true,"City16(Day 0) -> City18(Day 2) -> City22(Day 5)"
16,44,322.0,256.0,0.0,4,0.0,true,"City14(Day 1) -> City16(Day 6)"
16,45,524.0,625.0,0.0,4,0.0,true,"City22(Day 3) -> City18(Day 4) -> City14(Day 5)"
16,46,360.0,289.0,0.0,4,0.0,true,"City14(Day 1) -> City18(Day 5)"
16,47,383.0,441.0,0.0,4,0.0,true,"City16(Day 1) -> City18(Day 2) -> City24(Day 6)"
16,48,322.0,256.0,0.0,4,0.0,true,"City14(Day 4) -> City16(Day 6)"
16,49,383.0,441.0,0.0,4,0.0,true,"City16(Day 2) -> City24(Day 3) -> City18(Day 4)"
16,50,201.0,16.0,0.0,5,0.0,true,"City25(Day 4)"
16,51,328.0,256.0,0.0,5,0.0,true,"City14(Day 5) -> City16(Day 6)"
16,52,198.0,9.0,0.0,5,0.0,true,"City7(Day 1)"
16,53,534.0,625.0,0.0,5,0.0,true,"City4(Day 0) -> City22(Day 3) -> City18(Day 4)"
16,54,445.0,576.0,0.0,5,0.0,true,"City14(Day 1) -> City16(Day 3) -> City18(Day 5)"
16,55,395.0,529.0,0.0,5,0.0,true,"City16(Day 1) -> City22(Day 3) -> City18(Day 4)"
16,56,240.0,64.0,0.0,5,0.0,true,"City18(Day 3)"
16,57,274.0,225.0,0.0,5,0.0,true,"City16(Day 2) -> City18(Day 4)"
16,58,367.0,361.0,0.0,5,0.0,true,"City16(Day 1) -> City19(Day 2) -> City22(Day 6)"
16,59,265.0,81.0,0.0,5,0.0,true,"City14(Day 3)"
16,60,205.0,49.0,0.0,5,0.0,true,"City16(Day 5)"
16,61,269.0,121.0,0.0,5,0.0,true,"City19(Day 3) -> City16(Day 5)"
16,62,244.0,64.0,0.0,6,0.0,true,"City18(Day 2)"
16,63,368.0,361.0,0.0,6,0.0,true,"City16(Day 0) -> City19(Day 3) -> City18(Day 4)"
16,64,271.0,121.0,0.0,6,0.0,true,"City16(Day 2) -> City19(Day 3)"
16,65,335.0,256.0,0.0,6,0.0,true,"City16(Day 0) -> City14(Day 3)"
16,66,397.0,529.0,0.0,6,0.0,true,"City16(Day 0) -> City22(Day 3) -> City18(Day 4)"
16,67,535.0,625.0,0.0,6,0.0,true,"City16(Day 1) -> City4(Day 2) -> City14(Day 3)"
16,68,283.0,225.0,0.0,6,0.0,true,"City22(Day 5) -> City16(Day 6)"
16,69,535.0,625.0,0.0,6,0.0,true,"City4(Day 1) -> City22(Day 3) -> City18(Day 5)"
16,70,206.0,16.0,0.0,6,0.0,true,"City25(Day 5)"
16,71,450.0,576.0,0.0,6,0.0,true,"City4(Day 1) -> City16(Day 4) -> City18(Day 5)"
16,72,219.0,49.0,0.0,6,0.0,true,"City15(Day 1)"
16,73,213.0,36.0,0.0,6,0.0,true,"City21(Day 5)"
16,74,454.0,576.0,0.0,7,0.0,true,"City14(Day 1) -> City16(Day 4) -> City18(Day 5)"
16,75,536.0,625.0,0.0,7,0.0,true,"City4(Day 0) -> City18(Day 3) -> City22(Day 5)"
17,1,309.0,256.0,0.0,1,0.0,true,"City22(Day 3) -> City18(Day 4)"
17,2,543.0,676.0,0.0,1,0.0,true,"City14(Day 1) -> City4(Day 4) -> City18(Day 5)"
17,3,234.0,169.0,0.0,1,0.0,true,"City16(Day 0) -> City24(Day 3)"
17,4,346.0,441.0,0.0,1,0.0,true,"City16(Day 1) -> City24(Day 3) -> City18(Day 4)"
17,5,423.0,576.0,0.0,1,0.0,true,"City16(Day 0) -> City14(Day 1) -> City18(Day 4)"
17,6,484.0,625.0,0.0,1,0.0,true,"City4(Day 2) -> City22(Day 3) -> City18(Day 4)"
17,7,237.0,225.0,0.0,1,0.0,true,"City16(Day 1) -> City18(Day 4)"
17,8,341.0,361.0,0.0,1,0.0,true,"City19(Day 0) -> City16(Day 3) -> City18(Day 4)"
17,9,165.0,64.0,0.0,1,0.0,true,"City18(Day 4)"
17,10,136.0,16.0,0.0,1,0.0,true,"City19(Day 3)"
17,11,384.0,529.0,0.0,1,0.0,true,"City16(Day 0) -> City18(Day 4) -> City22(Day 5)"
17,12,154.0,49.0,0.0,1,0.0,true,"City16(Day 6)"
17,13,236.0,121.0,0.0,2,0.0,true,"City16(Day 0) -> City19(Day 3)"
17,14,386.0,529.0,0.0,2,0.0,true,"City16(Day 0) -> City22(Day 2) -> City18(Day 4)"
17,15,343.0,289.0,0.0,2,0.0,true,"City14(Day 1) -> City18(Day 4)"
17,16,367.0,441.0,0.0,2,0.0,true,"City16(Day 0) -> City18(Day 2) -> City24(Day 3)"
17,17,168.0,49.0,0.0,2,0.0,true,"City16(Day 1)"
17,18,486.0,625.0,0.0,2,0.0,true,"City4(Day 2) -> City18(Day 3) -> City22(Day 5)"
17,19,169.0,64.0,0.0,2,0.0,true,"City22(Day 5)"
17,20,310.0,256.0,0.0,2,0.0,true,"City18(Day 4) -> City22(Day 5)"
17,21,426.0,576.0,0.0,2,0.0,true,"City4(Day 2) -> City16(Day 3) -> City18(Day 5)"
17,22,239.0,225.0,0.0,2,0.0,true,"City16(Day 0) -> City18(Day 4)"
17,23,360.0,361.0,0.0,2,0.0,true,"City16(Day 1) -> City18(Day 2) -> City19(Day 3)"
17,24,258.0,225.0,0.0,3,0.0,true,"City16(Day 1) -> City18(Day 5)"
17,25,356.0,289.0,0.0,3,0.0,true,"City14(Day 1) -> City18(Day 3)"
17,26,230.0,64.0,0.0,3,0.0,true,"City18(Day 1)"
17,27,362.0,361.0,0.0,3,0.0,true,"City19(Day 0) -> City16(Day 3) -> City18(Day 5)"
17,28,499.0,625.0,0.0,3,0.0,true,"City4(Day 1) -> City18(Day 3) -> City22(Day 5)"
17,29,197.0,49.0,0.0,3,0.0,true,"City16(Day 4)"
17,30,436.0,576.0,0.0,3,0.0,true,"City16(Day 0) -> City14(Day 1) -> City18(Day 3)"
17,31,375.0,441.0,0.0,3,0.0,true,"City16(Day 0) -> City18(Day 4) -> City24(Day 6)"
17,32,392.0,529.0,0.0,3,0.0,true,"City16(Day 1) -> City18(Day 2) -> City22(Day 5)"
17,33,181.0,16.0,0.0,3,0.0,true,"City19(Day 0)"
17,34,194.0,36.0,0.0,3,0.0,true,"City24(Day 1)"
17,35,253.0,81.0,0.0,3,0.0,true,"City4(Day 2)"
17,36,257.0,121.0,0.0,3,0.0,true,"City19(Day 3) -> City16(Day 6)"
17,37,315.0,256.0,0.0,3,0.0,true,"City18(Day 2) -> City22(Day 5)"
17,38,437.0,576.0,0.0,4,0.0,true,"City4(Day 2) -> City16(Day 4) -> City18(Day 5)"
17,39,383.0,441.0,0.0,4,0.0,true,"City16(Day 2) -> City24(Day 3) -> City18(Day 4)"
17,40,234.0,64.0,0.0,4,0.0,true,"City18(Day 0)"
17,41,366.0,361.0,0.0,4,0.0,true,"City16(Day 1) -> City19(Day 3) -> City18(Day 4)"
17,42,510.0,625.0,0.0,4,0.0,true,"City14(Day 1) -> City18(Day 4) -> City22(Day 6)"
17,43,394.0,529.0,0.0,4,0.0,true,"City16(Day 0) -> City18(Day 2) -> City22(Day 5)"
17,44,188.0,16.0,0.0,4,0.0,true,"City19(Day 6)"
17,45,322.0,256.0,0.0,4,0.0,true,"City14(Day 4) -> City16(Day 6)"
17,46,360.0,289.0,0.0,4,0.0,true,"City14(Day 1) -> City18(Day 5)"
17,47,200.0,49.0,0.0,4,0.0,true,"City16(Day 0)"
17,48,383.0,441.0,0.0,4,0.0,true,"City16(Day 1) -> City18(Day 2) -> City24(Day 6)"
17,49,260.0,225.0,0.0,4,0.0,true,"City16(Day 0) -> City18(Day 5)"
17,50,322.0,256.0,0.0,4,0.0,true,"City14(Day 1) -> City16(Day 6)"
17,51,274.0,225.0,0.0,5,0.0,true,"City16(Day 2) -> City18(Day 4)"
17,52,328.0,256.0,0.0,5,0.0,true,"City14(Day 5) -> City16(Day 6)"
17,53,395.0,529.0,0.0,5,0.0,true,"City16(Day 1) -> City22(Day 3) -> City18(Day 4)"
17,54,367.0,361.0,0.0,5,0.0,true,"City16(Day 1) -> City19(Day 2) -> City22(Day 6)"
17,55,201.0,16.0,0.0,5,0.0,true,"City25(Day 4)"
17,56,205.0,49.0,0.0,5,0.0,true,"City16(Day 5)"
17,57,198.0,9.0,0.0,5,0.0,true,"City7(Day 1)"
17,58,265.0,81.0,0.0,5,0.0,true,"City14(Day 3)"
17,59,445.0,576.0,0.0,5,0.0,true,"City14(Day 1) -> City16(Day 3) -> City18(Day 5)"
17,60,524.0,625.0,0.0,5,0.0,true,"City22(Day 3) -> City18(Day 4) -> City14(Day 5)"
17,61,269.0,121.0,0.0,5,0.0,true,"City19(Day 3) -> City16(Day 5)"
17,62,240.0,64.0,0.0,5,0.0,true,"City18(Day 3)"
17,63,335.0,256.0,0.0,6,0.0,true,"City16(Day 0) -> City14(Day 3)"
17,64,271.0,121.0,0.0,6,0.0,true,"City16(Day 2) -> City19(Day 3)"
17,65,368.0,361.0,0.0,6,0.0,true,"City16(Day 0) -> City19(Day 3) -> City18(Day 4)"
17,66,244.0,64.0,0.0,6,0.0,true,"City18(Day 2)"
17,67,213.0,36.0,0.0,6,0.0,true,"City21(Day 5)"
17,68,534.0,625.0,0.0,6,0.0,true,"City4(Day 0) -> City22(Day 3) -> City18(Day 4)"
17,69,206.0,16.0,0.0,6,0.0,true,"City25(Day 5)"
17,70,397.0,529.0,0.0,6,0.0,true,"City16(Day 0) -> City22(Day 3) -> City18(Day 4)"
17,71,219.0,49.0,0.0,6,0.0,true,"City15(Day 1)"
17,72,450.0,576.0,0.0,6,0.0,true,"City4(Day 1) -> City16(Day 4) -> City18(Day 5)"
17,73,283.0,225.0,0.0,6,0.0,true,"City22(Day 5) -> City16(Day 6)"
17,74,454.0,576.0,0.0,7,0.0,true,"City14(Day 1) -> City16(Day 4) -> City18(Day 5)"
17,75,535.0,625.0,0.0,7,0.0,true,"City4(Day 1) -> City22(Day 3) -> City18(Day 5)"
18,1,384.0,529.0,0.0,1,0.0,true,"City16(Day 0) -> City18(Day 4) -> City22(Day 5)"
18,2,237.0,225.0,0.0,1,0.0,true,"City16(Day 1) -> City18(Day 4)"
18,3,423.0,576.0,0.0,1,0.0,true,"City16(Day 0) -> City14(Day 1) -> City18(Day 4)"
18,4,484.0,625.0,0.0,1,0.0,true,"City4(Day 2) -> City22(Day 3) -> City18(Day 4)"
18,5,543.0,676.0,0.0,1,0.0,true,"City14(Day 1) -> City4(Day 4) -> City18(Day 5)"
18,6,154.0,49.0,0.0,1,0.0,true,"City16(Day 6)"
18,7,341.0,361.0,0.0,1,0.0,true,"City19(Day 0) -> City16(Day 3) -> City18(Day 4)"
18,8,346.0,441.0,0.0,1,0.0,true,"City16(Day 1) -> City24(Day 3) -> City18(Day 4)"
18,9,136.0,16.0,0.0,1,0.0,true,"City19(Day 3)"
18,10,234.0,169.0,0.0,1,0.0,true,"City16(Day 0) -> City24(Day 3)"
18,11,165.0,64.0,0.0,1,0.0,true,"City18(Day 4)"
18,12,309.0,256.0,0.0,1,0.0,true,"City22(Day 3) -> City18(Day 4)"
18,13,236.0,121.0,0.0,2,0.0,true,"City16(Day 0) -> City19(Day 3)"
18,14,310.0,256.0,0.0,2,0.0,true,"City18(Day 4) -> City22(Day 5)"
18,15,360.0,361.0,0.0,2,0.0,true,"City16(Day 1) -> City18(Day 2) -> City19(Day 3)"
18,16,343.0,289.0,0.0,2,0.0,true,"City14(Day 1) -> City18(Day 4)"
18,17,168.0,49.0,0.0,2,0.0,true,"City16(Day 1)"
18,18,424.0,576.0,0.0,2,0.0,true,"City14(Day 1) -> City16(Day 3) -> City18(Day 4)"
18,19,486.0,625.0,0.0,2,0.0,true,"City4(Day 2) -> City18(Day 3) -> City22(Day 5)"
18,20,367.0,441.0,0.0,2,0.0,true,"City16(Day 0) -> City18(Day 2) -> City24(Day 3)"
18,21,169.0,64.0,0.0,2,0.0,true,"City22(Day 5)"
18,22,386.0,529.0,0.0,2,0.0,true,"City16(Day 0) -> City22(Day 2) -> City18(Day 4)"
18,23,239.0,225.0,0.0,2,0.0,true,"City16(Day 0) -> City18(Day 4)"
18,24,197.0,49.0,0.0,3,0.0,true,"City16(Day 4)"
18,25,375.0,441.0,0.0,3,0.0,true,"City16(Day 0) -> City18(Day 4) -> City24(Day 6)"
18,26,230.0,64.0,0.0,3,0.0,true,"City18(Day 1)"
18,27,362.0,361.0,0.0,3,0.0,true,"City19(Day 0) -> City16(Day 3) -> City18(Day 5)"
18,28,499.0,625.0,0.0,3,0.0,true,"City4(Day 1) -> City18(Day 3) -> City22(Day 5)"
18,29,257.0,121.0,0.0,3,0.0,true,"City19(Day 3) -> City16(Day 6)"
18,30,499.0,625.0,0.0,3,0.0,true,"City14(Day 1) -> City22(Day 3) -> City18(Day 4)"
18,31,194.0,36.0,0.0,3,0.0,true,"City24(Day 1)"
18,32,315.0,256.0,0.0,3,0.0,true,"City18(Day 2) -> City22(Day 5)"
18,33,258.0,225.0,0.0,3,0.0,true,"City16(Day 1) -> City18(Day 5)"
18,34,356.0,289.0,0.0,3,0.0,true,"City14(Day 1) -> City18(Day 3)"
18,35,181.0,16.0,0.0,3,0.0,true,"City19(Day 0)"
18,36,253.0,81.0,0.0,3,0.0,true,"City4(Day 2)"
18,37,392.0,529.0,0.0,3,0.0,true,"City16(Day 1) -> City18(Day 2) -> City22(Day 5)"
18,38,426.0,576.0,0.0,3,0.0,true,"City4(Day 2) -> City16(Day 3) -> City18(Day 5)"
18,39,200.0,49.0,0.0,4,0.0,true,"City16(Day 0)"
18,40,510.0,625.0,0.0,4,0.0,true,"City14(Day 1) -> City18(Day 4) -> City22(Day 6)"
18,41,383.0,441.0,0.0,4,0.0,true,"City16(Day 2) -> City24(Day 3) -> City18(Day 4)"
18,42,436.0,576.0,0.0,4,0.0,true,"City16(Day 0) -> City14(Day 1) -> City18(Day 3)"
18,43,366.0,361.0,0.0,4,0.0,true,"City16(Day 1) -> City19(Day 3) -> City18(Day 4)"
18,44,188.0,16.0,0.0,4,0.0,true,"City19(Day 6)"
18,45,260.0,225.0,0.0,4,0.0,true,"City16(Day 0) -> City18(Day 5)"
18,46,322.0,256.0,0.0,4,0.0,true,"City14(Day 1) -> City16(Day 6)"
18,47,394.0,529.0,0.0,4,0.0,true,"City16(Day 0) -> City18(Day 2) -> City22(Day 5)"
18,48,383.0,441.0,0.0,4,0.0,true,"City16(Day 1) -> City18(Day 2) -> City24(Day 6)"
18,49,322.0,256.0,0.0,4,0.0,true,"City14(Day 4) -> City16(Day 6)"
18,50,234.0,64.0,0.0,4,0.0,true,"City18(Day 0)"
18,51,360.0,289.0,0.0,4,0.0,true,"City14(Day 1) -> City18(Day 5)"
18,52,367.0,361.0,0.0,5,0.0,true,"City16(Day 1) -> City19(Day 2) -> City22(Day 6)"
18,53,205.0,49.0,0.0,5,0.0,true,"City16(Day 5)"
18,54,240.0,64.0,0.0,5,0.0,true,"City18(Day 3)"
18,55,265.0,81.0,0.0,5,0.0,true,"City14(Day 3)"
18,56,201.0,16.0,0.0,5,0.0,true,"City25(Day 4)"
18,57,395.0,529.0,0.0,5,0.0,true,"City16(Day 1) -> City22(Day 3) -> City18(Day 4)"
18,58,274.0,225.0,0.0,5,0.0,true,"City16(Day 2) -> City18(Day 4)"
18,59,437.0,576.0,0.0,5,0.0,true,"City4(Day 2) -> City16(Day 4) -> City18(Day 5)"
18,60,198.0,9.0,0.0,5,0.0,true,"City7(Day 1)"
18,61,268.0,144.0,0.0,5,0.0,true,"City19(Day 3) -> City18(Day 4)"
18,62,515.0,625.0,0.0,5,0.0,true,"City4(Day 0) -> City18(Day 1) -> City22(Day 5)"
18,63,328.0,256.0,0.0,5,0.0,true,"City14(Day 5) -> City16(Day 6)"
18,64,332.0,256.0,0.0,6,0.0,true,"City18(Day 4) -> City22(Day 6)"
18,65,397.0,529.0,0.0,6,0.0,true,"City16(Day 0) -> City22(Day 3) -> City18(Day 4)"
18,66,219.0,49.0,0.0,6,0.0,true,"City15(Day 1)"
18,67,244.0,64.0,0.0,6,0.0,true,"City18(Day 2)"
18,68,213.0,36.0,0.0,6,0.0,true,"City21(Day 5)"
18,69,269.0,121.0,0.0,6,0.0,true,"City19(Day 3) -> City16(Day 5)"
18,70,368.0,361.0,0.0,6,0.0,true,"City16(Day 0) -> City19(Day 3) -> City18(Day 4)"
18,71,283.0,225.0,0.0,6,0.0,true,"City22(Day 5) -> City16(Day 6)"
18,72,206.0,16.0,0.0,6,0.0,true,"City25(Day 5)"
18,73,445.0,576.0,0.0,6,0.0,true,"City14(Day 1) -> City16(Day 3) -> City18(Day 5)"
18,74,524.0,625.0,0.0,6,0.0,true,"City22(Day 3) -> City18(Day 4) -> City14(Day 5)"
18,75,271.0,121.0,0.0,7,0.0,true,"City16(Day 2) -> City19(Day 3)"
19,1,165.0,64.0,0.0,1,0.0,true,"City18(Day 4)"
19,2,423.0,576.0,0.0,1,0.0,true,"City16(Day 0) -> City14(Day 1) -> City18(Day 4)"
19,3,484.0,625.0,0.0,1,0.0,true,"City4(Day 2) -> City22(Day 3) -> City18(Day 4)"
19,4,237.0,225.0,0.0,1,0.0,true,"City16(Day 1) -> City18(Day 4)"
19,5,234.0,169.0,0.0,1,0.0,true,"City16(Day 0) -> City24(Day 3)"
19,6,346.0,441.0,0.0,1,0.0,true,"City16(Day 1) -> City24(Day 3) -> City18(Day 4)"
19,7,136.0,16.0,0.0,1,0.0,true,"City19(Day 3)"
19,8,154.0,49.0,0.0,1,0.0,true,"City16(Day 6)"
19,9,384.0,529.0,0.0,1,0.0,true,"City16(Day 0) -> City18(Day 4) -> City22(Day 5)"
19,10,309.0,256.0,0.0,1,0.0,true,"City22(Day 3) -> City18(Day 4)"
19,11,341.0,361.0,0.0,1,0.0,true,"City19(Day 0) -> City16(Day 3) -> City18(Day 4)"
19,12,543.0,676.0,0.0,1,0.0,true,"City14(Day 1) -> City4(Day 4) -> City18(Day 5)"
19,13,360.0,361.0,0.0,2,0.0,true,"City16(Day 1) -> City18(Day 2) -> City19(Day 3)"
19,14,386.0,529.0,0.0,2,0.0,true,"City16(Day 0) -> City22(Day 2) -> City18(Day 4)"
19,15,310.0,256.0,0.0,2,0.0,true,"City18(Day 4) -> City22(Day 5)"
19,16,236.0,121.0,0.0,2,0.0,true,"City16(Day 0) -> City19(Day 3)"
19,17,486.0,625.0,0.0,2,0.0,true,"City4(Day 2) -> City18(Day 3) -> City22(Day 5)"
19,18,239.0,225.0,0.0,2,0.0,true,"City16(Day 0) -> City18(Day 4)"
19,19,168.0,49.0,0.0,2,0.0,true,"City16(Day 1)"
19,20,343.0,289.0,0.0,2,0.0,true,"City14(Day 1) -> City18(Day 4)"
19,21,169.0,64.0,0.0,2,0.0,true,"City22(Day 5)"
19,22,424.0,576.0,0.0,2,0.0,true,"City14(Day 1) -> City16(Day 3) -> City18(Day 4)"
19,23,587.0,676.0,0.0,2,0.0,true,"City14(Day 1) -> City4(Day 2) -> City18(Day 4)"
19,24,367.0,441.0,0.0,2,0.0,true,"City16(Day 0) -> City18(Day 2) -> City24(Day 3)"
19,25,194.0,36.0,0.0,3,0.0,true,"City24(Day 1)"
19,26,257.0,121.0,0.0,3,0.0,true,"City19(Day 3) -> City16(Day 6)"
19,27,499.0,625.0,0.0,3,0.0,true,"City4(Day 1) -> City18(Day 3) -> City22(Day 5)"
19,28,499.0,625.0,0.0,3,0.0,true,"City14(Day 1) -> City22(Day 3) -> City18(Day 4)"
19,29,181.0,16.0,0.0,3,0.0,true,"City19(Day 0)"
19,30,362.0,361.0,0.0,3,0.0,true,"City19(Day 0) -> City16(Day 3) -> City18(Day 5)"
19,31,426.0,576.0,0.0,3,0.0,true,"City4(Day 2) -> City16(Day 3) -> City18(Day 5)"
19,32,593.0,676.0,0.0,3,0.0,true,"City14(Day 1) -> City4(Day 3) -> City18(Day 5)"
19,33,392.0,529.0,0.0,3,0.0,true,"City16(Day 1) -> City18(Day 2) -> City22(Day 5)"
19,34,375.0,441.0,0.0,3,0.0,true,"City16(Day 0) -> City18(Day 4) -> City24(Day 6)"
19,35,356.0,289.0,0.0,3,0.0,true,"City14(Day 1) -> City18(Day 3)"
19,36,258.0,225.0,0.0,3,0.0,true,"City16(Day 1) -> City18(Day 5)"
19,37,197.0,49.0,0.0,3,0.0,true,"City16(Day 4)"
19,38,230.0,64.0,0.0,3,0.0,true,"City18(Day 1)"
19,39,315.0,256.0,0.0,3,0.0,true,"City18(Day 2) -> City22(Day 5)"
19,40,253.0,81.0,0.0,3,0.0,true,"City4(Day 2)"
19,41,383.0,441.0,0.0,4,0.0,true,"City16(Day 1) -> City18(Day 2) -> City24(Day 6)"
19,42,322.0,256.0,0.0,4,0.0,true,"City14(Day 4) -> City16(Day 6)"
19,43,366.0,361.0,0.0,4,0.0,true,"City16(Day 1) -> City19(Day 3) -> City18(Day 4)"
19,44,394.0,529.0,0.0,4,0.0,true,"City16(Day 0) -> City18(Day 2) -> City22(Day 5)"
19,45,188.0,16.0,0.0,4,0.0,true,"City19(Day 6)"
19,46,234.0,64.0,0.0,4,0.0,true,"City18(Day 0)"
19,47,383.0,441.0,0.0,4,0.0,true,"City16(Day 2) -> City24(Day 3) -> City18(Day 4)"
19,48,200.0,49.0,0.0,4,0.0,true,"City16(Day 0)"
19,49,260.0,225.0,0.0,4,0.0,true,"City16(Day 0) -> City18(Day 5)"
19,50,436.0,576.0,0.0,4,0.0,true,"City16(Day 0) -> City14(Day 1) -> City18(Day 3)"
19,51,510.0,625.0,0.0,4,0.0,true,"City14(Day 1) -> City18(Day 4) -> City22(Day 6)"
19,52,360.0,289.0,0.0,4,0.0,true,"City14(Day 1) -> City18(Day 5)"
19,53,322.0,256.0,0.0,4,0.0,true,"City14(Day 1) -> City16(Day 6)"
19,54,274.0,225.0,0.0,5,0.0,true,"City16(Day 2) -> City18(Day 4)"
19,55,240.0,64.0,0.0,5,0.0,true,"City18(Day 3)"
19,56,395.0,529.0,0.0,5,0.0,true,"City16(Day 1) -> City22(Day 3) -> City18(Day 4)"
19,57,367.0,361.0,0.0,5,0.0,true,"City16(Day 1) -> City19(Day 2) -> City22(Day 6)"
19,58,437.0,576.0,0.0,5,0.0,true,"City4(Day 2) -> City16(Day 4) -> City18(Day 5)"
19,59,198.0,9.0,0.0,5,0.0,true,"City7(Day 1)"
19,60,265.0,81.0,0.0,5,0.0,true,"City14(Day 3)"
19,61,205.0,49.0,0.0,5,0.0,true,"City16(Day 5)"
19,62,268.0,144.0,0.0,5,0.0,true,"City19(Day 3) -> City18(Day 4)"
19,63,515.0,625.0,0.0,5,0.0,true,"City4(Day 0) -> City18(Day 1) -> City22(Day 5)"
19,64,328.0,256.0,0.0,5,0.0,true,"City14(Day 5) -> City16(Day 6)"
19,65,201.0,16.0,0.0,5,0.0,true,"City25(Day 4)"
19,66,244.0,64.0,0.0,6,0.0,true,"City18(Day 2)"
19,67,445.0,576.0,0.0,6,0.0,true,"City14(Day 1) -> City16(Day 3) -> City18(Day 5)"
19,68,269.0,121.0,0.0,6,0.0,true,"City19(Day 3) -> City16(Day 5)"
19,69,283.0,225.0,0.0,6,0.0,true,"City22(Day 5) -> City16(Day 6)"
19,70,219.0,49.0,0.0,6,0.0,true,"City15(Day 1)"
19,71,397.0,529.0,0.0,6,0.0,true,"City16(Day 0) -> City22(Day 3) -> City18(Day 4)"
19,72,524.0,625.0,0.0,6,0.0,true,"City22(Day 3) -> City18(Day 4) -> City14(Day 5)"
19,73,332.0,256.0,0.0,6,0.0,true,"City18(Day 4) -> City22(Day 6)"
19,74,368.0,361.0,0.0,6,0.0,true,"City16(Day 0) -> City19(Day 3) -> City18(Day 4)"
19,75,213.0,36.0,0.0,6,0.0,true,"City21(Day 5)"
20,1,309.0,256.0,0.0,1,0.0,true,"City22(Day 3) -> City18(Day 4)"
20,2,237.0,225.0,0.0,1,0.0,true,"City16(Day 1) -> City18(Day 4)"
20,3,423.0,576.0,0.0,1,0.0,true,"City16(Day 0) -> City14(Day 1) -> City18(Day 4)"
20,4,165.0,64.0,0.0,1,0.0,true,"City18(Day 4)"
20,5,154.0,49.0,0.0,1,0.0,true,"City16(Day 6)"
20,6,346.0,441.0,0.0,1,0.0,true,"City16(Day 1) -> City24(Day 3) -> City18(Day 4)"
20,7,341.0,361.0,0.0,1,0.0,true,"City19(Day 0) -> City16(Day 3) -> City18(Day 4)"
20,8,234.0,169.0,0.0,1,0.0,true,"City16(Day 0) -> City24(Day 3)"
20,9,484.0,625.0,0.0,1,0.0,true,"City4(Day 2) -> City22(Day 3) -> City18(Day 4)"
20,10,384.0,529.0,0.0,1,0.0,true,"City16(Day 0) -> City18(Day 4) -> City22(Day 5)"
20,11,136.0,16.0,0.0,1,0.0,true,"City19(Day 3)"
20,12,543.0,676.0,0.0,1,0.0,true,"City14(Day 1) -> City4(Day 4) -> City18(Day 5)"
20,13,572.0,676.0,0.0,2,0.0,true,"City4(Day 2) -> City22(Day 3) -> City14(Day 5)"
20,14,169.0,64.0,0.0,2,0.0,true,"City22(Day 5)"
20,15,236.0,121.0,0.0,2,0.0,true,"City16(Day 0) -> City19(Day 3)"
20,16,424.0,576.0,0.0,2,0.0,true,"City14(Day 1) -> City16(Day 3) -> City18(Day 4)"
20,17,386.0,529.0,0.0,2,0.0,true,"City16(Day 0) -> City22(Day 2) -> City18(Day 4)"
20,18,343.0,289.0,0.0,2,0.0,true,"City14(Day 1) -> City18(Day 4)"
20,19,310.0,256.0,0.0,2,0.0,true,"City18(Day 4) -> City22(Day 5)"
20,20,486.0,625.0,0.0,2,0.0,true,"City4(Day 2) -> City18(Day 3) -> City22(Day 5)"
20,21,367.0,441.0,0.0,2,0.0,true,"City16(Day 0) -> City18(Day 2) -> City24(Day 3)"
20,22,239.0,225.0,0.0,2,0.0,true,"City16(Day 0) -> City18(Day 4)"
20,23,360.0,361.0,0.0,2,0.0,true,"City16(Day 1) -> City18(Day 2) -> City19(Day 3)"
20,24,168.0,49.0,0.0,2,0.0,true,"City16(Day 1)"
20,25,181.0,16.0,0.0,3,0.0,true,"City19(Day 0)"
20,26,587.0,676.0,0.0,3,0.0,true,"City14(Day 1) -> City4(Day 2) -> City18(Day 4)"
20,27,253.0,81.0,0.0,3,0.0,true,"City4(Day 2)"
20,28,257.0,121.0,0.0,3,0.0,true,"City19(Day 3) -> City16(Day 6)"
20,29,426.0,576.0,0.0,3,0.0,true,"City4(Day 2) -> City16(Day 3) -> City18(Day 5)"
20,30,499.0,625.0,0.0,3,0.0,true,"City4(Day 1) -> City18(Day 3) -> City22(Day 5)"
20,31,392.0,529.0,0.0,3,0.0,true,"City16(Day 1) -> City18(Day 2) -> City22(Day 5)"
20,32,499.0,625.0,0.0,3,0.0,true,"City14(Day 1) -> City22(Day 3) -> City18(Day 4)"
20,33,356.0,289.0,0.0,3,0.0,true,"City14(Day 1) -> City18(Day 3)"
20,34,190.0,64.0,0.0,3,0.0,true,"City18(Day 5)"
20,35,315.0,256.0,0.0,3,0.0,true,"City18(Day 2) -> City22(Day 5)"
20,36,258.0,225.0,0.0,3,0.0,true,"City16(Day 1) -> City18(Day 5)"
20,37,362.0,361.0,0.0,3,0.0,true,"City19(Day 0) -> City16(Day 3) -> City18(Day 5)"
20,38,375.0,441.0,0.0,3,0.0,true,"City16(Day 0) -> City18(Day 4) -> City24(Day 6)"
20,39,383.0,441.0,0.0,4,0.0,true,"City16(Day 2) -> City24(Day 3) -> City18(Day 4)"
20,40,260.0,225.0,0.0,4,0.0,true,"City16(Day 0) -> City18(Day 5)"
20,41,194.0,36.0,0.0,4,0.0,true,"City24(Day 1)"
20,42,360.0,289.0,0.0,4,0.0,true,"City14(Day 1) -> City18(Day 5)"
20,43,188.0,16.0,0.0,4,0.0,true,"City19(Day 6)"
20,44,224.0,64.0,0.0,4,0.0,true,"City22(Day 6)"
20,45,322.0,256.0,0.0,4,0.0,true,"City14(Day 4) -> City16(Day 6)"
20,46,510.0,625.0,0.0,4,0.0,true,"City14(Day 1) -> City18(Day 4) -> City22(Day 6)"
20,47,394.0,529.0,0.0,4,0.0,true,"City16(Day 0) -> City18(Day 2) -> City22(Day 5)"
20,48,197.0,49.0,0.0,4,0.0,true,"City16(Day 4)"
20,49,436.0,576.0,0.0,4,0.0,true,"City16(Day 0) -> City14(Day 1) -> City18(Day 3)"
20,50,366.0,361.0,0.0,4,0.0,true,"City16(Day 1) -> City19(Day 3) -> City18(Day 4)"
20,51,383.0,441.0,0.0,4,0.0,true,"City16(Day 1) -> City18(Day 2) -> City24(Day 6)"
20,52,593.0,676.0,0.0,4,0.0,true,"City14(Day 1) -> City4(Day 3) -> City18(Day 5)"
20,53,322.0,256.0,0.0,4,0.0,true,"City14(Day 1) -> City16(Day 6)"
20,54,395.0,529.0,0.0,5,0.0,true,"City16(Day 1) -> City22(Day 3) -> City18(Day 4)"
20,55,515.0,625.0,0.0,5,0.0,true,"City4(Day 0) -> City18(Day 1) -> City22(Day 5)"
20,56,198.0,9.0,0.0,5,0.0,true,"City7(Day 1)"
20,57,437.0,576.0,0.0,5,0.0,true,"City4(Day 2) -> City16(Day 4) -> City18(Day 5)"
20,58,328.0,256.0,0.0,5,0.0,true,"City14(Day 5) -> City16(Day 6)"
20,59,230.0,64.0,0.0,5,0.0,true,"City18(Day 1)"
20,60,367.0,361.0,0.0,5,0.0,true,"City16(Day 1) -> City19(Day 2) -> City22(Day 6)"
20,61,274.0,225.0,0.0,5,0.0,true,"City16(Day 2) -> City18(Day 4)"
20,62,600.0,676.0,0.0,5,0.0,true,"City4(Day 2) -> City22(Day 3) -> City14(Day 4)"
20,63,265.0,81.0,0.0,5,0.0,true,"City14(Day 3)"
20,64,200.0,49.0,0.0,5,0.0,true,"City16(Day 0)"
20,65,268.0,144.0,0.0,5,0.0,true,"City19(Day 3) -> City18(Day 4)"
20,66,201.0,16.0,0.0,6,0.0,true,"City25(Day 4)"
20,67,205.0,49.0,0.0,6,0.0,true,"City16(Day 5)"
20,68,524.0,625.0,0.0,6,0.0,true,"City22(Day 3) -> City18(Day 4) -> City14(Day 5)"
20,69,368.0,361.0,0.0,6,0.0,true,"City16(Day 0) -> City19(Day 3) -> City18(Day 4)"
20,70,283.0,225.0,0.0,6,0.0,true,"City22(Day 5) -> City16(Day 6)"
20,71,397.0,529.0,0.0,6,0.0,true,"City16(Day 0) -> City22(Day 3) -> City18(Day 4)"
20,72,332.0,256.0,0.0,6,0.0,true,"City18(Day 4) -> City22(Day 6)"
20,73,234.0,64.0,0.0,6,0.0,true,"City18(Day 0)"
20,74,269.0,121.0,0.0,6,0.0,true,"City19(Day 3) -> City16(Day 5)"
20,75,445.0,576.0,0.0,6,0.0,true,"City14(Day 1) -> City16(Day 3) -> City18(Day 5)"
21,1,237.0,225.0,0.0,1,0.0,true,"City16(Day 1) -> City18(Day 4)"
21,2,484.0,625.0,0.0,1,0.0,true,"City4(Day 2) -> City22(Day 3) -> City18(Day 4)"
21,3,384.0,529.0,0.0,1,0.0,true,"City16(Day 0) -> City18(Day 4) -> City22(Day 5)"
21,4,346.0,441.0,0.0,1,0.0,true,"City16(Day 1) -> City24(Day 3) -> City18(Day 4)"
21,5,165.0,64.0,0.0,1,0.0,true,"City18(Day 4)"
21,6,234.0,169.0,0.0,1,0.0,true,"City16(Day 0) -> City24(Day 3)"
21,7,136.0,16.0,0.0,1,0.0,true,"City19(Day 3)"
21,8,154.0,49.0,0.0,1,0.0,true,"City16(Day 6)"
21,9,341.0,361.0,0.0,1,0.0,true,"City19(Day 0) -> City16(Day 3) -> City18(Day 4)"
21,10,309.0,256.0,0.0,1,0.0,true,"City22(Day 3) -> City18(Day 4)"
21,11,532.0,676.0,0.0,1,0.0,true,"City4(Day 2) -> City14(Day 3) -> City18(Day 4)"
21,12,423.0,576.0,0.0,1,0.0,true,"City16(Day 0) -> City14(Day 1) -> City18(Day 4)"
21,13,343.0,289.0,0.0,2,0.0,true,"City14(Day 1) -> City18(Day 4)"
21,14,424.0,576.0,0.0,2,0.0,true,"City14(Day 1) -> City16(Day 3) -> City18(Day 4)"
21,15,367.0,441.0,0.0,2,0.0,true,"City16(Day 0) -> City18(Day 2) -> City24(Day 3)"
21,16,543.0,676.0,0.0,2,0.0,true,"City14(Day 1) -> City4(Day 4) -> City18(Day 5)"
21,17,239.0,225.0,0.0,2,0.0,true,"City16(Day 0) -> City18(Day 4)"
21,18,310.0,256.0,0.0,2,0.0,true,"City18(Day 4) -> City22(Day 5)"
21,19,169.0,64.0,0.0,2,0.0,true,"City22(Day 5)"
21,20,360.0,361.0,0.0,2,0.0,true,"City16(Day 1) -> City18(Day 2) -> City19(Day 3)"
21,21,386.0,529.0,0.0,2,0.0,true,"City16(Day 0) -> City22(Day 2) -> City18(Day 4)"
21,22,236.0,121.0,0.0,2,0.0,true,"City16(Day 0) -> City19(Day 3)"
21,23,168.0,49.0,0.0,2,0.0,true,"City16(Day 1)"
21,24,486.0,625.0,0.0,2,0.0,true,"City4(Day 2) -> City18(Day 3) -> City22(Day 5)"
21,25,572.0,676.0,0.0,3,0.0,true,"City4(Day 2) -> City22(Day 3) -> City14(Day 5)"
21,26,499.0,625.0,0.0,3,0.0,true,"City4(Day 1) -> City18(Day 3) -> City22(Day 5)"
21,27,190.0,64.0,0.0,3,0.0,true,"City18(Day 5)"
21,28,392.0,529.0,0.0,3,0.0,true,"City16(Day 1) -> City18(Day 2) -> City22(Day 5)"
21,29,181.0,16.0,0.0,3,0.0,true,"City19(Day 0)"
21,30,257.0,121.0,0.0,3,0.0,true,"City19(Day 3) -> City16(Day 6)"
21,31,356.0,289.0,0.0,3,0.0,true,"City14(Day 1) -> City18(Day 3)"
21,32,258.0,225.0,0.0,3,0.0,true,"City16(Day 1) -> City18(Day 5)"
21,33,253.0,81.0,0.0,3,0.0,true,"City4(Day 2)"
21,34,315.0,256.0,0.0,3,0.0,true,"City18(Day 2) -> City22(Day 5)"
21,35,499.0,625.0,0.0,3,0.0,true,"City14(Day 1) -> City22(Day 3) -> City18(Day 4)"
21,36,375.0,441.0,0.0,3,0.0,true,"City16(Day 0) -> City18(Day 4) -> City24(Day 6)"
21,37,362.0,361.0,0.0,3,0.0,true,"City19(Day 0) -> City16(Day 3) -> City18(Day 5)"
21,38,426.0,576.0,0.0,3,0.0,true,"City4(Day 2) -> City16(Day 3) -> City18(Day 5)"
21,39,224.0,64.0,0.0,4,0.0,true,"City22(Day 6)"
21,40,366.0,361.0,0.0,4,0.0,true,"City16(Day 1) -> City19(Day 3) -> City18(Day 4)"
21,41,194.0,36.0,0.0,4,0.0,true,"City24(Day 1)"
21,42,383.0,441.0,0.0,4,0.0,true,"City16(Day 1) -> City18(Day 2) -> City24(Day 6)"
21,43,436.0,576.0,0.0,4,0.0,true,"City16(Day 0) -> City14(Day 1) -> City18(Day 3)"
21,44,322.0,256.0,0.0,4,0.0,true,"City14(Day 4) -> City16(Day 6)"
21,45,383.0,441.0,0.0,4,0.0,true,"City16(Day 2) -> City24(Day 3) -> City18(Day 4)"
21,46,360.0,289.0,0.0,4,0.0,true,"City14(Day 1) -> City18(Day 5)"
21,47,259.0,121.0,0.0,4,0.0,true,"City16(Day 0) -> City19(Day 6)"
21,48,197.0,49.0,0.0,4,0.0,true,"City16(Day 4)"
21,49,510.0,625.0,0.0,4,0.0,true,"City14(Day 1) -> City18(Day 4) -> City22(Day 6)"
21,50,394.0,529.0,0.0,4,0.0,true,"City16(Day 0) -> City18(Day 2) -> City22(Day 5)"
21,51,188.0,16.0,0.0,4,0.0,true,"City19(Day 6)"
21,52,260.0,225.0,0.0,4,0.0,true,"City16(Day 0) -> City18(Day 5)"
21,53,322.0,256.0,0.0,4,0.0,true,"City14(Day 1) -> City16(Day 6)"
21,54,587.0,676.0,0.0,4,0.0,true,"City14(Day 1) -> City4(Day 2) -> City18(Day 4)"
21,55,328.0,256.0,0.0,5,0.0,true,"City14(Day 5) -> City16(Day 6)"
21,56,437.0,576.0,0.0,5,0.0,true,"City4(Day 2) -> City16(Day 4) -> City18(Day 5)"
21,57,265.0,81.0,0.0,5,0.0,true,"City14(Day 3)"
21,58,268.0,144.0,0.0,5,0.0,true,"City19(Day 3) -> City18(Day 4)"
21,59,593.0,676.0,0.0,5,0.0,true,"City14(Day 1) -> City4(Day 3) -> City18(Day 5)"
21,60,230.0,64.0,0.0,5,0.0,true,"City18(Day 1)"
21,61,274.0,225.0,0.0,5,0.0,true,"City16(Day 2) -> City18(Day 4)"
21,62,367.0,361.0,0.0,5,0.0,true,"City16(Day 1) -> City19(Day 2) -> City22(Day 6)"
21,63,515.0,625.0,0.0,5,0.0,true,"City4(Day 0) -> City18(Day 1) -> City22(Day 5)"
21,64,198.0,9.0,0.0,5,0.0,true,"City7(Day 1)"
21,65,395.0,529.0,0.0,5,0.0,true,"City16(Day 1) -> City22(Day 3) -> City18(Day 4)"
21,66,200.0,49.0,0.0,5,0.0,true,"City16(Day 0)"
21,67,397.0,529.0,0.0,6,0.0,true,"City16(Day 0) -> City22(Day 3) -> City18(Day 4)"
21,68,205.0,49.0,0.0,6,0.0,true,"City16(Day 5)"
21,69,445.0,576.0,0.0,6,0.0,true,"City14(Day 1) -> City16(Day 3) -> City18(Day 5)"
21,70,269.0,121.0,0.0,6,0.0,true,"City19(Day 3) -> City16(Day 5)"
21,71,368.0,361.0,0.0,6,0.0,true,"City16(Day 0) -> City19(Day 3) -> City18(Day 4)"
21,72,600.0,676.0,0.0,6,0.0,true,"City4(Day 2) -> City22(Day 3) -> City14(Day 4)"
21,73,234.0,64.0,0.0,6,0.0,true,"City18(Day 0)"
21,74,524.0,625.0,0.0,6,0.0,true,"City22(Day 3) -> City18(Day 4) -> City14(Day 5)"
21,75,332.0,256.0,0.0,6,0.0,true,"City18(Day 4) -> City22(Day 6)"
22,1,532.0,676.0,0.0,1,0.0,true,"City4(Day 2) -> City14(Day 3) -> City18(Day 4)"
22,2,484.0,625.0,0.0,1,0.0,true,"City4(Day 2) -> City22(Day 3) -> City18(Day 4)"
22,3,234.0,169.0,0.0,1,0.0,true,"City16(Day 0) -> City24(Day 3)"
22,4,346.0,441.0,0.0,1,0.0,true,"City16(Day 1) -> City24(Day 3) -> City18(Day 4)"
22,5,341.0,361.0,0.0,1,0.0,true,"City19(Day 0) -> City16(Day 3) -> City18(Day 4)"
22,6,154.0,49.0,0.0,1,0.0,true,"City16(Day 6)"
22,7,237.0,225.0,0.0,1,0.0,true,"City16(Day 1) -> City18(Day 4)"
22,8,384.0,529.0,0.0,1,0.0,true,"City16(Day 0) -> City18(Day 4) -> City22(Day 5)"
22,9,136.0,16.0,0.0,1,0.0,true,"City19(Day 3)"
22,10,165.0,64.0,0.0,1,0.0,true,"City18(Day 4)"
22,11,423.0,576.0,0.0,1,0.0,true,"City16(Day 0) -> City14(Day 1) -> City18(Day 4)"
22,12,309.0,256.0,0.0,1,0.0,true,"City22(Day 3) -> City18(Day 4)"
22,13,360.0,361.0,0.0,2,0.0,true,"City16(Day 1) -> City18(Day 2) -> City19(Day 3)"
22,14,239.0,225.0,0.0,2,0.0,true,"City16(Day 0) -> City18(Day 4)"
22,15,236.0,121.0,0.0,2,0.0,true,"City16(Day 0) -> City19(Day 3)"
22,16,486.0,625.0,0.0,2,0.0,true,"City4(Day 2) -> City18(Day 3) -> City22(Day 5)"
22,17,424.0,576.0,0.0,2,0.0,true,"City14(Day 1) -> City16(Day 3) -> City18(Day 4)"
22,18,367.0,441.0,0.0,2,0.0,true,"City16(Day 0) -> City18(Day 2) -> City24(Day 3)"
22,19,310.0,256.0,0.0,2,0.0,true,"City18(Day 4) -> City22(Day 5)"
22,20,343.0,289.0,0.0,2,0.0,true,"City14(Day 1) -> City18(Day 4)"
22,21,386.0,529.0,0.0,2,0.0,true,"City16(Day 0) -> City22(Day 2) -> City18(Day 4)"
22,22,168.0,49.0,0.0,2,0.0,true,"City16(Day 1)"
22,23,169.0,64.0,0.0,2,0.0,true,"City22(Day 5)"
22,24,543.0,676.0,0.0,2,0.0,true,"City14(Day 1) -> City4(Day 4) -> City18(Day 5)"
22,25,499.0,625.0,0.0,3,0.0,true,"City14(Day 1) -> City22(Day 3) -> City18(Day 4)"
22,26,499.0,625.0,0.0,3,0.0,true,"City4(Day 1) -> City18(Day 3) -> City22(Day 5)"
22,27,315.0,256.0,0.0,3,0.0,true,"City18(Day 2) -> City22(Day 5)"
22,28,253.0,81.0,0.0,3,0.0,true,"City4(Day 2)"
22,29,257.0,121.0,0.0,3,0.0,true,"City19(Day 3) -> City16(Day 6)"
22,30,190.0,64.0,0.0,3,0.0,true,"City18(Day 5)"
22,31,362.0,361.0,0.0,3,0.0,true,"City19(Day 0) -> City16(Day 3) -> City18(Day 5)"
22,32,181.0,16.0,0.0,3,0.0,true,"City19(Day 0)"
22,33,392.0,529.0,0.0,3,0.0,true,"City16(Day 1) -> City18(Day 2) -> City22(Day 5)"
22,34,569.0,676.0,0.0,3,0.0,true,"City4(Day 1) -> City18(Day 3) -> City14(Day 5)"
22,35,258.0,225.0,0.0,3,0.0,true,"City16(Day 1) -> City18(Day 5)"
22,36,356.0,289.0,0.0,3,0.0,true,"City14(Day 1) -> City18(Day 3)"
22,37,375.0,441.0,0.0,3,0.0,true,"City16(Day 0) -> City18(Day 4) -> City24(Day 6)"
22,38,426.0,576.0,0.0,3,0.0,true,"City4(Day 2) -> City16(Day 3) -> City18(Day 5)"
22,39,366.0,361.0,0.0,4,0.0,true,"City16(Day 1) -> City19(Day 3) -> City18(Day 4)"
22,40,322.0,256.0,0.0,4,0.0,true,"City14(Day 1) -> City16(Day 6)"
22,41,394.0,529.0,0.0,4,0.0,true,"City16(Day 0) -> City18(Day 2) -> City22(Day 5)"
22,42,188.0,16.0,0.0,4,0.0,true,"City19(Day 6)"
22,43,510.0,625.0,0.0,4,0.0,true,"City14(Day 1) -> City18(Day 4) -> City22(Day 6)"
22,44,197.0,49.0,0.0,4,0.0,true,"City16(Day 4)"
22,45,194.0,36.0,0.0,4,0.0,true,"City24(Day 1)"
22,46,260.0,225.0,0.0,4,0.0,true,"City16(Day 0) -> City18(Day 5)"
22,47,360.0,289.0,0.0,4,0.0,true,"City14(Day 1) -> City18(Day 5)"
22,48,383.0,441.0,0.0,4,0.0,true,"City16(Day 1) -> City18(Day 2) -> City24(Day 6)"
22,49,572.0,676.0,0.0,4,0.0,true,"City4(Day 2) -> City22(Day 3) -> City14(Day 5)"
22,50,224.0,64.0,0.0,4,0.0,true,"City22(Day 6)"
22,51,383.0,441.0,0.0,4,0.0,true,"City16(Day 2) -> City24(Day 3) -> City18(Day 4)"
22,52,259.0,121.0,0.0,4,0.0,true,"City16(Day 0) -> City19(Day 6)"
22,53,322.0,256.0,0.0,4,0.0,true,"City14(Day 4) -> City16(Day 6)"
22,54,436.0,576.0,0.0,4,0.0,true,"City16(Day 0) -> City14(Day 1) -> City18(Day 3)"
22,55,198.0,9.0,0.0,5,0.0,true,"City7(Day 1)"
22,56,200.0,49.0,0.0,5,0.0,true,"City16(Day 0)"
22,57,326.0,256.0,0.0,5,0.0,true,"City22(Day 1) -> City18(Day 4)"
22,58,395.0,529.0,0.0,5,0.0,true,"City16(Day 1) -> City22(Day 3) -> City18(Day 4)"
22,59,515.0,625.0,0.0,5,0.0,true,"City4(Day 0) -> City18(Day 1) -> City22(Day 5)"
22,60,274.0,225.0,0.0,5,0.0,true,"City16(Day 2) -> City18(Day 4)"
22,61,437.0,576.0,0.0,5,0.0,true,"City4(Day 2) -> City16(Day 4) -> City18(Day 5)"
22,62,230.0,64.0,0.0,5,0.0,true,"City18(Day 1)"
22,63,265.0,81.0,0.0,5,0.0,true,"City14(Day 3)"
22,64,576.0,676.0,0.0,5,0.0,true,"City14(Day 1) -> City4(Day 2) -> City18(Day 5)"
22,65,268.0,144.0,0.0,5,0.0,true,"City19(Day 3) -> City18(Day 4)"
22,66,367.0,361.0,0.0,5,0.0,true,"City16(Day 1) -> City19(Day 2) -> City22(Day 6)"
22,67,328.0,256.0,0.0,6,0.0,true,"City14(Day 5) -> City16(Day 6)"
22,68,445.0,576.0,0.0,6,0.0,true,"City14(Day 1) -> City16(Day 3) -> City18(Day 5)"
22,69,269.0,121.0,0.0,6,0.0,true,"City19(Day 3) -> City16(Day 5)"
22,70,524.0,625.0,0.0,6,0.0,true,"City22(Day 3) -> City18(Day 4) -> City14(Day 5)"
22,71,306.0,225.0,0.0,6,0.0,true,"City16(Day 0) -> City18(Day 3)"
22,72,397.0,529.0,0.0,6,0.0,true,"City16(Day 0) -> City22(Day 3) -> City18(Day 4)"
22,73,234.0,64.0,0.0,6,0.0,true,"City18(Day 0)"
22,74,205.0,49.0,0.0,6,0.0,true,"City16(Day 5)"
22,75,581.0,676.0,0.0,6,0.0,true,"City4(Day 0) -> City18(Day 1) -> City14(Day 3)"
23,1,384.0,529.0,0.0,1,0.0,true,"City16(Day 0) -> City18(Day 4) -> City22(Day 5)"
23,2,484.0,625.0,0.0,1,0.0,true,"City4(Day 2) -> City22(Day 3) -> City18(Day 4)"
23,3,136.0,16.0,0.0,1,0.0,true,"City19(Day 3)"
23,4,154.0,49.0,0.0,1,0.0,true,"City16(Day 6)"
23,5,234.0,169.0,0.0,1,0.0,true,"City16(Day 0) -> City24(Day 3)"
23,6,309.0,256.0,0.0,1,0.0,true,"City22(Day 3) -> City18(Day 4)"
23,7,423.0,576.0,0.0,1,0.0,true,"City16(Day 0) -> City14(Day 1) -> City18(Day 4)"
23,8,165.0,64.0,0.0,1,0.0,true,"City18(Day 4)"
23,9,237.0,225.0,0.0,1,0.0,true,"City16(Day 1) -> City18(Day 4)"
23,10,341.0,361.0,0.0,1,0.0,true,"City19(Day 0) -> City16(Day 3) -> City18(Day 4)"
23,11,346.0,441.0,0.0,1,0.0,true,"City16(Day 1) -> City24(Day 3) -> City18(Day 4)"
23,12,532.0,676.0,0.0,1,0.0,true,"City4(Day 2) -> City14(Day 3) -> City18(Day 4)"
23,13,543.0,676.0,0.0,2,0.0,true,"City14(Day 1) -> City4(Day 4) -> City18(Day 5)"
23,14,486.0,625.0,0.0,2,0.0,true,"City4(Day 2) -> City18(Day 3) -> City22(Day 5)"
23,15,168.0,49.0,0.0,2,0.0,true,"City16(Day 1)"
23,16,367.0,441.0,0.0,2,0.0,true,"City16(Day 0) -> City18(Day 2) -> City24(Day 3)"
23,17,342.0,361.0,0.0,2,0.0,true,"City19(Day 1) -> City16(Day 3) -> City18(Day 4)"
23,18,310.0,256.0,0.0,2,0.0,true,"City18(Day 4) -> City22(Day 5)"
23,19,169.0,64.0,0.0,2,0.0,true,"City22(Day 5)"
23,20,386.0,529.0,0.0,2,0.0,true,"City16(Day 0) -> City22(Day 2) -> City18(Day 4)"
23,21,234.0,121.0,0.0,2,0.0,true,"City16(Day 1) -> City19(Day 3)"
23,22,239.0,225.0,0.0,2,0.0,true,"City16(Day 0) -> City18(Day 4)"
23,23,424.0,576.0,0.0,2,0.0,true,"City14(Day 1) -> City16(Day 3) -> City18(Day 4)"
23,24,392.0,529.0,0.0,3,0.0,true,"City16(Day 1) -> City18(Day 2) -> City22(Day 5)"
23,25,190.0,64.0,0.0,3,0.0,true,"City18(Day 5)"
23,26,258.0,225.0,0.0,3,0.0,true,"City16(Day 1) -> City18(Day 5)"
23,27,343.0,289.0,0.0,3,0.0,true,"City14(Day 1) -> City18(Day 4)"
23,28,426.0,576.0,0.0,3,0.0,true,"City4(Day 2) -> City16(Day 3) -> City18(Day 5)"
23,29,181.0,16.0,0.0,3,0.0,true,"City19(Day 0)"
23,30,375.0,441.0,0.0,3,0.0,true,"City16(Day 0) -> City18(Day 4) -> City24(Day 6)"
23,31,499.0,625.0,0.0,3,0.0,true,"City14(Day 1) -> City22(Day 3) -> City18(Day 4)"
23,32,569.0,676.0,0.0,3,0.0,true,"City4(Day 1) -> City18(Day 3) -> City14(Day 5)"
23,33,315.0,256.0,0.0,3,0.0,true,"City18(Day 2) -> City22(Day 5)"
23,34,499.0,625.0,0.0,3,0.0,true,"City4(Day 1) -> City18(Day 3) -> City22(Day 5)"
23,35,236.0,121.0,0.0,3,0.0,true,"City16(Day 0) -> City19(Day 3)"
23,36,360.0,361.0,0.0,3,0.0,true,"City16(Day 1) -> City18(Day 2) -> City19(Day 3)"
23,37,253.0,81.0,0.0,4,0.0,true,"City4(Day 2)"
23,38,436.0,576.0,0.0,4,0.0,true,"City16(Day 0) -> City14(Day 1) -> City18(Day 3)"
23,39,197.0,49.0,0.0,4,0.0,true,"City16(Day 4)"
23,40,394.0,529.0,0.0,4,0.0,true,"City16(Day 0) -> City18(Day 2) -> City22(Day 5)"
23,41,572.0,676.0,0.0,4,0.0,true,"City4(Day 2) -> City22(Day 3) -> City14(Day 5)"
23,42,257.0,121.0,0.0,4,0.0,true,"City19(Day 3) -> City16(Day 6)"
23,43,188.0,16.0,0.0,4,0.0,true,"City19(Day 6)"
23,44,383.0,441.0,0.0,4,0.0,true,"City16(Day 1) -> City18(Day 2) -> City24(Day 6)"
23,45,322.0,256.0,0.0,4,0.0,true,"City14(Day 1) -> City16(Day 6)"
23,46,383.0,441.0,0.0,4,0.0,true,"City16(Day 2) -> City24(Day 3) -> City18(Day 4)"
23,47,510.0,625.0,0.0,4,0.0,true,"City14(Day 1) -> City18(Day 4) -> City22(Day 6)"
23,48,194.0,36.0,0.0,4,0.0,true,"City24(Day 1)"
23,49,260.0,225.0,0.0,4,0.0,true,"City16(Day 0) -> City18(Day 5)"
23,50,362.0,361.0,0.0,4,0.0,true,"City19(Day 0) -> City16(Day 3) -> City18(Day 5)"
23,51,356.0,289.0,0.0,4,0.0,true,"City14(Day 1) -> City18(Day 3)"
23,52,224.0,64.0,0.0,4,0.0,true,"City22(Day 6)"
23,53,322.0,256.0,0.0,4,0.0,true,"City14(Day 4) -> City16(Day 6)"
23,54,326.0,256.0,0.0,5,0.0,true,"City22(Day 1) -> City18(Day 4)"
23,55,395.0,529.0,0.0,5,0.0,true,"City16(Day 1) -> City22(Day 3) -> City18(Day 4)"
23,56,230.0,64.0,0.0,5,0.0,true,"City18(Day 1)"
23,57,200.0,49.0,0.0,5,0.0,true,"City16(Day 0)"
23,58,366.0,361.0,0.0,5,0.0,true,"City16(Day 1) -> City19(Day 3) -> City18(Day 4)"
23,59,393.0,441.0,0.0,5,0.0,true,"City16(Day 0) -> City24(Day 3) -> City18(Day 5)"
23,60,576.0,676.0,0.0,5,0.0,true,"City14(Day 1) -> City4(Day 2) -> City18(Day 5)"
23,61,198.0,9.0,0.0,5,0.0,true,"City7(Day 1)"
23,62,259.0,121.0,0.0,5,0.0,true,"City16(Day 0) -> City19(Day 6)"
23,63,360.0,289.0,0.0,5,0.0,true,"City14(Day 1) -> City18(Day 5)"
23,64,268.0,144.0,0.0,5,0.0,true,"City19(Day 3) -> City18(Day 4)"
23,65,515.0,625.0,0.0,5,0.0,true,"City4(Day 0) -> City18(Day 1) -> City22(Day 5)"
23,66,437.0,576.0,0.0,5,0.0,true,"City4(Day 2) -> City16(Day 4) -> City18(Day 5)"
23,67,274.0,225.0,0.0,5,0.0,true,"City16(Day 2) -> City18(Day 4)"
23,68,439.0,576.0,0.0,6,0.0,true,"City4(Day 1) -> City16(Day 3) -> City18(Day 5)"
23,69,306.0,225.0,0.0,6,0.0,true,"City16(Day 0) -> City18(Day 3)"
23,70,302.0,169.0,0.0,6,0.0,true,"City16(Day 0) -> City24(Day 1)"
23,71,265.0,81.0,0.0,6,0.0,true,"City14(Day 3)"
23,72,397.0,529.0,0.0,6,0.0,true,"City16(Day 0) -> City22(Day 3) -> City18(Day 4)"
23,73,328.0,256.0,0.0,6,0.0,true,"City14(Day 5) -> City16(Day 6)"
23,74,234.0,64.0,0.0,6,0.0,true,"City18(Day 0)"
23,75,205.0,49.0,0.0,6,0.0,true,"City16(Day 5)"
24,1,423.0,576.0,0.0,1,0.0,true,"City16(Day 0) -> City14(Day 1) -> City18(Day 4)"
24,2,309.0,256.0,0.0,1,0.0,true,"City22(Day 3) -> City18(Day 4)"
24,3,234.0,169.0,0.0,1,0.0,true,"City16(Day 0) -> City24(Day 3)"
24,4,165.0,64.0,0.0,1,0.0,true,"City18(Day 4)"
24,5,346.0,441.0,0.0,1,0.0,true,"City16(Day 1) -> City24(Day 3) -> City18(Day 4)"
24,6,384.0,529.0,0.0,1,0.0,true,"City16(Day 0) -> City18(Day 4) -> City22(Day 5)"
24,7,484.0,625.0,0.0,1,0.0,true,"City4(Day 2) -> City22(Day 3) -> City18(Day 4)"
24,8,136.0,16.0,0.0,1,0.0,true,"City19(Day 3)"
24,9,237.0,225.0,0.0,1,0.0,true,"City16(Day 1) -> City18(Day 4)"
24,10,154.0,49.0,0.0,1,0.0,true,"City16(Day 6)"
24,11,341.0,361.0,0.0,1,0.0,true,"City19(Day 0) -> City16(Day 3) -> City18(Day 4)"
24,12,532.0,676.0,0.0,1,0.0,true,"City4(Day 2) -> City14(Day 3) -> City18(Day 4)"
24,13,168.0,49.0,0.0,2,0.0,true,"City16(Day 1)"
24,14,239.0,225.0,0.0,2,0.0,true,"City16(Day 0) -> City18(Day 4)"
24,15,310.0,256.0,0.0,2,0.0,true,"City18(Day 4) -> City22(Day 5)"
24,16,234.0,121.0,0.0,2,0.0,true,"City16(Day 1) -> City19(Day 3)"
24,17,386.0,529.0,0.0,2,0.0,true,"City16(Day 0) -> City22(Day 2) -> City18(Day 4)"
24,18,342.0,361.0,0.0,2,0.0,true,"City19(Day 1) -> City16(Day 3) -> City18(Day 4)"
24,19,169.0,64.0,0.0,2,0.0,true,"City22(Day 5)"
24,20,367.0,441.0,0.0,2,0.0,true,"City16(Day 0) -> City18(Day 2) -> City24(Day 3)"
24,21,424.0,576.0,0.0,2,0.0,true,"City14(Day 1) -> City16(Day 3) -> City18(Day 4)"
24,22,486.0,625.0,0.0,2,0.0,true,"City4(Day 2) -> City18(Day 3) -> City22(Day 5)"
24,23,543.0,676.0,0.0,2,0.0,true,"City14(Day 1) -> City4(Day 4) -> City18(Day 5)"
24,24,190.0,64.0,0.0,3,0.0,true,"City18(Day 5)"
24,25,499.0,625.0,0.0,3,0.0,true,"City14(Day 1) -> City22(Day 3) -> City18(Day 4)"
24,26,360.0,361.0,0.0,3,0.0,true,"City16(Day 1) -> City18(Day 2) -> City19(Day 3)"
24,27,343.0,289.0,0.0,3,0.0,true,"City14(Day 1) -> City18(Day 4)"
24,28,375.0,441.0,0.0,3,0.0,true,"City16(Day 0) -> City18(Day 4) -> City24(Day 6)"
24,29,181.0,16.0,0.0,3,0.0,true,"City19(Day 0)"
24,30,392.0,529.0,0.0,3,0.0,true,"City16(Day 1) -> City18(Day 2) -> City22(Day 5)"
24,31,499.0,625.0,0.0,3,0.0,true,"City4(Day 1) -> City18(Day 3) -> City22(Day 5)"
24,32,258.0,225.0,0.0,3,0.0,true,"City16(Day 1) -> City18(Day 5)"
24,33,426.0,576.0,0.0,3,0.0,true,"City4(Day 2) -> City16(Day 3) -> City18(Day 5)"
24,34,315.0,256.0,0.0,3,0.0,true,"City18(Day 2) -> City22(Day 5)"
24,35,236.0,121.0,0.0,3,0.0,true,"City16(Day 0) -> City19(Day 3)"
24,36,564.0,676.0,0.0,3,0.0,true,"City4(Day 1) -> City14(Day 4) -> City18(Day 5)"
24,37,383.0,441.0,0.0,4,0.0,true,"City16(Day 1) -> City18(Day 2) -> City24(Day 6)"
24,38,322.0,256.0,0.0,4,0.0,true,"City14(Day 1) -> City16(Day 6)"
24,39,322.0,256.0,0.0,4,0.0,true,"City14(Day 4) -> City16(Day 6)"
24,40,383.0,441.0,0.0,4,0.0,true,"City16(Day 2) -> City24(Day 3) -> City18(Day 4)"
24,41,436.0,576.0,0.0,4,0.0,true,"City16(Day 0) -> City14(Day 1) -> City18(Day 3)"
24,42,188.0,16.0,0.0,4,0.0,true,"City19(Day 6)"
24,43,253.0,81.0,0.0,4,0.0,true,"City4(Day 2)"
24,44,224.0,64.0,0.0,4,0.0,true,"City22(Day 6)"
24,45,362.0,361.0,0.0,4,0.0,true,"City19(Day 0) -> City16(Day 3) -> City18(Day 5)"
24,46,510.0,625.0,0.0,4,0.0,true,"City14(Day 1) -> City18(Day 4) -> City22(Day 6)"
24,47,194.0,36.0,0.0,4,0.0,true,"City24(Day 1)"
24,48,569.0,676.0,0.0,4,0.0,true,"City4(Day 1) -> City18(Day 3) -> City14(Day 5)"
24,49,394.0,529.0,0.0,4,0.0,true,"City16(Day 0) -> City18(Day 2) -> City22(Day 5)"
24,50,257.0,121.0,0.0,4,0.0,true,"City19(Day 3) -> City16(Day 6)"
24,51,197.0,49.0,0.0,4,0.0,true,"City16(Day 4)"
24,52,260.0,225.0,0.0,4,0.0,true,"City16(Day 0) -> City18(Day 5)"
24,53,356.0,289.0,0.0,4,0.0,true,"City14(Day 1) -> City18(Day 3)"
24,54,259.0,121.0,0.0,5,0.0,true,"City16(Day 0) -> City19(Day 6)"
24,55,274.0,225.0,0.0,5,0.0,true,"City16(Day 2) -> City18(Day 4)"
24,56,200.0,49.0,0.0,5,0.0,true,"City16(Day 0)"
24,57,437.0,576.0,0.0,5,0.0,true,"City4(Day 2) -> City16(Day 4) -> City18(Day 5)"
24,58,572.0,676.0,0.0,5,0.0,true,"City4(Day 2) -> City22(Day 3) -> City14(Day 5)"
24,59,393.0,441.0,0.0,5,0.0,true,"City16(Day 0) -> City24(Day 3) -> City18(Day 5)"
24,60,198.0,9.0,0.0,5,0.0,true,"City7(Day 1)"
24,61,395.0,529.0,0.0,5,0.0,true,"City16(Day 1) -> City22(Day 3) -> City18(Day 4)"
24,62,515.0,625.0,0.0,5,0.0,true,"City4(Day 0) -> City18(Day 1) -> City22(Day 5)"
24,63,360.0,289.0,0.0,5,0.0,true,"City14(Day 1) -> City18(Day 5)"
24,64,326.0,256.0,0.0,5,0.0,true,"City22(Day 1) -> City18(Day 4)"
24,65,268.0,144.0,0.0,5,0.0,true,"City19(Day 3) -> City18(Day 4)"
24,66,230.0,64.0,0.0,5,0.0,true,"City18(Day 1)"
24,67,366.0,361.0,0.0,5,0.0,true,"City16(Day 1) -> City19(Day 3) -> City18(Day 4)"
24,68,302.0,169.0,0.0,6,0.0,true,"City16(Day 0) -> City24(Day 1)"
24,69,439.0,576.0,0.0,6,0.0,true,"City4(Day 1) -> City16(Day 3) -> City18(Day 5)"
24,70,387.0,361.0,0.0,6,0.0,true,"City12(Day 1) -> City16(Day 3) -> City18(Day 5)"
24,71,234.0,64.0,0.0,6,0.0,true,"City18(Day 0)"
24,72,375.0,289.0,0.0,6,0.0,true,"City16(Day 0) -> City24(Day 3) -> City25(Day 4)"
24,73,265.0,81.0,0.0,6,0.0,true,"City14(Day 3)"
24,74,397.0,529.0,0.0,6,0.0,true,"City16(Day 0) -> City22(Day 3) -> City18(Day 4)"
24,75,328.0,256.0,0.0,6,0.0,true,"City14(Day 5) -> City16(Day 6)"
25,1,309.0,256.0,0.0,1,0.0,true,"City22(Day 3) -> City18(Day 4)"
25,2,341.0,361.0,0.0,1,0.0,true,"City19(Day 0) -> City16(Day 3) -> City18(Day 4)"
25,3,484.0,625.0,0.0,1,0.0,true,"City4(Day 2) -> City22(Day 3) -> City18(Day 4)"
25,4,384.0,529.0,0.0,1,0.0,true,"City16(Day 0) -> City18(Day 4) -> City22(Day 5)"
25,5,154.0,49.0,0.0,1,0.0,true,"City16(Day 6)"
25,6,234.0,169.0,0.0,1,0.0,true,"City16(Day 0) -> City24(Day 3)"
25,7,165.0,64.0,0.0,1,0.0,true,"City18(Day 4)"
25,8,423.0,576.0,0.0,1,0.0,true,"City16(Day 0) -> City14(Day 1) -> City18(Day 4)"
25,9,532.0,676.0,0.0,1,0.0,true,"City4(Day 2) -> City14(Day 3) -> City18(Day 4)"
25,10,346.0,441.0,0.0,1,0.0,true,"City16(Day 1) -> City24(Day 3) -> City18(Day 4)"
25,11,237.0,225.0,0.0,1,0.0,true,"City16(Day 1) -> City18(Day 4)"
25,12,136.0,16.0,0.0,1,0.0,true,"City19(Day 3)"
25,13,386.0,529.0,0.0,2,0.0,true,"City16(Day 0) -> City22(Day 2) -> City18(Day 4)"
25,14,486.0,625.0,0.0,2,0.0,true,"City4(Day 2) -> City18(Day 3) -> City22(Day 5)"
25,15,424.0,576.0,0.0,2,0.0,true,"City14(Day 1) -> City16(Day 3) -> City18(Day 4)"
25,16,367.0,441.0,0.0,2,0.0,true,"City16(Day 0) -> City18(Day 2) -> City24(Day 3)"
25,17,543.0,676.0,0.0,2,0.0,true,"City14(Day 1) -> City4(Day 4) -> City18(Day 5)"
25,18,168.0,49.0,0.0,2,0.0,true,"City16(Day 1)"
25,19,239.0,225.0,0.0,2,0.0,true,"City16(Day 0) -> City18(Day 4)"
25,20,342.0,361.0,0.0,2,0.0,true,"City19(Day 1) -> City16(Day 3) -> City18(Day 4)"
25,21,169.0,64.0,0.0,2,0.0,true,"City22(Day 5)"
25,22,310.0,256.0,0.0,2,0.0,true,"City18(Day 4) -> City22(Day 5)"
25,23,234.0,121.0,0.0,2,0.0,true,"City16(Day 1) -> City19(Day 3)"
25,24,499.0,625.0,0.0,3,0.0,true,"City4(Day 1) -> City18(Day 3) -> City22(Day 5)"
25,25,343.0,289.0,0.0,3,0.0,true,"City14(Day 1) -> City18(Day 4)"
25,26,375.0,441.0,0.0,3,0.0,true,"City16(Day 0) -> City18(Day 4) -> City24(Day 6)"
25,27,181.0,16.0,0.0,3,0.0,true,"City19(Day 0)"
25,28,426.0,576.0,0.0,3,0.0,true,"City4(Day 2) -> City16(Day 3) -> City18(Day 5)"
25,29,360.0,361.0,0.0,3,0.0,true,"City16(Day 1) -> City18(Day 2) -> City19(Day 3)"
25,30,315.0,256.0,0.0,3,0.0,true,"City18(Day 2) -> City22(Day 5)"
25,31,258.0,225.0,0.0,3,0.0,true,"City16(Day 1) -> City18(Day 5)"
25,32,564.0,676.0,0.0,3,0.0,true,"City4(Day 1) -> City14(Day 4) -> City18(Day 5)"
25,33,190.0,64.0,0.0,3,0.0,true,"City18(Day 5)"
25,34,499.0,625.0,0.0,3,0.0,true,"City14(Day 1) -> City22(Day 3) -> City18(Day 4)"
25,35,388.0,529.0,0.0,3,0.0,true,"City16(Day 0) -> City18(Day 1) -> City22(Day 5)"
25,36,236.0,121.0,0.0,3,0.0,true,"City16(Day 0) -> City19(Day 3)"
25,37,392.0,529.0,0.0,4,0.0,true,"City16(Day 1) -> City18(Day 2) -> City22(Day 5)"
25,38,260.0,225.0,0.0,4,0.0,true,"City16(Day 0) -> City18(Day 5)"
25,39,510.0,625.0,0.0,4,0.0,true,"City14(Day 1) -> City18(Day 4) -> City22(Day 6)"
25,40,569.0,676.0,0.0,4,0.0,true,"City4(Day 1) -> City18(Day 3) -> City14(Day 5)"
25,41,383.0,441.0,0.0,4,0.0,true,"City16(Day 1) -> City18(Day 2) -> City24(Day 6)"
25,42,257.0,121.0,0.0,4,0.0,true,"City16(Day 1) -> City19(Day 6)"
25,43,362.0,361.0,0.0,4,0.0,true,"City19(Day 0) -> City16(Day 3) -> City18(Day 5)"
25,44,436.0,576.0,0.0,4,0.0,true,"City16(Day 0) -> City14(Day 1) -> City18(Day 3)"
25,45,197.0,49.0,0.0,4,0.0,true,"City16(Day 4)"
25,46,322.0,256.0,0.0,4,0.0,true,"City14(Day 4) -> City16(Day 6)"
25,47,356.0,289.0,0.0,4,0.0,true,"City14(Day 1) -> City18(Day 3)"
25,48,188.0,16.0,0.0,4,0.0,true,"City19(Day 6)"
25,49,194.0,36.0,0.0,4,0.0,true,"City24(Day 1)"
25,50,253.0,81.0,0.0,4,0.0,true,"City4(Day 2)"
25,51,383.0,441.0,0.0,4,0.0,true,"City16(Day 2) -> City24(Day 3) -> City18(Day 4)"
25,52,257.0,121.0,0.0,4,0.0,true,"City19(Day 3) -> City16(Day 6)"
25,53,322.0,256.0,0.0,4,0.0,true,"City14(Day 1) -> City16(Day 6)"
25,54,224.0,64.0,0.0,4,0.0,true,"City22(Day 6)"
25,55,268.0,144.0,0.0,5,0.0,true,"City19(Day 3) -> City18(Day 4)"
25,56,394.0,529.0,0.0,5,0.0,true,"City16(Day 0) -> City18(Day 2) -> City22(Day 5)"
25,57,515.0,625.0,0.0,5,0.0,true,"City4(Day 0) -> City18(Day 1) -> City22(Day 5)"
25,58,326.0,256.0,0.0,5,0.0,true,"City22(Day 1) -> City18(Day 4)"
25,59,572.0,676.0,0.0,5,0.0,true,"City4(Day 2) -> City22(Day 3) -> City14(Day 5)"
25,60,198.0,9.0,0.0,5,0.0,true,"City7(Day 1)"
25,61,360.0,289.0,0.0,5,0.0,true,"City14(Day 1) -> City18(Day 5)"
25,62,393.0,441.0,0.0,5,0.0,true,"City16(Day 0) -> City24(Day 3) -> City18(Day 5)"
25,63,230.0,64.0,0.0,5,0.0,true,"City18(Day 1)"
25,64,259.0,121.0,0.0,5,0.0,true,"City16(Day 0) -> City19(Day 6)"
25,65,437.0,576.0,0.0,5,0.0,true,"City4(Day 2) -> City16(Day 4) -> City18(Day 5)"
25,66,366.0,361.0,0.0,5,0.0,true,"City16(Day 1) -> City19(Day 3) -> City18(Day 4)"
25,67,274.0,225.0,0.0,5,0.0,true,"City16(Day 2) -> City18(Day 4)"
25,68,200.0,49.0,0.0,5,0.0,true,"City16(Day 0)"
25,69,271.0,121.0,0.0,6,0.0,true,"City16(Day 2) -> City19(Day 3)"
25,70,234.0,64.0,0.0,6,0.0,true,"City18(Day 0)"
25,71,395.0,529.0,0.0,6,0.0,true,"City16(Day 1) -> City22(Day 3) -> City18(Day 4)"
25,72,302.0,169.0,0.0,6,0.0,true,"City16(Day 0) -> City24(Day 1)"
25,73,328.0,256.0,0.0,6,0.0,true,"City14(Day 5) -> City16(Day 6)"
25,74,361.0,289.0,0.0,6,0.0,true,"City4(Day 2) -> City18(Day 5)"
25,75,265.0,81.0,0.0,6,0.0,true,"City14(Day 3)"
26,1,341.0,361.0,0.0,1,0.0,true,"City19(Day 0) -> City16(Day 3) -> City18(Day 4)"
26,2,154.0,49.0,0.0,1,0.0,true,"City16(Day 6)"
26,3,136.0,16.0,0.0,1,0.0,true,"City19(Day 3)"
26,4,165.0,64.0,0.0,1,0.0,true,"City18(Day 4)"
26,5,384.0,529.0,0.0,1,0.0,true,"City16(Day 0) -> City18(Day 4) -> City22(Day 5)"
26,6,484.0,625.0,0.0,1,0.0,true,"City4(Day 2) -> City22(Day 3) -> City18(Day 4)"
26,7,234.0,169.0,0.0,1,0.0,true,"City16(Day 0) -> City24(Day 3)"
26,8,423.0,576.0,0.0,1,0.0,true,"City16(Day 0) -> City14(Day 1) -> City18(Day 4)"
26,9,237.0,225.0,0.0,1,0.0,true,"City16(Day 1) -> City18(Day 4)"
26,10,532.0,676.0,0.0,1,0.0,true,"City4(Day 2) -> City14(Day 3) -> City18(Day 4)"
26,11,309.0,256.0,0.0,1,0.0,true,"City22(Day 3) -> City18(Day 4)"
26,12,346.0,441.0,0.0,1,0.0,true,"City16(Day 1) -> City24(Day 3) -> City18(Day 4)"
26,13,342.0,361.0,0.0,2,0.0,true,"City19(Day 1) -> City16(Day 3) -> City18(Day 4)"
26,14,543.0,676.0,0.0,2,0.0,true,"City14(Day 1) -> City4(Day 4) -> City18(Day 5)"
26,15,310.0,256.0,0.0,2,0.0,true,"City18(Day 4) -> City22(Day 5)"
26,16,365.0,441.0,0.0,2,0.0,true,"City16(Day 1) -> City18(Day 2) -> City24(Day 3)"
26,17,424.0,576.0,0.0,2,0.0,true,"City14(Day 1) -> City16(Day 3) -> City18(Day 4)"
26,18,168.0,49.0,0.0,2,0.0,true,"City16(Day 1)"
26,19,386.0,529.0,0.0,2,0.0,true,"City16(Day 0) -> City22(Day 2) -> City18(Day 4)"
26,20,234.0,121.0,0.0,2,0.0,true,"City16(Day 1) -> City19(Day 3)"
26,21,239.0,225.0,0.0,2,0.0,true,"City16(Day 0) -> City18(Day 4)"
26,22,486.0,625.0,0.0,2,0.0,true,"City4(Day 2) -> City18(Day 3) -> City22(Day 5)"
26,23,169.0,64.0,0.0,2,0.0,true,"City22(Day 5)"
26,24,181.0,16.0,0.0,3,0.0,true,"City19(Day 0)"
26,25,388.0,529.0,0.0,3,0.0,true,"City16(Day 0) -> City18(Day 1) -> City22(Day 5)"
26,26,360.0,361.0,0.0,3,0.0,true,"City16(Day 1) -> City18(Day 2) -> City19(Day 3)"
26,27,426.0,576.0,0.0,3,0.0,true,"City4(Day 2) -> City16(Day 3) -> City18(Day 5)"
26,28,343.0,289.0,0.0,3,0.0,true,"City14(Day 1) -> City18(Day 4)"
26,29,499.0,625.0,0.0,3,0.0,true,"City14(Day 1) -> City22(Day 3) -> City18(Day 4)"
26,30,236.0,121.0,0.0,3,0.0,true,"City16(Day 0) -> City19(Day 3)"
26,31,499.0,625.0,0.0,3,0.0,true,"City4(Day 1) -> City18(Day 3) -> City22(Day 5)"
26,32,258.0,225.0,0.0,3,0.0,true,"City16(Day 1) -> City18(Day 5)"
26,33,367.0,441.0,0.0,3,0.0,true,"City16(Day 0) -> City18(Day 2) -> City24(Day 3)"
26,34,190.0,64.0,0.0,3,0.0,true,"City18(Day 5)"
26,35,315.0,256.0,0.0,3,0.0,true,"City18(Day 2) -> City22(Day 5)"
26,36,564.0,676.0,0.0,3,0.0,true,"City4(Day 1) -> City14(Day 4) -> City18(Day 5)"
26,37,253.0,81.0,0.0,4,0.0,true,"City4(Day 2)"
26,38,375.0,441.0,0.0,4,0.0,true,"City16(Day 0) -> City18(Day 4) -> City24(Day 6)"
26,39,322.0,256.0,0.0,4,0.0,true,"City14(Day 1) -> City16(Day 6)"
26,40,257.0,121.0,0.0,4,0.0,true,"City19(Day 3) -> City16(Day 6)"
26,41,260.0,225.0,0.0,4,0.0,true,"City16(Day 0) -> City18(Day 5)"
26,42,322.0,256.0,0.0,4,0.0,true,"City14(Day 4) -> City16(Day 6)"
26,43,362.0,361.0,0.0,4,0.0,true,"City16(Day 0) -> City18(Day 2) -> City19(Day 3)"
26,44,188.0,16.0,0.0,4,0.0,true,"City19(Day 6)"
26,45,356.0,289.0,0.0,4,0.0,true,"City14(Day 1) -> City18(Day 3)"
26,46,257.0,121.0,0.0,4,0.0,true,"City16(Day 1) -> City19(Day 6)"
26,47,224.0,64.0,0.0,4,0.0,true,"City22(Day 6)"
26,48,197.0,49.0,0.0,4,0.0,true,"City16(Day 4)"
26,49,392.0,529.0,0.0,4,0.0,true,"City16(Day 1) -> City18(Day 2) -> City22(Day 5)"
26,50,510.0,625.0,0.0,4,0.0,true,"City14(Day 1) -> City18(Day 4) -> City22(Day 6)"
26,51,436.0,576.0,0.0,4,0.0,true,"City16(Day 0) -> City14(Day 1) -> City18(Day 3)"
26,52,569.0,676.0,0.0,4,0.0,true,"City4(Day 1) -> City18(Day 3) -> City14(Day 5)"
26,53,362.0,361.0,0.0,4,0.0,true,"City19(Day 0) -> City16(Day 3) -> City18(Day 5)"
26,54,194.0,36.0,0.0,4,0.0,true,"City24(Day 1)"
26,55,259.0,121.0,0.0,5,0.0,true,"City16(Day 0) -> City19(Day 6)"
26,56,572.0,676.0,0.0,5,0.0,true,"City4(Day 2) -> City22(Day 3) -> City14(Day 5)"
26,57,326.0,256.0,0.0,5,0.0,true,"City22(Day 1) -> City18(Day 4)"
26,58,198.0,9.0,0.0,5,0.0,true,"City7(Day 1)"
26,59,515.0,625.0,0.0,5,0.0,true,"City4(Day 0) -> City18(Day 1) -> City22(Day 5)"
26,60,394.0,529.0,0.0,5,0.0,true,"City16(Day 0) -> City18(Day 2) -> City22(Day 5)"
26,61,366.0,361.0,0.0,5,0.0,true,"City16(Day 1) -> City19(Day 3) -> City18(Day 4)"
26,62,230.0,64.0,0.0,5,0.0,true,"City18(Day 1)"
26,63,437.0,576.0,0.0,5,0.0,true,"City4(Day 2) -> City16(Day 4) -> City18(Day 5)"
26,64,268.0,144.0,0.0,5,0.0,true,"City19(Day 3) -> City18(Day 4)"
26,65,360.0,289.0,0.0,5,0.0,true,"City14(Day 1) -> City18(Day 5)"
26,66,383.0,441.0,0.0,5,0.0,true,"City16(Day 1) -> City18(Day 2) -> City24(Day 6)"
26,67,383.0,441.0,0.0,5,0.0,true,"City16(Day 2) -> City24(Day 3) -> City18(Day 4)"
26,68,274.0,225.0,0.0,5,0.0,true,"City16(Day 2) -> City18(Day 4)"
26,69,200.0,49.0,0.0,5,0.0,true,"City16(Day 0)"
26,70,600.0,676.0,0.0,6,0.0,true,"City4(Day 2) -> City22(Day 3) -> City14(Day 4)"
26,71,485.0,576.0,0.0,6,0.0,true,"City16(Day 0) -> City22(Day 3) -> City14(Day 5)"
26,72,300.0,169.0,0.0,6,0.0,true,"City16(Day 0) -> City24(Day 6)"
26,73,395.0,529.0,0.0,6,0.0,true,"City16(Day 1) -> City22(Day 3) -> City18(Day 4)"
26,74,323.0,225.0,0.0,6,0.0,true,"City16(Day 0) -> City18(Day 2)"
26,75,393.0,441.0,0.0,6,0.0,true,"City16(Day 0) -> City24(Day 3) -> City18(Day 5)"
27,1,136.0,16.0,0.0,1,0.0,true,"City19(Day 3)"
27,2,165.0,64.0,0.0,1,0.0,true,"City18(Day 4)"
27,3,341.0,361.0,0.0,1,0.0,true,"City19(Day 0) -> City16(Day 3) -> City18(Day 4)"
27,4,234.0,169.0,0.0,1,0.0,true,"City16(Day 0) -> City24(Day 3)"
27,5,237.0,225.0,0.0,1,0.0,true,"City16(Day 1) -> City18(Day 4)"
27,6,484.0,625.0,0.0,1,0.0,true,"City4(Day 2) -> City22(Day 3) -> City18(Day 4)"
27,7,532.0,676.0,0.0,1,0.0,true,"City4(Day 2) -> City14(Day 3) -> City18(Day 4)"
27,8,384.0,529.0,0.0,1,0.0,true,"City16(Day 0) -> City18(Day 4) -> City22(Day 5)"
27,9,346.0,441.0,0.0,1,0.0,true,"City16(Day 1) -> City24(Day 3) -> City18(Day 4)"
27,10,423.0,576.0,0.0,1,0.0,true,"City16(Day 0) -> City14(Day 1) -> City18(Day 4)"
27,11,154.0,49.0,0.0,1,0.0,true,"City16(Day 6)"
27,12,309.0,256.0,0.0,1,0.0,true,"City22(Day 3) -> City18(Day 4)"
27,13,168.0,49.0,0.0,2,0.0,true,"City16(Day 1)"
27,14,365.0,441.0,0.0,2,0.0,true,"City16(Day 1) -> City18(Day 2) -> City24(Day 3)"
27,15,342.0,361.0,0.0,2,0.0,true,"City19(Day 1) -> City16(Day 3) -> City18(Day 4)"
27,16,543.0,676.0,0.0,2,0.0,true,"City14(Day 1) -> City4(Day 4) -> City18(Day 5)"
27,17,234.0,121.0,0.0,2,0.0,true,"City16(Day 1) -> City19(Day 3)"
27,18,424.0,576.0,0.0,2,0.0,true,"City14(Day 1) -> City16(Day 3) -> City18(Day 4)"
27,19,169.0,64.0,0.0,2,0.0,true,"City22(Day 5)"
27,20,486.0,625.0,0.0,2,0.0,true,"City4(Day 2) -> City18(Day 3) -> City22(Day 5)"
27,21,239.0,225.0,0.0,2,0.0,true,"City16(Day 0) -> City18(Day 4)"
27,22,310.0,256.0,0.0,2,0.0,true,"City18(Day 4) -> City22(Day 5)"
27,23,386.0,529.0,0.0,2,0.0,true,"City16(Day 0) -> City22(Day 2) -> City18(Day 4)"
27,24,499.0,625.0,0.0,3,0.0,true,"City4(Day 1) -> City18(Day 3) -> City22(Day 5)"
27,25,315.0,256.0,0.0,3,0.0,true,"City18(Day 2) -> City22(Day 5)"
27,26,426.0,576.0,0.0,3,0.0,true,"City4(Day 2) -> City16(Day 3) -> City18(Day 5)"
27,27,236.0,121.0,0.0,3,0.0,true,"City16(Day 0) -> City19(Day 3)"
27,28,343.0,289.0,0.0,3,0.0,true,"City14(Day 1) -> City18(Day 4)"
27,29,388.0,529.0,0.0,3,0.0,true,"City16(Day 0) -> City18(Day 1) -> City22(Day 5)"
27,30,367.0,441.0,0.0,3,0.0,true,"City16(Day 0) -> City18(Day 2) -> City24(Day 3)"
27,31,499.0,625.0,0.0,3,0.0,true,"City14(Day 1) -> City22(Day 3) -> City18(Day 4)"
27,32,181.0,16.0,0.0,3,0.0,true,"City19(Day 0)"
27,33,564.0,676.0,0.0,3,0.0,true,"City4(Day 1) -> City14(Day 4) -> City18(Day 5)"
27,34,258.0,225.0,0.0,3,0.0,true,"City16(Day 1) -> City18(Day 5)"
27,35,190.0,64.0,0.0,3,0.0,true,"City18(Day 5)"
27,36,360.0,361.0,0.0,3,0.0,true,"City16(Day 1) -> City18(Day 2) -> City19(Day 3)"
27,37,197.0,49.0,0.0,4,0.0,true,"City16(Day 4)"
27,38,260.0,225.0,0.0,4,0.0,true,"City16(Day 0) -> City18(Day 5)"
27,39,356.0,289.0,0.0,4,0.0,true,"City14(Day 1) -> City18(Day 3)"
27,40,253.0,81.0,0.0,4,0.0,true,"City4(Day 2)"
27,41,322.0,256.0,0.0,4,0.0,true,"City14(Day 4) -> City16(Day 6)"
27,42,322.0,256.0,0.0,4,0.0,true,"City14(Day 1) -> City16(Day 6)"
27,43,569.0,676.0,0.0,4,0.0,true,"City4(Day 1) -> City18(Day 3) -> City14(Day 5)"
27,44,257.0,121.0,0.0,4,0.0,true,"City19(Day 3) -> City16(Day 6)"
27,45,194.0,36.0,0.0,4,0.0,true,"City24(Day 1)"
27,46,375.0,441.0,0.0,4,0.0,true,"City16(Day 0) -> City18(Day 4) -> City24(Day 6)"
27,47,392.0,529.0,0.0,4,0.0,true,"City16(Day 1) -> City18(Day 2) -> City22(Day 5)"
27,48,362.0,361.0,0.0,4,0.0,true,"City16(Day 0) -> City18(Day 2) -> City19(Day 3)"
27,49,257.0,121.0,0.0,4,0.0,true,"City16(Day 1) -> City19(Day 6)"
27,50,510.0,625.0,0.0,4,0.0,true,"City14(Day 1) -> City18(Day 4) -> City22(Day 6)"
27,51,188.0,16.0,0.0,4,0.0,true,"City19(Day 6)"
27,52,362.0,361.0,0.0,4,0.0,true,"City19(Day 0) -> City16(Day 3) -> City18(Day 5)"
27,53,436.0,576.0,0.0,4,0.0,true,"City16(Day 0) -> City14(Day 1) -> City18(Day 3)"
27,54,224.0,64.0,0.0,4,0.0,true,"City22(Day 6)"
27,55,366.0,361.0,0.0,5,0.0,true,"City16(Day 1) -> City19(Day 3) -> City18(Day 4)"
27,56,200.0,49.0,0.0,5,0.0,true,"City16(Day 0)"
27,57,383.0,441.0,0.0,5,0.0,true,"City16(Day 1) -> City18(Day 2) -> City24(Day 6)"
27,58,360.0,289.0,0.0,5,0.0,true,"City14(Day 1) -> City18(Day 5)"
27,59,572.0,676.0,0.0,5,0.0,true,"City4(Day 2) -> City22(Day 3) -> City14(Day 5)"
27,60,230.0,64.0,0.0,5,0.0,true,"City18(Day 1)"
27,61,259.0,121.0,0.0,5,0.0,true,"City16(Day 0) -> City19(Day 6)"
27,62,198.0,9.0,0.0,5,0.0,true,"City7(Day 1)"
27,63,515.0,625.0,0.0,5,0.0,true,"City4(Day 0) -> City18(Day 1) -> City22(Day 5)"
27,64,394.0,529.0,0.0,5,0.0,true,"City16(Day 0) -> City18(Day 2) -> City22(Day 5)"
27,65,437.0,576.0,0.0,5,0.0,true,"City4(Day 2) -> City16(Day 4) -> City18(Day 5)"
27,66,268.0,144.0,0.0,5,0.0,true,"City19(Day 3) -> City18(Day 4)"
27,67,326.0,256.0,0.0,5,0.0,true,"City22(Day 1) -> City18(Day 4)"
27,68,383.0,441.0,0.0,5,0.0,true,"City16(Day 2) -> City24(Day 3) -> City18(Day 4)"
27,69,274.0,225.0,0.0,5,0.0,true,"City16(Day 2) -> City18(Day 4)"
27,70,300.0,169.0,0.0,6,0.0,true,"City16(Day 0) -> City24(Day 6)"
27,71,393.0,441.0,0.0,6,0.0,true,"City16(Day 0) -> City24(Day 3) -> City18(Day 5)"
27,72,440.0,576.0,0.0,6,0.0,true,"City16(Day 0) -> City14(Day 1) -> City18(Day 5)"
27,73,382.0,289.0,0.0,6,0.0,true,"City16(Day 1) -> City24(Day 2) -> City19(Day 3)"
27,74,395.0,529.0,0.0,6,0.0,true,"City16(Day 1) -> City22(Day 3) -> City18(Day 4)"
27,75,600.0,676.0,0.0,6,0.0,true,"City4(Day 2) -> City22(Day 3) -> City14(Day 4)"
28,1,341.0,361.0,0.0,1,0.0,true,"City19(Day 0) -> City16(Day 3) -> City18(Day 4)"
28,2,136.0,16.0,0.0,1,0.0,true,"City19(Day 3)"
28,3,423.0,576.0,0.0,1,0.0,true,"City16(Day 0) -> City14(Day 1) -> City18(Day 4)"
28,4,237.0,225.0,0.0,1,0.0,true,"City16(Day 1) -> City18(Day 4)"
28,5,309.0,256.0,0.0,1,0.0,true,"City22(Day 3) -> City18(Day 4)"
28,6,532.0,676.0,0.0,1,0.0,true,"City4(Day 2) -> City14(Day 3) -> City18(Day 4)"
28,7,484.0,625.0,0.0,1,0.0,true,"City4(Day 2) -> City22(Day 3) -> City18(Day 4)"
28,8,234.0,169.0,0.0,1,0.0,true,"City16(Day 0) -> City24(Day 3)"
28,9,154.0,49.0,0.0,1,0.0,true,"City16(Day 6)"
28,10,384.0,529.0,0.0,1,0.0,true,"City16(Day 0) -> City18(Day 4) -> City22(Day 5)"
28,11,346.0,441.0,0.0,1,0.0,true,"City16(Day 1) -> City24(Day 3) -> City18(Day 4)"
28,12,165.0,64.0,0.0,1,0.0,true,"City18(Day 4)"
28,13,342.0,361.0,0.0,2,0.0,true,"City19(Day 1) -> City16(Day 3) -> City18(Day 4)"
28,14,310.0,256.0,0.0,2,0.0,true,"City18(Day 4) -> City22(Day 5)"
28,15,424.0,576.0,0.0,2,0.0,true,"City14(Day 1) -> City16(Day 3) -> City18(Day 4)"
28,16,386.0,529.0,0.0,2,0.0,true,"City16(Day 0) -> City22(Day 2) -> City18(Day 4)"
28,17,239.0,225.0,0.0,2,0.0,true,"City16(Day 0) -> City18(Day 4)"
28,18,486.0,625.0,0.0,2,0.0,true,"City4(Day 2) -> City18(Day 3) -> City22(Day 5)"
28,19,348.0,441.0,0.0,2,0.0,true,"City16(Day 0) -> City24(Day 3) -> City18(Day 4)"
28,20,543.0,676.0,0.0,2,0.0,true,"City14(Day 1) -> City4(Day 4) -> City18(Day 5)"
28,21,169.0,64.0,0.0,2,0.0,true,"City22(Day 5)"
28,22,234.0,121.0,0.0,2,0.0,true,"City16(Day 1) -> City19(Day 3)"
28,23,168.0,49.0,0.0,2,0.0,true,"City16(Day 1)"
28,24,388.0,529.0,0.0,3,0.0,true,"City16(Day 0) -> City18(Day 1) -> City22(Day 5)"
28,25,426.0,576.0,0.0,3,0.0,true,"City4(Day 2) -> City16(Day 3) -> City18(Day 5)"
28,26,564.0,676.0,0.0,3,0.0,true,"City4(Day 1) -> City14(Day 4) -> City18(Day 5)"
28,27,365.0,441.0,0.0,3,0.0,true,"City16(Day 1) -> City18(Day 2) -> City24(Day 3)"
28,28,181.0,16.0,0.0,3,0.0,true,"City19(Day 0)"
28,29,190.0,64.0,0.0,3,0.0,true,"City18(Day 5)"
28,30,343.0,289.0,0.0,3,0.0,true,"City14(Day 1) -> City18(Day 4)"
28,31,499.0,625.0,0.0,3,0.0,true,"City14(Day 1) -> City22(Day 3) -> City18(Day 4)"
28,32,499.0,625.0,0.0,3,0.0,true,"City4(Day 1) -> City18(Day 3) -> City22(Day 5)"
28,33,258.0,225.0,0.0,3,0.0,true,"City16(Day 1) -> City18(Day 5)"
28,34,236.0,121.0,0.0,3,0.0,true,"City16(Day 0) -> City19(Day 3)"
28,35,360.0,361.0,0.0,3,0.0,true,"City16(Day 1) -> City18(Day 2) -> City19(Day 3)"
28,36,315.0,256.0,0.0,3,0.0,true,"City18(Day 2) -> City22(Day 5)"
28,37,260.0,225.0,0.0,4,0.0,true,"City16(Day 0) -> City18(Day 5)"
28,38,362.0,361.0,0.0,4,0.0,true,"City16(Day 0) -> City18(Day 2) -> City19(Day 3)"
28,39,569.0,676.0,0.0,4,0.0,true,"City4(Day 1) -> City18(Day 3) -> City14(Day 5)"
28,40,257.0,121.0,0.0,4,0.0,true,"City16(Day 1) -> City19(Day 6)"
28,41,510.0,625.0,0.0,4,0.0,true,"City14(Day 1) -> City18(Day 4) -> City22(Day 6)"
28,42,194.0,36.0,0.0,4,0.0,true,"City24(Day 1)"
28,43,253.0,81.0,0.0,4,0.0,true,"City4(Day 2)"
28,44,356.0,289.0,0.0,4,0.0,true,"City14(Day 1) -> City18(Day 3)"
28,45,362.0,361.0,0.0,4,0.0,true,"City19(Day 0) -> City16(Day 3) -> City18(Day 5)"
28,46,392.0,529.0,0.0,4,0.0,true,"City16(Day 1) -> City18(Day 2) -> City22(Day 5)"
28,47,224.0,64.0,0.0,4,0.0,true,"City22(Day 6)"
28,48,197.0,49.0,0.0,4,0.0,true,"City16(Day 4)"
28,49,436.0,576.0,0.0,4,0.0,true,"City16(Day 0) -> City14(Day 1) -> City18(Day 3)"
28,50,188.0,16.0,0.0,4,0.0,true,"City19(Day 6)"
28,51,257.0,121.0,0.0,4,0.0,true,"City19(Day 3) -> City16(Day 6)"
28,52,320.0,256.0,0.0,4,0.0,true,"City22(Day 2) -> City18(Day 4)"
28,53,367.0,441.0,0.0,4,0.0,true,"City16(Day 0) -> City18(Day 2) -> City24(Day 3)"
28,54,375.0,441.0,0.0,5,0.0,true,"City16(Day 0) -> City18(Day 4) -> City24(Day 6)"
28,55,274.0,225.0,0.0,5,0.0,true,"City16(Day 2) -> City18(Day 4)"
28,56,259.0,121.0,0.0,5,0.0,true,"City16(Day 0) -> City19(Day 6)"
28,57,572.0,676.0,0.0,5,0.0,true,"City4(Day 2) -> City22(Day 3) -> City14(Day 5)"
28,58,268.0,144.0,0.0,5,0.0,true,"City19(Day 3) -> City18(Day 4)"
28,59,366.0,361.0,0.0,5,0.0,true,"City16(Day 1) -> City19(Day 3) -> City18(Day 4)"
28,60,230.0,64.0,0.0,5,0.0,true,"City18(Day 1)"
28,61,200.0,49.0,0.0,5,0.0,true,"City16(Day 0)"
28,62,515.0,625.0,0.0,5,0.0,true,"City4(Day 0) -> City18(Day 1) -> City22(Day 5)"
28,63,360.0,289.0,0.0,5,0.0,true,"City14(Day 1) -> City18(Day 5)"
28,64,322.0,256.0,0.0,5,0.0,true,"City14(Day 4) -> City16(Day 6)"
28,65,322.0,256.0,0.0,5,0.0,true,"City14(Day 1) -> City16(Day 6)"
28,66,198.0,9.0,0.0,5,0.0,true,"City7(Day 1)"
28,67,394.0,529.0,0.0,5,0.0,true,"City16(Day 0) -> City18(Day 2) -> City22(Day 5)"
28,68,437.0,576.0,0.0,5,0.0,true,"City4(Day 2) -> City16(Day 4) -> City18(Day 5)"
28,69,277.0,121.0,0.0,6,0.0,true,"City19(Day 0) -> City16(Day 6)"
28,70,383.0,441.0,0.0,6,0.0,true,"City16(Day 2) -> City24(Day 3) -> City18(Day 4)"
28,71,285.0,225.0,0.0,6,0.0,true,"City16(Day 0) -> City18(Day 1)"
28,72,395.0,529.0,0.0,6,0.0,true,"City16(Day 1) -> City22(Day 3) -> City18(Day 4)"
28,73,598.0,676.0,0.0,6,0.0,true,"City14(Day 1) -> City18(Day 3) -> City4(Day 6)"
28,74,530.0,625.0,0.0,6,0.0,true,"City4(Day 1) -> City18(Day 4) -> City22(Day 5)"
28,75,383.0,441.0,0.0,6,0.0,true,"City16(Day 1) -> City18(Day 2) -> City24(Day 6)"
29,1,346.0,441.0,0.0,1,0.0,true,"City16(Day 1) -> City24(Day 3) -> City18(Day 4)"
29,2,384.0,529.0,0.0,1,0.0,true,"City16(Day 0) -> City18(Day 4) -> City22(Day 5)"
29,3,341.0,361.0,0.0,1,0.0,true,"City19(Day 0) -> City16(Day 3) -> City18(Day 4)"
29,4,234.0,169.0,0.0,1,0.0,true,"City16(Day 0) -> City24(Day 3)"
29,5,532.0,676.0,0.0,1,0.0,true,"City4(Day 2) -> City14(Day 3) -> City18(Day 4)"
29,6,309.0,256.0,0.0,1,0.0,true,"City22(Day 3) -> City18(Day 4)"
29,7,484.0,625.0,0.0,1,0.0,true,"City4(Day 2) -> City22(Day 3) -> City18(Day 4)"
29,8,136.0,16.0,0.0,1,0.0,true,"City19(Day 3)"
29,9,237.0,225.0,0.0,1,0.0,true,"City16(Day 1) -> City18(Day 4)"
29,10,165.0,64.0,0.0,1,0.0,true,"City18(Day 4)"
29,11,154.0,49.0,0.0,1,0.0,true,"City16(Day 6)"
29,12,423.0,576.0,0.0,1,0.0,true,"City16(Day 0) -> City14(Day 1) -> City18(Day 4)"
29,13,342.0,361.0,0.0,2,0.0,true,"City19(Day 1) -> City16(Day 3) -> City18(Day 4)"
29,14,234.0,121.0,0.0,2,0.0,true,"City16(Day 1) -> City19(Day 3)"
29,15,543.0,676.0,0.0,2,0.0,true,"City14(Day 1) -> City4(Day 4) -> City18(Day 5)"
29,16,386.0,529.0,0.0,2,0.0,true,"City16(Day 0) -> City22(Day 2) -> City18(Day 4)"
29,17,348.0,441.0,0.0,2,0.0,true,"City16(Day 0) -> City24(Day 3) -> City18(Day 4)"
29,18,310.0,256.0,0.0,2,0.0,true,"City18(Day 4) -> City22(Day 5)"
29,19,239.0,225.0,0.0,2,0.0,true,"City16(Day 0) -> City18(Day 4)"
29,20,168.0,49.0,0.0,2,0.0,true,"City16(Day 1)"
29,21,169.0,64.0,0.0,2,0.0,true,"City22(Day 5)"
29,22,424.0,576.0,0.0,2,0.0,true,"City14(Day 1) -> City16(Day 3) -> City18(Day 4)"
29,23,486.0,625.0,0.0,2,0.0,true,"City4(Day 2) -> City18(Day 3) -> City22(Day 5)"
29,24,499.0,625.0,0.0,3,0.0,true,"City14(Day 1) -> City22(Day 3) -> City18(Day 4)"
29,25,343.0,289.0,0.0,3,0.0,true,"City14(Day 1) -> City18(Day 4)"
29,26,388.0,529.0,0.0,3,0.0,true,"City16(Day 0) -> City18(Day 1) -> City22(Day 5)"
29,27,258.0,225.0,0.0,3,0.0,true,"City16(Day 1) -> City18(Day 5)"
29,28,181.0,16.0,0.0,3,0.0,true,"City19(Day 0)"
29,29,236.0,121.0,0.0,3,0.0,true,"City16(Day 0) -> City19(Day 3)"
29,30,499.0,625.0,0.0,3,0.0,true,"City4(Day 1) -> City18(Day 3) -> City22(Day 5)"
29,31,365.0,441.0,0.0,3,0.0,true,"City16(Day 1) -> City18(Day 2) -> City24(Day 3)"
29,32,190.0,64.0,0.0,3,0.0,true,"City18(Day 5)"
29,33,564.0,676.0,0.0,3,0.0,true,"City4(Day 1) -> City14(Day 4) -> City18(Day 5)"
29,34,315.0,256.0,0.0,3,0.0,true,"City18(Day 2) -> City22(Day 5)"
29,35,426.0,576.0,0.0,3,0.0,true,"City4(Day 2) -> City16(Day 3) -> City18(Day 5)"
29,36,360.0,361.0,0.0,3,0.0,true,"City16(Day 1) -> City18(Day 2) -> City19(Day 3)"
29,37,257.0,121.0,0.0,4,0.0,true,"City19(Day 3) -> City16(Day 6)"
29,38,197.0,49.0,0.0,4,0.0,true,"City16(Day 4)"
29,39,510.0,625.0,0.0,4,0.0,true,"City14(Day 1) -> City18(Day 4) -> City22(Day 6)"
29,40,253.0,81.0,0.0,4,0.0,true,"City4(Day 2)"
29,41,188.0,16.0,0.0,4,0.0,true,"City19(Day 6)"
29,42,320.0,256.0,0.0,4,0.0,true,"City22(Day 2) -> City18(Day 4)"
29,43,392.0,529.0,0.0,4,0.0,true,"City16(Day 1) -> City18(Day 2) -> City22(Day 5)"
29,44,260.0,225.0,0.0,4,0.0,true,"City16(Day 0) -> City18(Day 5)"
29,45,569.0,676.0,0.0,4,0.0,true,"City4(Day 1) -> City18(Day 3) -> City14(Day 5)"
29,46,436.0,576.0,0.0,4,0.0,true,"City16(Day 0) -> City14(Day 1) -> City18(Day 3)"
29,47,362.0,361.0,0.0,4,0.0,true,"City16(Day 0) -> City18(Day 2) -> City19(Day 3)"
29,48,194.0,36.0,0.0,4,0.0,true,"City24(Day 1)"
29,49,362.0,361.0,0.0,4,0.0,true,"City19(Day 0) -> City16(Day 3) -> City18(Day 5)"
29,50,355.0,289.0,0.0,4,0.0,true,"City16(Day 1) -> City19(Day 2) -> City24(Day 3)"
29,51,224.0,64.0,0.0,4,0.0,true,"City22(Day 6)"
29,52,257.0,121.0,0.0,4,0.0,true,"City16(Day 1) -> City19(Day 6)"
29,53,367.0,441.0,0.0,4,0.0,true,"City16(Day 0) -> City18(Day 2) -> City24(Day 3)"
29,54,268.0,144.0,0.0,5,0.0,true,"City19(Day 3) -> City18(Day 4)"
29,55,322.0,256.0,0.0,5,0.0,true,"City14(Day 4) -> City16(Day 6)"
29,56,356.0,289.0,0.0,5,0.0,true,"City14(Day 1) -> City18(Day 3)"
29,57,375.0,441.0,0.0,5,0.0,true,"City16(Day 0) -> City18(Day 4) -> City24(Day 6)"
29,58,366.0,361.0,0.0,5,0.0,true,"City16(Day 1) -> City19(Day 3) -> City18(Day 4)"
29,59,230.0,64.0,0.0,5,0.0,true,"City18(Day 1)"
29,60,437.0,576.0,0.0,5,0.0,true,"City4(Day 2) -> City16(Day 4) -> City18(Day 5)"
29,61,274.0,225.0,0.0,5,0.0,true,"City16(Day 2) -> City18(Day 4)"
29,62,515.0,625.0,0.0,5,0.0,true,"City4(Day 0) -> City18(Day 1) -> City22(Day 5)"
29,63,200.0,49.0,0.0,5,0.0,true,"City16(Day 0)"
29,64,269.0,169.0,0.0,5,0.0,true,"City16(Day 2) -> City24(Day 3)"
29,65,322.0,256.0,0.0,5,0.0,true,"City14(Day 1) -> City16(Day 6)"
29,66,259.0,121.0,0.0,5,0.0,true,"City16(Day 0) -> City19(Day 6)"
29,67,394.0,529.0,0.0,5,0.0,true,"City16(Day 0) -> City18(Day 2) -> City22(Day 5)"
29,68,198.0,9.0,0.0,5,0.0,true,"City7(Day 1)"
29,69,572.0,676.0,0.0,5,0.0,true,"City4(Day 2) -> City22(Day 3) -> City14(Day 5)"
29,70,285.0,225.0,0.0,6,0.0,true,"City16(Day 0) -> City18(Day 1)"
29,71,395.0,529.0,0.0,6,0.0,true,"City16(Day 1) -> City22(Day 3) -> City18(Day 4)"
29,72,530.0,625.0,0.0,6,0.0,true,"City4(Day 1) -> City18(Day 4) -> City22(Day 5)"
29,73,240.0,9.0,0.0,6,0.0,true,"City6(Day 3)"
29,74,359.0,289.0,0.0,6,0.0,true,"City16(Day 0) -> City19(Day 1) -> City24(Day 3)"
29,75,383.0,441.0,0.0,6,0.0,true,"City16(Day 2) -> City24(Day 3) -> City18(Day 4)"
30,1,165.0,64.0,0.0,1,0.0,true,"City18(Day 4)"
30,2,341.0,361.0,0.0,1,0.0,true,"City19(Day 0) -> City16(Day 3) -> City18(Day 4)"
30,3,405.0,576.0,0.0,1,0.0,true,"City4(Day 2) -> City16(Day 3) -> City18(Day 4)"
30,4,237.0,225.0,0.0,1,0.0,true,"City16(Day 1) -> City18(Day 4)"
30,5,384.0,529.0,0.0,1,0.0,true,"City16(Day 0) -> City18(Day 4) -> City22(Day 5)"
30,6,234.0,169.0,0.0,1,0.0,true,"City16(Day 0) -> City24(Day 3)"
30,7,309.0,256.0,0.0,1,0.0,true,"City22(Day 3) -> City18(Day 4)"
30,8,136.0,16.0,0.0,1,0.0,true,"City19(Day 3)"
30,9,346.0,441.0,0.0,1,0.0,true,"City16(Day 1) -> City24(Day 3) -> City18(Day 4)"
30,10,532.0,676.0,0.0,1,0.0,true,"City4(Day 2) -> City14(Day 3) -> City18(Day 4)"
30,11,484.0,625.0,0.0,1,0.0,true,"City4(Day 2) -> City22(Day 3) -> City18(Day 4)"
30,12,154.0,49.0,0.0,1,0.0,true,"City16(Day 6)"
30,13,543.0,676.0,0.0,2,0.0,true,"City14(Day 1) -> City4(Day 4) -> City18(Day 5)"
30,14,310.0,256.0,0.0,2,0.0,true,"City18(Day 4) -> City22(Day 5)"
30,15,168.0,49.0,0.0,2,0.0,true,"City16(Day 1)"
30,16,348.0,441.0,0.0,2,0.0,true,"City16(Day 0) -> City24(Day 3) -> City18(Day 4)"
30,17,342.0,361.0,0.0,2,0.0,true,"City19(Day 1) -> City16(Day 3) -> City18(Day 4)"
30,18,486.0,625.0,0.0,2,0.0,true,"City4(Day 2) -> City18(Day 3) -> City22(Day 5)"
30,19,234.0,121.0,0.0,2,0.0,true,"City16(Day 1) -> City19(Day 3)"
30,20,386.0,529.0,0.0,2,0.0,true,"City16(Day 0) -> City22(Day 2) -> City18(Day 4)"
30,21,423.0,576.0,0.0,2,0.0,true,"City16(Day 0) -> City14(Day 1) -> City18(Day 4)"
30,22,239.0,225.0,0.0,2,0.0,true,"City16(Day 0) -> City18(Day 4)"
30,23,169.0,64.0,0.0,2,0.0,true,"City22(Day 5)"
30,24,365.0,441.0,0.0,3,0.0,true,"City16(Day 1) -> City18(Day 2) -> City24(Day 3)"
30,25,181.0,16.0,0.0,3,0.0,true,"City19(Day 0)"
30,26,258.0,225.0,0.0,3,0.0,true,"City16(Day 1) -> City18(Day 5)"
30,27,190.0,64.0,0.0,3,0.0,true,"City18(Day 5)"
30,28,424.0,576.0,0.0,3,0.0,true,"City14(Day 1) -> City16(Day 3) -> City18(Day 4)"
30,29,499.0,625.0,0.0,3,0.0,true,"City14(Day 1) -> City22(Day 3) -> City18(Day 4)"
30,30,236.0,121.0,0.0,3,0.0,true,"City16(Day 0) -> City19(Day 3)"
30,31,388.0,529.0,0.0,3,0.0,true,"City16(Day 0) -> City18(Day 1) -> City22(Day 5)"
30,32,564.0,676.0,0.0,3,0.0,true,"City4(Day 1) -> City14(Day 4) -> City18(Day 5)"
30,33,315.0,256.0,0.0,3,0.0,true,"City18(Day 2) -> City22(Day 5)"
30,34,499.0,625.0,0.0,3,0.0,true,"City4(Day 1) -> City18(Day 3) -> City22(Day 5)"
30,35,360.0,361.0,0.0,3,0.0,true,"City16(Day 1) -> City18(Day 2) -> City19(Day 3)"
30,36,343.0,289.0,0.0,3,0.0,true,"City14(Day 1) -> City18(Day 4)"
30,37,367.0,441.0,0.0,4,0.0,true,"City16(Day 0) -> City18(Day 2) -> City24(Day 3)"
30,38,569.0,676.0,0.0,4,0.0,true,"City4(Day 1) -> City18(Day 3) -> City14(Day 5)"
30,39,194.0,36.0,0.0,4,0.0,true,"City24(Day 1)"
30,40,224.0,64.0,0.0,4,0.0,true,"City22(Day 6)"
30,41,355.0,289.0,0.0,4,0.0,true,"City16(Day 1) -> City19(Day 2) -> City24(Day 3)"
30,42,426.0,576.0,0.0,4,0.0,true,"City4(Day 2) -> City16(Day 3) -> City18(Day 5)"
30,43,257.0,121.0,0.0,4,0.0,true,"City16(Day 1) -> City19(Day 6)"
30,44,320.0,256.0,0.0,4,0.0,true,"City22(Day 2) -> City18(Day 4)"
30,45,188.0,16.0,0.0,4,0.0,true,"City19(Day 6)"
30,46,253.0,81.0,0.0,4,0.0,true,"City4(Day 2)"
30,47,362.0,361.0,0.0,4,0.0,true,"City19(Day 0) -> City16(Day 3) -> City18(Day 5)"
30,48,362.0,361.0,0.0,4,0.0,true,"City16(Day 0) -> City18(Day 2) -> City19(Day 3)"
30,49,260.0,225.0,0.0,4,0.0,true,"City16(Day 0) -> City18(Day 5)"
30,50,510.0,625.0,0.0,4,0.0,true,"City14(Day 1) -> City18(Day 4) -> City22(Day 6)"
30,51,392.0,529.0,0.0,4,0.0,true,"City16(Day 1) -> City18(Day 2) -> City22(Day 5)"
30,52,197.0,49.0,0.0,4,0.0,true,"City16(Day 4)"
30,53,257.0,121.0,0.0,4,0.0,true,"City19(Day 3) -> City16(Day 6)"
30,54,269.0,169.0,0.0,5,0.0,true,"City16(Day 2) -> City24(Day 3)"
30,55,200.0,49.0,0.0,5,0.0,true,"City16(Day 0)"
30,56,268.0,144.0,0.0,5,0.0,true,"City19(Day 3) -> City18(Day 4)"
30,57,366.0,361.0,0.0,5,0.0,true,"City16(Day 1) -> City19(Day 3) -> City18(Day 4)"
30,58,274.0,225.0,0.0,5,0.0,true,"City16(Day 2) -> City18(Day 4)"
30,59,375.0,441.0,0.0,5,0.0,true,"City16(Day 0) -> City18(Day 4) -> City24(Day 6)"
30,60,198.0,9.0,0.0,5,0.0,true,"City7(Day 1)"
30,61,436.0,576.0,0.0,5,0.0,true,"City16(Day 0) -> City14(Day 1) -> City18(Day 3)"
30,62,515.0,625.0,0.0,5,0.0,true,"City4(Day 0) -> City18(Day 1) -> City22(Day 5)"
30,63,230.0,64.0,0.0,5,0.0,true,"City18(Day 1)"
30,64,572.0,676.0,0.0,5,0.0,true,"City4(Day 2) -> City22(Day 3) -> City14(Day 5)"
30,65,259.0,121.0,0.0,5,0.0,true,"City16(Day 0) -> City19(Day 6)"
30,66,322.0,256.0,0.0,5,0.0,true,"City14(Day 1) -> City16(Day 6)"
30,67,394.0,529.0,0.0,5,0.0,true,"City16(Day 0) -> City18(Day 2) -> City22(Day 5)"
30,68,322.0,256.0,0.0,5,0.0,true,"City14(Day 4) -> City16(Day 6)"
30,69,356.0,289.0,0.0,5,0.0,true,"City14(Day 1) -> City18(Day 3)"
30,70,205.0,49.0,0.0,6,0.0,true,"City16(Day 5)"
30,71,277.0,121.0,0.0,6,0.0,true,"City19(Day 0) -> City16(Day 6)"
30,72,437.0,576.0,0.0,6,0.0,true,"City4(Day 2) -> City16(Day 4) -> City18(Day 5)"
30,73,395.0,529.0,0.0,6,0.0,true,"City16(Day 1) -> City22(Day 3) -> City18(Day 4)"
30,74,587.0,676.0,0.0,6,0.0,true,"City14(Day 1) -> City4(Day 2) -> City18(Day 4)"
30,75,359.0,289.0,0.0,6,0.0,true,"City16(Day 0) -> City19(Day 1) -> City24(Day 3)"
31,1,136.0,16.0,0.0,1,0.0,true,"City19(Day 3)"
31,2,405.0,576.0,0.0,1,0.0,true,"City4(Day 2) -> City16(Day 3) -> City18(Day 4)"
31,3,532.0,676.0,0.0,1,0.0,true,"City4(Day 2) -> City14(Day 3) -> City18(Day 4)"
31,4,309.0,256.0,0.0,1,0.0,true,"City22(Day 3) -> City18(Day 4)"
31,5,237.0,225.0,0.0,1,0.0,true,"City16(Day 1) -> City18(Day 4)"
31,6,165.0,64.0,0.0,1,0.0,true,"City18(Day 4)"
31,7,341.0,361.0,0.0,1,0.0,true,"City19(Day 0) -> City16(Day 3) -> City18(Day 4)"
31,8,346.0,441.0,0.0,1,0.0,true,"City16(Day 1) -> City24(Day 3) -> City18(Day 4)"
31,9,154.0,49.0,0.0,1,0.0,true,"City16(Day 6)"
31,10,382.0,529.0,0.0,1,0.0,true,"City16(Day 1) -> City18(Day 4) -> City22(Day 5)"
31,11,234.0,169.0,0.0,1,0.0,true,"City16(Day 0) -> City24(Day 3)"
31,12,484.0,625.0,0.0,1,0.0,true,"City4(Day 2) -> City22(Day 3) -> City18(Day 4)"
31,13,168.0,49.0,0.0,2,0.0,true,"City16(Day 1)"
31,14,384.0,529.0,0.0,2,0.0,true,"City16(Day 0) -> City18(Day 4) -> City22(Day 5)"
31,15,423.0,576.0,0.0,2,0.0,true,"City16(Day 0) -> City14(Day 1) -> City18(Day 4)"
31,16,169.0,64.0,0.0,2,0.0,true,"City22(Day 5)"
31,17,234.0,121.0,0.0,2,0.0,true,"City16(Day 1) -> City19(Day 3)"
31,18,239.0,225.0,0.0,2,0.0,true,"City16(Day 0) -> City18(Day 4)"
31,19,486.0,625.0,0.0,2,0.0,true,"City4(Day 2) -> City18(Day 3) -> City22(Day 5)"
31,20,543.0,676.0,0.0,2,0.0,true,"City14(Day 1) -> City4(Day 4) -> City18(Day 5)"
31,21,348.0,441.0,0.0,2,0.0,true,"City16(Day 0) -> City24(Day 3) -> City18(Day 4)"
31,22,310.0,256.0,0.0,2,0.0,true,"City18(Day 4) -> City22(Day 5)"
31,23,342.0,361.0,0.0,2,0.0,true,"City19(Day 1) -> City16(Day 3) -> City18(Day 4)"
31,24,190.0,64.0,0.0,3,0.0,true,"City18(Day 5)"
31,25,499.0,625.0,0.0,3,0.0,true,"City4(Day 1) -> City18(Day 3) -> City22(Day 5)"
31,26,258.0,225.0,0.0,3,0.0,true,"City16(Day 1) -> City18(Day 5)"
31,27,315.0,256.0,0.0,3,0.0,true,"City18(Day 2) -> City22(Day 5)"
31,28,365.0,441.0,0.0,3,0.0,true,"City16(Day 1) -> City18(Day 2) -> City24(Day 3)"
31,29,343.0,289.0,0.0,3,0.0,true,"City14(Day 1) -> City18(Day 4)"
31,30,236.0,121.0,0.0,3,0.0,true,"City16(Day 0) -> City19(Day 3)"
31,31,564.0,676.0,0.0,3,0.0,true,"City4(Day 1) -> City14(Day 4) -> City18(Day 5)"
31,32,499.0,625.0,0.0,3,0.0,true,"City14(Day 1) -> City22(Day 3) -> City18(Day 4)"
31,33,360.0,361.0,0.0,3,0.0,true,"City16(Day 1) -> City18(Day 2) -> City19(Day 3)"
31,34,424.0,576.0,0.0,3,0.0,true,"City14(Day 1) -> City16(Day 3) -> City18(Day 4)"
31,35,181.0,16.0,0.0,3,0.0,true,"City19(Day 0)"
31,36,386.0,529.0,0.0,3,0.0,true,"City16(Day 0) -> City22(Day 2) -> City18(Day 4)"
31,37,188.0,16.0,0.0,4,0.0,true,"City19(Day 6)"
31,38,194.0,36.0,0.0,4,0.0,true,"City24(Day 1)"
31,39,426.0,576.0,0.0,4,0.0,true,"City4(Day 2) -> City16(Day 3) -> City18(Day 5)"
31,40,510.0,625.0,0.0,4,0.0,true,"City14(Day 1) -> City18(Day 4) -> City22(Day 6)"
31,41,257.0,121.0,0.0,4,0.0,true,"City19(Day 3) -> City16(Day 6)"
31,42,224.0,64.0,0.0,4,0.0,true,"City22(Day 6)"
31,43,362.0,361.0,0.0,4,0.0,true,"City19(Day 0) -> City16(Day 3) -> City18(Day 5)"
31,44,197.0,49.0,0.0,4,0.0,true,"City16(Day 4)"
31,45,362.0,361.0,0.0,4,0.0,true,"City16(Day 0) -> City18(Day 2) -> City19(Day 3)"
31,46,257.0,121.0,0.0,4,0.0,true,"City16(Day 1) -> City19(Day 6)"
31,47,569.0,676.0,0.0,4,0.0,true,"City4(Day 1) -> City18(Day 3) -> City14(Day 5)"
31,48,355.0,289.0,0.0,4,0.0,true,"City16(Day 1) -> City19(Day 2) -> City24(Day 3)"
31,49,260.0,225.0,0.0,4,0.0,true,"City16(Day 0) -> City18(Day 5)"
31,50,388.0,529.0,0.0,4,0.0,true,"City16(Day 0) -> City18(Day 1) -> City22(Day 5)"
31,51,367.0,441.0,0.0,4,0.0,true,"City16(Day 0) -> City18(Day 2) -> City24(Day 3)"
31,52,320.0,256.0,0.0,4,0.0,true,"City22(Day 2) -> City18(Day 4)"
31,53,253.0,81.0,0.0,4,0.0,true,"City4(Day 2)"
31,54,230.0,64.0,0.0,5,0.0,true,"City18(Day 1)"
31,55,200.0,49.0,0.0,5,0.0,true,"City16(Day 0)"
31,56,259.0,121.0,0.0,5,0.0,true,"City16(Day 0) -> City19(Day 6)"
31,57,322.0,256.0,0.0,5,0.0,true,"City14(Day 1) -> City16(Day 6)"
31,58,198.0,9.0,0.0,5,0.0,true,"City7(Day 1)"
31,59,572.0,676.0,0.0,5,0.0,true,"City4(Day 2) -> City22(Day 3) -> City14(Day 5)"
31,60,515.0,625.0,0.0,5,0.0,true,"City4(Day 0) -> City18(Day 1) -> City22(Day 5)"
31,61,322.0,256.0,0.0,5,0.0,true,"City14(Day 4) -> City16(Day 6)"
31,62,356.0,289.0,0.0,5,0.0,true,"City14(Day 1) -> City18(Day 3)"
31,63,435.0,576.0,0.0,5,0.0,true,"City18(Day 4) -> City14(Day 5) -> City16(Day 6)"
31,64,366.0,361.0,0.0,5,0.0,true,"City16(Day 1) -> City19(Day 3) -> City18(Day 4)"
31,65,392.0,529.0,0.0,5,0.0,true,"City16(Day 1) -> City18(Day 2) -> City22(Day 5)"
31,66,274.0,225.0,0.0,5,0.0,true,"City16(Day 2) -> City18(Day 4)"
31,67,375.0,441.0,0.0,5,0.0,true,"City16(Day 0) -> City18(Day 4) -> City24(Day 6)"
31,68,268.0,144.0,0.0,5,0.0,true,"City19(Day 3) -> City18(Day 4)"
31,69,269.0,169.0,0.0,5,0.0,true,"City16(Day 2) -> City24(Day 3)"
31,70,205.0,49.0,0.0,6,0.0,true,"City16(Day 5)"
31,71,295.0,225.0,0.0,6,0.0,true,"City16(Day 2) -> City18(Day 5)"
31,72,277.0,121.0,0.0,6,0.0,true,"City19(Day 0) -> City16(Day 6)"
31,73,436.0,576.0,0.0,6,0.0,true,"City16(Day 0) -> City14(Day 1) -> City18(Day 3)"
31,74,535.0,625.0,0.0,6,0.0,true,"City16(Day 1) -> City4(Day 2) -> City14(Day 3)"
31,75,244.0,64.0,0.0,6,0.0,true,"City18(Day 2)"
32,1,234.0,169.0,0.0,1,0.0,true,"City16(Day 0) -> City24(Day 3)"
32,2,341.0,361.0,0.0,1,0.0,true,"City19(Day 0) -> City16(Day 3) -> City18(Day 4)"
32,3,476.0,625.0,0.0,1,0.0,true,"City14(Day 1) -> City22(Day 2) -> City18(Day 3)"
32,4,237.0,225.0,0.0,1,0.0,true,"City16(Day 1) -> City18(Day 4)"
32,5,136.0,16.0,0.0,1,0.0,true,"City19(Day 3)"
32,6,165.0,64.0,0.0,1,0.0,true,"City18(Day 4)"
32,7,154.0,49.0,0.0,1,0.0,true,"City16(Day 6)"
32,8,346.0,441.0,0.0,1,0.0,true,"City16(Day 1) -> City24(Day 3) -> City18(Day 4)"
32,9,532.0,676.0,0.0,1,0.0,true,"City4(Day 2) -> City14(Day 3) -> City18(Day 4)"
32,10,309.0,256.0,0.0,1,0.0,true,"City22(Day 3) -> City18(Day 4)"
32,11,405.0,576.0,0.0,1,0.0,true,"City4(Day 2) -> City16(Day 3) -> City18(Day 4)"
32,12,382.0,529.0,0.0,1,0.0,true,"City16(Day 1) -> City18(Day 4) -> City22(Day 5)"
32,13,384.0,529.0,0.0,2,0.0,true,"City16(Day 0) -> City18(Day 4) -> City22(Day 5)"
32,14,423.0,576.0,0.0,2,0.0,true,"City16(Day 0) -> City14(Day 1) -> City18(Day 4)"
32,15,342.0,361.0,0.0,2,0.0,true,"City19(Day 1) -> City16(Day 3) -> City18(Day 4)"
32,16,543.0,676.0,0.0,2,0.0,true,"City14(Day 1) -> City4(Day 4) -> City18(Day 5)"
32,17,234.0,121.0,0.0,2,0.0,true,"City16(Day 1) -> City19(Day 3)"
32,18,239.0,225.0,0.0,2,0.0,true,"City16(Day 0) -> City18(Day 4)"
32,19,168.0,49.0,0.0,2,0.0,true,"City16(Day 1)"
32,20,348.0,441.0,0.0,2,0.0,true,"City16(Day 0) -> City24(Day 3) -> City18(Day 4)"
32,21,169.0,64.0,0.0,2,0.0,true,"City22(Day 5)"
32,22,310.0,256.0,0.0,2,0.0,true,"City18(Day 4) -> City22(Day 5)"
32,23,484.0,625.0,0.0,2,0.0,true,"City4(Day 2) -> City22(Day 3) -> City18(Day 4)"
32,24,486.0,625.0,0.0,3,0.0,true,"City4(Day 2) -> City18(Day 3) -> City22(Day 5)"
32,25,236.0,121.0,0.0,3,0.0,true,"City16(Day 0) -> City19(Day 3)"
32,26,365.0,441.0,0.0,3,0.0,true,"City16(Day 1) -> City18(Day 2) -> City24(Day 3)"
32,27,315.0,256.0,0.0,3,0.0,true,"City18(Day 2) -> City22(Day 5)"
32,28,564.0,676.0,0.0,3,0.0,true,"City4(Day 1) -> City14(Day 4) -> City18(Day 5)"
32,29,181.0,16.0,0.0,3,0.0,true,"City19(Day 0)"
32,30,386.0,529.0,0.0,3,0.0,true,"City16(Day 0) -> City22(Day 2) -> City18(Day 4)"
32,31,190.0,64.0,0.0,3,0.0,true,"City18(Day 5)"
32,32,258.0,225.0,0.0,3,0.0,true,"City16(Day 1) -> City18(Day 5)"
32,33,343.0,289.0,0.0,3,0.0,true,"City14(Day 1) -> City18(Day 4)"
32,34,424.0,576.0,0.0,3,0.0,true,"City14(Day 1) -> City16(Day 3) -> City18(Day 4)"
32,35,360.0,361.0,0.0,3,0.0,true,"City16(Day 1) -> City18(Day 2) -> City19(Day 3)"
32,36,388.0,529.0,0.0,4,0.0,true,"City16(Day 0) -> City18(Day 1) -> City22(Day 5)"
32,37,499.0,625.0,0.0,4,0.0,true,"City4(Day 1) -> City18(Day 3) -> City22(Day 5)"
32,38,257.0,121.0,0.0,4,0.0,true,"City19(Day 3) -> City16(Day 6)"
32,39,499.0,625.0,0.0,4,0.0,true,"City14(Day 1) -> City22(Day 3) -> City18(Day 4)"
32,40,362.0,361.0,0.0,4,0.0,true,"City16(Day 0) -> City18(Day 2) -> City19(Day 3)"
32,41,362.0,361.0,0.0,4,0.0,true,"City19(Day 0) -> City16(Day 3) -> City18(Day 5)"
32,42,367.0,441.0,0.0,4,0.0,true,"City16(Day 0) -> City18(Day 2) -> City24(Day 3)"
32,43,426.0,576.0,0.0,4,0.0,true,"City4(Day 2) -> City16(Day 3) -> City18(Day 5)"
32,44,320.0,256.0,0.0,4,0.0,true,"City22(Day 2) -> City18(Day 4)"
32,45,224.0,64.0,0.0,4,0.0,true,"City22(Day 6)"
32,46,260.0,225.0,0.0,4,0.0,true,"City16(Day 0) -> City18(Day 5)"
32,47,197.0,49.0,0.0,4,0.0,true,"City16(Day 4)"
32,48,569.0,676.0,0.0,4,0.0,true,"City4(Day 1) -> City18(Day 3) -> City14(Day 5)"
32,49,257.0,121.0,0.0,4,0.0,true,"City16(Day 1) -> City19(Day 6)"
32,50,188.0,16.0,0.0,4,0.0,true,"City19(Day 6)"
32,51,355.0,289.0,0.0,4,0.0,true,"City16(Day 1) -> City19(Day 2) -> City24(Day 3)"
32,52,194.0,36.0,0.0,4,0.0,true,"City24(Day 1)"
32,53,253.0,81.0,0.0,4,0.0,true,"City4(Day 2)"
32,54,322.0,256.0,0.0,5,0.0,true,"City14(Day 1) -> City16(Day 6)"
32,55,230.0,64.0,0.0,5,0.0,true,"City18(Day 1)"
32,56,274.0,225.0,0.0,5,0.0,true,"City16(Day 2) -> City18(Day 4)"
32,57,356.0,289.0,0.0,5,0.0,true,"City14(Day 1) -> City18(Day 3)"
32,58,572.0,676.0,0.0,5,0.0,true,"City4(Day 2) -> City22(Day 3) -> City14(Day 5)"
32,59,200.0,49.0,0.0,5,0.0,true,"City16(Day 0)"
32,60,259.0,121.0,0.0,5,0.0,true,"City16(Day 0) -> City19(Day 6)"
32,61,366.0,361.0,0.0,5,0.0,true,"City16(Day 1) -> City19(Day 3) -> City18(Day 4)"
32,62,269.0,169.0,0.0,5,0.0,true,"City16(Day 2) -> City24(Day 3)"
32,63,435.0,576.0,0.0,5,0.0,true,"City18(Day 4) -> City14(Day 5) -> City16(Day 6)"
32,64,268.0,144.0,0.0,5,0.0,true,"City19(Day 3) -> City18(Day 4)"
32,65,322.0,256.0,0.0,5,0.0,true,"City14(Day 4) -> City16(Day 6)"
32,66,510.0,625.0,0.0,5,0.0,true,"City14(Day 1) -> City18(Day 4) -> City22(Day 6)"
32,67,198.0,9.0,0.0,5,0.0,true,"City7(Day 1)"
32,68,375.0,441.0,0.0,5,0.0,true,"City16(Day 0) -> City18(Day 4) -> City24(Day 6)"
32,69,392.0,529.0,0.0,5,0.0,true,"City16(Day 1) -> City18(Day 2) -> City22(Day 5)"
32,70,391.0,441.0,0.0,6,0.0,true,"City16(Day 1) -> City24(Day 3) -> City18(Day 5)"
32,71,436.0,576.0,0.0,6,0.0,true,"City16(Day 0) -> City14(Day 1) -> City18(Day 3)"
32,72,600.0,676.0,0.0,6,0.0,true,"City4(Day 2) -> City22(Day 3) -> City14(Day 4)"
32,73,511.0,625.0,0.0,6,0.0,true,"City4(Day 2) -> City14(Day 3) -> City16(Day 6)"
32,74,285.0,144.0,0.0,6,0.0,true,"City19(Day 3) -> City22(Day 5)"
32,75,295.0,225.0,0.0,6,0.0,true,"City16(Day 2) -> City18(Day 5)"
33,1,154.0,49.0,0.0,1,0.0,true,"City16(Day 6)"
33,2,234.0,169.0,0.0,1,0.0,true,"City16(Day 0) -> City24(Day 3)"
33,3,382.0,529.0,0.0,1,0.0,true,"City16(Day 1) -> City18(Day 4) -> City22(Day 5)"
33,4,532.0,676.0,0.0,1,0.0,true,"City4(Day 2) -> City14(Day 3) -> City18(Day 4)"
33,5,346.0,441.0,0.0,1,0.0,true,"City16(Day 1) -> City24(Day 3) -> City18(Day 4)"
33,6,165.0,64.0,0.0,1,0.0,true,"City18(Day 4)"
33,7,341.0,361.0,0.0,1,0.0,true,"City19(Day 0) -> City16(Day 3) -> City18(Day 4)"
33,8,237.0,225.0,0.0,1,0.0,true,"City16(Day 1) -> City18(Day 4)"
33,9,405.0,576.0,0.0,1,0.0,true,"City4(Day 2) -> City16(Day 3) -> City18(Day 4)"
33,10,476.0,625.0,0.0,1,0.0,true,"City14(Day 1) -> City22(Day 2) -> City18(Day 3)"
33,11,136.0,16.0,0.0,1,0.0,true,"City19(Day 3)"
33,12,309.0,256.0,0.0,1,0.0,true,"City22(Day 3) -> City18(Day 4)"
33,13,310.0,256.0,0.0,2,0.0,true,"City18(Day 4) -> City22(Day 5)"
33,14,384.0,529.0,0.0,2,0.0,true,"City16(Day 1) -> City22(Day 2) -> City18(Day 4)"
33,15,384.0,529.0,0.0,2,0.0,true,"City16(Day 0) -> City18(Day 4) -> City22(Day 5)"
33,16,342.0,361.0,0.0,2,0.0,true,"City19(Day 1) -> City16(Day 3) -> City18(Day 4)"
33,17,423.0,576.0,0.0,2,0.0,true,"City16(Day 0) -> City14(Day 1) -> City18(Day 4)"
33,18,169.0,64.0,0.0,2,0.0,true,"City22(Day 5)"
33,19,239.0,225.0,0.0,2,0.0,true,"City16(Day 0) -> City18(Day 4)"
33,20,168.0,49.0,0.0,2,0.0,true,"City16(Day 1)"
33,21,484.0,625.0,0.0,2,0.0,true,"City4(Day 2) -> City22(Day 3) -> City18(Day 4)"
33,22,348.0,441.0,0.0,2,0.0,true,"City16(Day 0) -> City24(Day 3) -> City18(Day 4)"
33,23,543.0,676.0,0.0,2,0.0,true,"City14(Day 1) -> City4(Day 4) -> City18(Day 5)"
33,24,234.0,121.0,0.0,2,0.0,true,"City16(Day 1) -> City19(Day 3)"
33,25,190.0,64.0,0.0,3,0.0,true,"City18(Day 5)"
33,26,181.0,16.0,0.0,3,0.0,true,"City19(Day 0)"
33,27,486.0,625.0,0.0,3,0.0,true,"City4(Day 2) -> City18(Day 3) -> City22(Day 5)"
33,28,424.0,576.0,0.0,3,0.0,true,"City14(Day 1) -> City16(Day 3) -> City18(Day 4)"
33,29,360.0,361.0,0.0,3,0.0,true,"City16(Day 1) -> City18(Day 2) -> City19(Day 3)"
33,30,564.0,676.0,0.0,3,0.0,true,"City4(Day 1) -> City14(Day 4) -> City18(Day 5)"
33,31,258.0,225.0,0.0,3,0.0,true,"City16(Day 1) -> City18(Day 5)"
33,32,343.0,289.0,0.0,3,0.0,true,"City14(Day 1) -> City18(Day 4)"
33,33,386.0,529.0,0.0,3,0.0,true,"City16(Day 0) -> City22(Day 2) -> City18(Day 4)"
33,34,236.0,121.0,0.0,3,0.0,true,"City16(Day 0) -> City19(Day 3)"
33,35,315.0,256.0,0.0,3,0.0,true,"City18(Day 2) -> City22(Day 5)"
33,36,365.0,441.0,0.0,3,0.0,true,"City16(Day 1) -> City18(Day 2) -> City24(Day 3)"
33,37,367.0,441.0,0.0,4,0.0,true,"City16(Day 0) -> City18(Day 2) -> City24(Day 3)"
33,38,188.0,16.0,0.0,4,0.0,true,"City19(Day 6)"
33,39,253.0,81.0,0.0,4,0.0,true,"City4(Day 2)"
33,40,260.0,225.0,0.0,4,0.0,true,"City16(Day 0) -> City18(Day 5)"
33,41,388.0,529.0,0.0,4,0.0,true,"City16(Day 0) -> City18(Day 1) -> City22(Day 5)"
33,42,362.0,361.0,0.0,4,0.0,true,"City16(Day 0) -> City18(Day 2) -> City19(Day 3)"
33,43,499.0,625.0,0.0,4,0.0,true,"City14(Day 1) -> City22(Day 3) -> City18(Day 4)"
33,44,320.0,256.0,0.0,4,0.0,true,"City22(Day 2) -> City18(Day 4)"
33,45,257.0,121.0,0.0,4,0.0,true,"City16(Day 1) -> City19(Day 6)"
33,46,194.0,36.0,0.0,4,0.0,true,"City24(Day 1)"
33,47,257.0,121.0,0.0,4,0.0,true,"City19(Day 3) -> City16(Day 6)"
33,48,426.0,576.0,0.0,4,0.0,true,"City4(Day 2) -> City16(Day 3) -> City18(Day 5)"
33,49,499.0,625.0,0.0,4,0.0,true,"City4(Day 1) -> City18(Day 3) -> City22(Day 5)"
33,50,224.0,64.0,0.0,4,0.0,true,"City22(Day 6)"
33,51,569.0,676.0,0.0,4,0.0,true,"City4(Day 1) -> City18(Day 3) -> City14(Day 5)"
33,52,197.0,49.0,0.0,4,0.0,true,"City16(Day 4)"
33,53,355.0,289.0,0.0,4,0.0,true,"City16(Day 1) -> City19(Day 2) -> City24(Day 3)"
33,54,362.0,361.0,0.0,4,0.0,true,"City19(Day 0) -> City16(Day 3) -> City18(Day 5)"
33,55,322.0,256.0,0.0,5,0.0,true,"City14(Day 1) -> City16(Day 6)"
33,56,373.0,441.0,0.0,5,0.0,true,"City16(Day 1) -> City18(Day 4) -> City24(Day 6)"
33,57,356.0,289.0,0.0,5,0.0,true,"City14(Day 1) -> City18(Day 3)"
33,58,435.0,576.0,0.0,5,0.0,true,"City18(Day 4) -> City14(Day 5) -> City16(Day 6)"
33,59,230.0,64.0,0.0,5,0.0,true,"City18(Day 1)"
33,60,510.0,625.0,0.0,5,0.0,true,"City14(Day 1) -> City18(Day 4) -> City22(Day 6)"
33,61,572.0,676.0,0.0,5,0.0,true,"City4(Day 2) -> City22(Day 3) -> City14(Day 5)"
33,62,366.0,361.0,0.0,5,0.0,true,"City16(Day 1) -> City19(Day 3) -> City18(Day 4)"
33,63,269.0,169.0,0.0,5,0.0,true,"City16(Day 2) -> City24(Day 3)"
33,64,268.0,144.0,0.0,5,0.0,true,"City19(Day 3) -> City18(Day 4)"
33,65,274.0,225.0,0.0,5,0.0,true,"City16(Day 2) -> City18(Day 4)"
33,66,322.0,256.0,0.0,5,0.0,true,"City14(Day 4) -> City16(Day 6)"
33,67,198.0,9.0,0.0,5,0.0,true,"City7(Day 1)"
33,68,259.0,121.0,0.0,5,0.0,true,"City16(Day 0) -> City19(Day 6)"
33,69,200.0,49.0,0.0,5,0.0,true,"City16(Day 0)"
33,70,392.0,529.0,0.0,5,0.0,true,"City16(Day 1) -> City18(Day 2) -> City22(Day 5)"
33,71,240.0,64.0,0.0,6,0.0,true,"City18(Day 3)"
33,72,372.0,289.0,0.0,6,0.0,true,"City4(Day 2) -> City18(Day 4)"
33,73,205.0,49.0,0.0,6,0.0,true,"City16(Day 5)"
33,74,511.0,625.0,0.0,6,0.0,true,"City4(Day 2) -> City14(Day 3) -> City16(Day 6)"
33,75,375.0,441.0,0.0,6,0.0,true,"City16(Day 0) -> City18(Day 4) -> City24(Day 6)"
34,1,341.0,361.0,0.0,1,0.0,true,"City19(Day 0) -> City16(Day 3) -> City18(Day 4)"
34,2,382.0,529.0,0.0,1,0.0,true,"City16(Day 1) -> City18(Day 4) -> City22(Day 5)"
34,3,136.0,16.0,0.0,1,0.0,true,"City19(Day 3)"
34,4,476.0,625.0,0.0,1,0.0,true,"City14(Day 1) -> City22(Day 2) -> City18(Day 3)"
34,5,165.0,64.0,0.0,1,0.0,true,"City18(Day 4)"
34,6,346.0,441.0,0.0,1,0.0,true,"City16(Day 1) -> City24(Day 3) -> City18(Day 4)"
34,7,309.0,256.0,0.0,1,0.0,true,"City22(Day 3) -> City18(Day 4)"
34,8,237.0,225.0,0.0,1,0.0,true,"City16(Day 1) -> City18(Day 4)"
34,9,154.0,49.0,0.0,1,0.0,true,"City16(Day 6)"
34,10,234.0,169.0,0.0,1,0.0,true,"City16(Day 0) -> City24(Day 3)"
34,11,405.0,576.0,0.0,1,0.0,true,"City4(Day 2) -> City16(Day 3) -> City18(Day 4)"
34,12,532.0,676.0,0.0,1,0.0,true,"City4(Day 2) -> City14(Day 3) -> City18(Day 4)"
34,13,384.0,529.0,0.0,2,0.0,true,"City16(Day 1) -> City22(Day 2) -> City18(Day 4)"
34,14,168.0,49.0,0.0,2,0.0,true,"City16(Day 1)"
34,15,543.0,676.0,0.0,2,0.0,true,"City14(Day 1) -> City4(Day 4) -> City18(Day 5)"
34,16,384.0,529.0,0.0,2,0.0,true,"City16(Day 0) -> City18(Day 4) -> City22(Day 5)"
34,17,234.0,121.0,0.0,2,0.0,true,"City16(Day 1) -> City19(Day 3)"
34,18,310.0,256.0,0.0,2,0.0,true,"City18(Day 4) -> City22(Day 5)"
34,19,342.0,361.0,0.0,2,0.0,true,"City19(Day 1) -> City16(Day 3) -> City18(Day 4)"
34,20,348.0,441.0,0.0,2,0.0,true,"City16(Day 0) -> City24(Day 3) -> City18(Day 4)"
34,21,169.0,64.0,0.0,2,0.0,true,"City22(Day 5)"
34,22,423.0,576.0,0.0,2,0.0,true,"City16(Day 0) -> City14(Day 1) -> City18(Day 4)"
34,23,239.0,225.0,0.0,2,0.0,true,"City16(Day 0) -> City18(Day 4)"
34,24,484.0,625.0,0.0,2,0.0,true,"City4(Day 2) -> City22(Day 3) -> City18(Day 4)"
34,25,564.0,676.0,0.0,3,0.0,true,"City4(Day 1) -> City14(Day 4) -> City18(Day 5)"
34,26,190.0,64.0,0.0,3,0.0,true,"City18(Day 5)"
34,27,343.0,289.0,0.0,3,0.0,true,"City14(Day 1) -> City18(Day 4)"
34,28,424.0,576.0,0.0,3,0.0,true,"City14(Day 1) -> City16(Day 3) -> City18(Day 4)"
34,29,365.0,441.0,0.0,3,0.0,true,"City16(Day 1) -> City18(Day 2) -> City24(Day 3)"
34,30,181.0,16.0,0.0,3,0.0,true,"City19(Day 0)"
34,31,258.0,225.0,0.0,3,0.0,true,"City16(Day 1) -> City18(Day 5)"
34,32,486.0,625.0,0.0,3,0.0,true,"City4(Day 2) -> City18(Day 3) -> City22(Day 5)"
34,33,386.0,529.0,0.0,3,0.0,true,"City16(Day 0) -> City22(Day 2) -> City18(Day 4)"
34,34,315.0,256.0,0.0,3,0.0,true,"City18(Day 2) -> City22(Day 5)"
34,35,360.0,361.0,0.0,3,0.0,true,"City16(Day 1) -> City18(Day 2) -> City19(Day 3)"
34,36,236.0,121.0,0.0,3,0.0,true,"City16(Day 0) -> City19(Day 3)"
34,37,367.0,441.0,0.0,4,0.0,true,"City16(Day 0) -> City18(Day 2) -> City24(Day 3)"
34,38,257.0,121.0,0.0,4,0.0,true,"City19(Day 3) -> City16(Day 6)"
34,39,362.0,361.0,0.0,4,0.0,true,"City16(Day 0) -> City18(Day 2) -> City19(Day 3)"
34,40,188.0,16.0,0.0,4,0.0,true,"City19(Day 6)"
34,41,499.0,625.0,0.0,4,0.0,true,"City4(Day 1) -> City18(Day 3) -> City22(Day 5)"
34,42,260.0,225.0,0.0,4,0.0,true,"City16(Day 0) -> City18(Day 5)"
34,43,224.0,64.0,0.0,4,0.0,true,"City22(Day 6)"
34,44,253.0,81.0,0.0,4,0.0,true,"City4(Day 2)"
34,45,320.0,256.0,0.0,4,0.0,true,"City22(Day 2) -> City18(Day 4)"
34,46,569.0,676.0,0.0,4,0.0,true,"City4(Day 1) -> City18(Day 3) -> City14(Day 5)"
34,47,499.0,625.0,0.0,4,0.0,true,"City14(Day 1) -> City22(Day 3) -> City18(Day 4)"
34,48,355.0,289.0,0.0,4,0.0,true,"City16(Day 1) -> City19(Day 2) -> City24(Day 3)"
34,49,362.0,361.0,0.0,4,0.0,true,"City19(Day 0) -> City16(Day 3) -> City18(Day 5)"
34,50,257.0,121.0,0.0,4,0.0,true,"City16(Day 1) -> City19(Day 6)"
34,51,192.0,36.0,0.0,4,0.0,true,"City24(Day 3)"
34,52,426.0,576.0,0.0,4,0.0,true,"City4(Day 2) -> City16(Day 3) -> City18(Day 5)"
34,53,388.0,529.0,0.0,4,0.0,true,"City16(Day 0) -> City18(Day 1) -> City22(Day 5)"
34,54,197.0,49.0,0.0,4,0.0,true,"City16(Day 4)"
34,55,356.0,289.0,0.0,5,0.0,true,"City14(Day 1) -> City18(Day 3)"
34,56,259.0,121.0,0.0,5,0.0,true,"City16(Day 0) -> City19(Day 6)"
34,57,322.0,256.0,0.0,5,0.0,true,"City14(Day 1) -> City16(Day 6)"
34,58,435.0,576.0,0.0,5,0.0,true,"City18(Day 4) -> City14(Day 5) -> City16(Day 6)"
34,59,269.0,169.0,0.0,5,0.0,true,"City16(Day 2) -> City24(Day 3)"
34,60,322.0,256.0,0.0,5,0.0,true,"City14(Day 4) -> City16(Day 6)"
34,61,194.0,36.0,0.0,5,0.0,true,"City24(Day 1)"
34,62,572.0,676.0,0.0,5,0.0,true,"City4(Day 2) -> City22(Day 3) -> City14(Day 5)"
34,63,373.0,441.0,0.0,5,0.0,true,"City16(Day 1) -> City18(Day 4) -> City24(Day 6)"
34,64,268.0,144.0,0.0,5,0.0,true,"City19(Day 3) -> City18(Day 4)"
34,65,230.0,64.0,0.0,5,0.0,true,"City18(Day 1)"
34,66,200.0,49.0,0.0,5,0.0,true,"City16(Day 0)"
34,67,510.0,625.0,0.0,5,0.0,true,"City14(Day 1) -> City18(Day 4) -> City22(Day 6)"
34,68,274.0,225.0,0.0,5,0.0,true,"City16(Day 2) -> City18(Day 4)"
34,69,392.0,529.0,0.0,5,0.0,true,"City16(Day 1) -> City18(Day 2) -> City22(Day 5)"
34,70,366.0,361.0,0.0,5,0.0,true,"City16(Day 1) -> City19(Day 3) -> City18(Day 4)"
34,71,240.0,64.0,0.0,6,0.0,true,"City18(Day 3)"
34,72,375.0,441.0,0.0,6,0.0,true,"City16(Day 0) -> City18(Day 4) -> City24(Day 6)"
34,73,372.0,289.0,0.0,6,0.0,true,"City4(Day 2) -> City18(Day 4)"
34,74,198.0,9.0,0.0,6,0.0,true,"City7(Day 1)"
34,75,205.0,49.0,0.0,6,0.0,true,"City16(Day 5)"
35,1,382.0,529.0,0.0,1,0.0,true,"City16(Day 1) -> City18(Day 4) -> City22(Day 5)"
35,2,309.0,256.0,0.0,1,0.0,true,"City22(Day 3) -> City18(Day 4)"
35,3,341.0,361.0,0.0,1,0.0,true,"City19(Day 0) -> City16(Day 3) -> City18(Day 4)"
35,4,346.0,441.0,0.0,1,0.0,true,"City16(Day 1) -> City24(Day 3) -> City18(Day 4)"
35,5,237.0,225.0,0.0,1,0.0,true,"City16(Day 1) -> City18(Day 4)"
35,6,405.0,576.0,0.0,1,0.0,true,"City4(Day 2) -> City16(Day 3) -> City18(Day 4)"
35,7,532.0,676.0,0.0,1,0.0,true,"City4(Day 2) -> City14(Day 3) -> City18(Day 4)"
35,8,165.0,64.0,0.0,1,0.0,true,"City18(Day 4)"
35,9,476.0,625.0,0.0,1,0.0,true,"City14(Day 1) -> City22(Day 2) -> City18(Day 3)"
35,10,154.0,49.0,0.0,1,0.0,true,"City16(Day 6)"
35,11,232.0,169.0,0.0,1,0.0,true,"City16(Day 1) -> City24(Day 3)"
35,12,136.0,16.0,0.0,1,0.0,true,"City19(Day 3)"
35,13,384.0,529.0,0.0,2,0.0,true,"City16(Day 0) -> City18(Day 4) -> City22(Day 5)"
35,14,348.0,441.0,0.0,2,0.0,true,"City16(Day 0) -> City24(Day 3) -> City18(Day 4)"
35,15,384.0,529.0,0.0,2,0.0,true,"City16(Day 1) -> City22(Day 2) -> City18(Day 4)"
35,16,342.0,361.0,0.0,2,0.0,true,"City19(Day 1) -> City16(Day 3) -> City18(Day 4)"
35,17,310.0,256.0,0.0,2,0.0,true,"City18(Day 4) -> City22(Day 5)"
35,18,543.0,676.0,0.0,2,0.0,true,"City14(Day 1) -> City4(Day 4) -> City18(Day 5)"
35,19,169.0,64.0,0.0,2,0.0,true,"City22(Day 5)"
35,20,423.0,576.0,0.0,2,0.0,true,"City16(Day 0) -> City14(Day 1) -> City18(Day 4)"
35,21,168.0,49.0,0.0,2,0.0,true,"City16(Day 1)"
35,22,484.0,625.0,0.0,2,0.0,true,"City4(Day 2) -> City22(Day 3) -> City18(Day 4)"
35,23,234.0,169.0,0.0,2,0.0,true,"City16(Day 0) -> City24(Day 3)"
35,24,239.0,225.0,0.0,2,0.0,true,"City16(Day 0) -> City18(Day 4)"
35,25,386.0,529.0,0.0,3,0.0,true,"City16(Day 0) -> City22(Day 2) -> City18(Day 4)"
35,26,486.0,625.0,0.0,3,0.0,true,"City4(Day 2) -> City18(Day 3) -> City22(Day 5)"
35,27,360.0,361.0,0.0,3,0.0,true,"City16(Day 1) -> City18(Day 2) -> City19(Day 3)"
35,28,181.0,16.0,0.0,3,0.0,true,"City19(Day 0)"
35,29,424.0,576.0,0.0,3,0.0,true,"City14(Day 1) -> City16(Day 3) -> City18(Day 4)"
35,30,315.0,256.0,0.0,3,0.0,true,"City18(Day 2) -> City22(Day 5)"
35,31,564.0,676.0,0.0,3,0.0,true,"City4(Day 1) -> City14(Day 4) -> City18(Day 5)"
35,32,258.0,225.0,0.0,3,0.0,true,"City16(Day 1) -> City18(Day 5)"
35,33,190.0,64.0,0.0,3,0.0,true,"City18(Day 5)"
35,34,365.0,441.0,0.0,3,0.0,true,"City16(Day 1) -> City18(Day 2) -> City24(Day 3)"
35,35,343.0,289.0,0.0,3,0.0,true,"City14(Day 1) -> City18(Day 4)"
35,36,234.0,121.0,0.0,3,0.0,true,"City16(Day 1) -> City19(Day 3)"
35,37,362.0,361.0,0.0,4,0.0,true,"City16(Day 0) -> City18(Day 2) -> City19(Day 3)"
35,38,499.0,625.0,0.0,4,0.0,true,"City4(Day 1) -> City18(Day 3) -> City22(Day 5)"
35,39,236.0,121.0,0.0,4,0.0,true,"City16(Day 0) -> City19(Day 3)"
35,40,367.0,441.0,0.0,4,0.0,true,"City16(Day 0) -> City18(Day 2) -> City24(Day 3)"
35,41,197.0,49.0,0.0,4,0.0,true,"City16(Day 4)"
35,42,362.0,361.0,0.0,4,0.0,true,"City19(Day 0) -> City16(Day 3) -> City18(Day 5)"
35,43,260.0,225.0,0.0,4,0.0,true,"City16(Day 0) -> City18(Day 5)"
35,44,569.0,676.0,0.0,4,0.0,true,"City4(Day 1) -> City18(Day 3) -> City14(Day 5)"
35,45,192.0,36.0,0.0,4,0.0,true,"City24(Day 3)"
35,46,388.0,529.0,0.0,4,0.0,true,"City16(Day 0) -> City18(Day 1) -> City22(Day 5)"
35,47,224.0,64.0,0.0,4,0.0,true,"City22(Day 6)"
35,48,426.0,576.0,0.0,4,0.0,true,"City4(Day 2) -> City16(Day 3) -> City18(Day 5)"
35,49,188.0,16.0,0.0,4,0.0,true,"City19(Day 6)"
35,50,320.0,256.0,0.0,4,0.0,true,"City22(Day 2) -> City18(Day 4)"
35,51,499.0,625.0,0.0,4,0.0,true,"City14(Day 1) -> City22(Day 3) -> City18(Day 4)"
35,52,355.0,289.0,0.0,4,0.0,true,"City16(Day 1) -> City19(Day 2) -> City24(Day 3)"
35,53,373.0,441.0,0.0,5,0.0,true,"City16(Day 1) -> City18(Day 4) -> City24(Day 6)"
35,54,257.0,121.0,0.0,5,0.0,true,"City19(Day 3) -> City16(Day 6)"
35,55,257.0,121.0,0.0,5,0.0,true,"City16(Day 1) -> City19(Day 6)"
35,56,230.0,64.0,0.0,5,0.0,true,"City18(Day 1)"
35,57,194.0,36.0,0.0,5,0.0,true,"City24(Day 1)"
35,58,366.0,361.0,0.0,5,0.0,true,"City16(Day 1) -> City19(Day 3) -> City18(Day 4)"
35,59,572.0,676.0,0.0,5,0.0,true,"City4(Day 2) -> City22(Day 3) -> City14(Day 5)"
35,60,322.0,256.0,0.0,5,0.0,true,"City14(Day 1) -> City16(Day 6)"
35,61,435.0,576.0,0.0,5,0.0,true,"City18(Day 4) -> City14(Day 5) -> City16(Day 6)"
35,62,200.0,49.0,0.0,5,0.0,true,"City16(Day 0)"
35,63,356.0,289.0,0.0,5,0.0,true,"City14(Day 1) -> City18(Day 3)"
35,64,392.0,529.0,0.0,5,0.0,true,"City16(Day 1) -> City18(Day 2) -> City22(Day 5)"
35,65,322.0,256.0,0.0,5,0.0,true,"City14(Day 4) -> City16(Day 6)"
35,66,253.0,81.0,0.0,5,0.0,true,"City4(Day 2)"
35,67,274.0,225.0,0.0,5,0.0,true,"City16(Day 2) -> City18(Day 4)"
35,68,269.0,169.0,0.0,5,0.0,true,"City16(Day 2) -> City24(Day 3)"
35,69,268.0,144.0,0.0,5,0.0,true,"City19(Day 3) -> City18(Day 4)"
35,70,510.0,625.0,0.0,5,0.0,true,"City14(Day 1) -> City18(Day 4) -> City22(Day 6)"
35,71,198.0,9.0,0.0,6,0.0,true,"City7(Day 1)"
35,72,234.0,64.0,0.0,6,0.0,true,"City18(Day 0)"
35,73,205.0,49.0,0.0,6,0.0,true,"City16(Day 5)"
35,74,295.0,225.0,0.0,6,0.0,true,"City16(Day 2) -> City18(Day 5)"
35,75,375.0,441.0,0.0,6,0.0,true,"City16(Day 0) -> City18(Day 4) -> City24(Day 6)"
36,1,165.0,64.0,0.0,1,0.0,true,"City18(Day 4)"
36,2,405.0,576.0,0.0,1,0.0,true,"City4(Day 2) -> City16(Day 3) -> City18(Day 4)"
36,3,341.0,361.0,0.0,1,0.0,true,"City19(Day 0) -> City16(Day 3) -> City18(Day 4)"
36,4,309.0,256.0,0.0,1,0.0,true,"City22(Day 3) -> City18(Day 4)"
36,5,346.0,441.0,0.0,1,0.0,true,"City16(Day 1) -> City24(Day 3) -> City18(Day 4)"
36,6,154.0,49.0,0.0,1,0.0,true,"City16(Day 6)"
36,7,237.0,225.0,0.0,1,0.0,true,"City16(Day 1) -> City18(Day 4)"
36,8,532.0,676.0,0.0,1,0.0,true,"City4(Day 2) -> City14(Day 3) -> City18(Day 4)"
36,9,382.0,529.0,0.0,1,0.0,true,"City16(Day 1) -> City18(Day 4) -> City22(Day 5)"
36,10,476.0,625.0,0.0,1,0.0,true,"City14(Day 1) -> City22(Day 2) -> City18(Day 3)"
36,11,232.0,169.0,0.0,1,0.0,true,"City16(Day 1) -> City24(Day 3)"
36,12,136.0,16.0,0.0,1,0.0,true,"City19(Day 3)"
36,13,348.0,441.0,0.0,2,0.0,true,"City16(Day 0) -> City24(Day 3) -> City18(Day 4)"
36,14,239.0,225.0,0.0,2,0.0,true,"City16(Day 0) -> City18(Day 4)"
36,15,234.0,169.0,0.0,2,0.0,true,"City16(Day 0) -> City24(Day 3)"
36,16,169.0,64.0,0.0,2,0.0,true,"City22(Day 5)"
36,17,423.0,576.0,0.0,2,0.0,true,"City16(Day 0) -> City14(Day 1) -> City18(Day 4)"
36,18,384.0,529.0,0.0,2,0.0,true,"City16(Day 0) -> City18(Day 4) -> City22(Day 5)"
36,19,342.0,361.0,0.0,2,0.0,true,"City19(Day 1) -> City16(Day 3) -> City18(Day 4)"
36,20,484.0,625.0,0.0,2,0.0,true,"City4(Day 2) -> City22(Day 3) -> City18(Day 4)"
36,21,310.0,256.0,0.0,2,0.0,true,"City18(Day 4) -> City22(Day 5)"
36,22,384.0,529.0,0.0,2,0.0,true,"City16(Day 1) -> City22(Day 2) -> City18(Day 4)"
36,23,543.0,676.0,0.0,2,0.0,true,"City14(Day 1) -> City4(Day 4) -> City18(Day 5)"
36,24,168.0,49.0,0.0,2,0.0,true,"City16(Day 1)"
36,25,386.0,529.0,0.0,3,0.0,true,"City16(Day 0) -> City22(Day 2) -> City18(Day 4)"
36,26,315.0,256.0,0.0,3,0.0,true,"City18(Day 2) -> City22(Day 5)"
36,27,486.0,625.0,0.0,3,0.0,true,"City4(Day 2) -> City18(Day 3) -> City22(Day 5)"
36,28,234.0,121.0,0.0,3,0.0,true,"City16(Day 1) -> City19(Day 3)"
36,29,190.0,64.0,0.0,3,0.0,true,"City18(Day 5)"
36,30,363.0,441.0,0.0,3,0.0,true,"City16(Day 1) -> City24(Day 3) -> City22(Day 5)"
36,31,343.0,289.0,0.0,3,0.0,true,"City14(Day 1) -> City18(Day 4)"
36,32,360.0,361.0,0.0,3,0.0,true,"City16(Day 1) -> City18(Day 2) -> City19(Day 3)"
36,33,424.0,576.0,0.0,3,0.0,true,"City14(Day 1) -> City16(Day 3) -> City18(Day 4)"
36,34,181.0,16.0,0.0,3,0.0,true,"City19(Day 0)"
36,35,258.0,225.0,0.0,3,0.0,true,"City16(Day 1) -> City18(Day 5)"
36,36,564.0,676.0,0.0,3,0.0,true,"City4(Day 1) -> City14(Day 4) -> City18(Day 5)"
36,37,192.0,36.0,0.0,4,0.0,true,"City24(Day 3)"
36,38,569.0,676.0,0.0,4,0.0,true,"City4(Day 1) -> City18(Day 3) -> City14(Day 5)"
36,39,362.0,361.0,0.0,4,0.0,true,"City19(Day 0) -> City16(Day 3) -> City18(Day 5)"
36,40,388.0,529.0,0.0,4,0.0,true,"City16(Day 0) -> City18(Day 1) -> City22(Day 5)"
36,41,355.0,289.0,0.0,4,0.0,true,"City16(Day 1) -> City19(Day 2) -> City24(Day 3)"
36,42,197.0,49.0,0.0,4,0.0,true,"City16(Day 4)"
36,43,362.0,361.0,0.0,4,0.0,true,"City16(Day 0) -> City18(Day 2) -> City19(Day 3)"
36,44,426.0,576.0,0.0,4,0.0,true,"City4(Day 2) -> City16(Day 3) -> City18(Day 5)"
36,45,188.0,16.0,0.0,4,0.0,true,"City19(Day 6)"
36,46,260.0,225.0,0.0,4,0.0,true,"City16(Day 0) -> City18(Day 5)"
36,47,365.0,441.0,0.0,4,0.0,true,"City16(Day 1) -> City18(Day 2) -> City24(Day 3)"
36,48,224.0,64.0,0.0,4,0.0,true,"City22(Day 6)"
36,49,499.0,625.0,0.0,4,0.0,true,"City14(Day 1) -> City22(Day 3) -> City18(Day 4)"
36,50,499.0,625.0,0.0,4,0.0,true,"City4(Day 1) -> City18(Day 3) -> City22(Day 5)"
36,51,236.0,121.0,0.0,4,0.0,true,"City16(Day 0) -> City19(Day 3)"
36,52,320.0,256.0,0.0,4,0.0,true,"City22(Day 2) -> City18(Day 4)"
36,53,572.0,676.0,0.0,5,0.0,true,"City4(Day 2) -> City22(Day 3) -> City14(Day 5)"
36,54,194.0,36.0,0.0,5,0.0,true,"City24(Day 1)"
36,55,200.0,49.0,0.0,5,0.0,true,"City16(Day 0)"
36,56,322.0,256.0,0.0,5,0.0,true,"City14(Day 4) -> City16(Day 6)"
36,57,510.0,625.0,0.0,5,0.0,true,"City14(Day 1) -> City18(Day 4) -> City22(Day 6)"
36,58,253.0,81.0,0.0,5,0.0,true,"City4(Day 2)"
36,59,435.0,576.0,0.0,5,0.0,true,"City18(Day 4) -> City14(Day 5) -> City16(Day 6)"
36,60,268.0,144.0,0.0,5,0.0,true,"City19(Day 3) -> City18(Day 4)"
36,61,230.0,64.0,0.0,5,0.0,true,"City18(Day 1)"
36,62,274.0,225.0,0.0,5,0.0,true,"City16(Day 2) -> City18(Day 4)"
36,63,257.0,121.0,0.0,5,0.0,true,"City16(Day 1) -> City19(Day 6)"
36,64,257.0,121.0,0.0,5,0.0,true,"City19(Day 3) -> City16(Day 6)"
36,65,356.0,289.0,0.0,5,0.0,true,"City14(Day 1) -> City18(Day 3)"
36,66,366.0,361.0,0.0,5,0.0,true,"City16(Day 1) -> City19(Day 3) -> City18(Day 4)"
36,67,322.0,256.0,0.0,5,0.0,true,"City14(Day 1) -> City16(Day 6)"
36,68,392.0,529.0,0.0,5,0.0,true,"City16(Day 1) -> City18(Day 2) -> City22(Day 5)"
36,69,367.0,441.0,0.0,5,0.0,true,"City16(Day 0) -> City18(Day 2) -> City24(Day 3)"
36,70,269.0,169.0,0.0,5,0.0,true,"City16(Day 2) -> City24(Day 3)"
36,71,288.0,196.0,0.0,6,0.0,true,"City18(Day 2) -> City24(Day 3)"
36,72,205.0,49.0,0.0,6,0.0,true,"City16(Day 5)"
36,73,467.0,576.0,0.0,6,0.0,true,"City22(Day 2) -> City14(Day 4) -> City16(Day 6)"
36,74,282.0,121.0,0.0,6,0.0,true,"City19(Day 3) -> City16(Day 4)"
36,75,234.0,64.0,0.0,6,0.0,true,"City18(Day 0)"
37,1,405.0,576.0,0.0,1,0.0,true,"City4(Day 2) -> City16(Day 3) -> City18(Day 4)"
37,2,165.0,64.0,0.0,1,0.0,true,"City18(Day 4)"
37,3,232.0,169.0,0.0,1,0.0,true,"City16(Day 1) -> City24(Day 3)"
37,4,154.0,49.0,0.0,1,0.0,true,"City16(Day 6)"
37,5,309.0,256.0,0.0,1,0.0,true,"City22(Day 3) -> City18(Day 4)"
37,6,476.0,625.0,0.0,1,0.0,true,"City14(Day 1) -> City22(Day 2) -> City18(Day 3)"
37,7,532.0,676.0,0.0,1,0.0,true,"City4(Day 2) -> City14(Day 3) -> City18(Day 4)"
37,8,136.0,16.0,0.0,1,0.0,true,"City19(Day 3)"
37,9,346.0,441.0,0.0,1,0.0,true,"City16(Day 1) -> City24(Day 3) -> City18(Day 4)"
37,10,341.0,361.0,0.0,1,0.0,true,"City19(Day 0) -> City16(Day 3) -> City18(Day 4)"
37,11,382.0,529.0,0.0,1,0.0,true,"City16(Day 1) -> City18(Day 4) -> City22(Day 5)"
37,12,237.0,225.0,0.0,1,0.0,true,"City16(Day 1) -> City18(Day 4)"
37,13,423.0,576.0,0.0,2,0.0,true,"City16(Day 0) -> City14(Day 1) -> City18(Day 4)"
37,14,543.0,676.0,0.0,2,0.0,true,"City14(Day 1) -> City4(Day 4) -> City18(Day 5)"
37,15,169.0,64.0,0.0,2,0.0,true,"City22(Day 5)"
37,16,348.0,441.0,0.0,2,0.0,true,"City16(Day 0) -> City24(Day 3) -> City18(Day 4)"
37,17,234.0,169.0,0.0,2,0.0,true,"City16(Day 0) -> City24(Day 3)"
37,18,168.0,49.0,0.0,2,0.0,true,"City16(Day 1)"
37,19,484.0,625.0,0.0,2,0.0,true,"City4(Day 2) -> City22(Day 3) -> City18(Day 4)"
37,20,342.0,361.0,0.0,2,0.0,true,"City19(Day 1) -> City16(Day 3) -> City18(Day 4)"
37,21,384.0,529.0,0.0,2,0.0,true,"City16(Day 1) -> City22(Day 2) -> City18(Day 4)"
37,22,239.0,225.0,0.0,2,0.0,true,"City16(Day 0) -> City18(Day 4)"
37,23,310.0,256.0,0.0,2,0.0,true,"City18(Day 4) -> City22(Day 5)"
37,24,384.0,529.0,0.0,2,0.0,true,"City16(Day 0) -> City18(Day 4) -> City22(Day 5)"
37,25,258.0,225.0,0.0,3,0.0,true,"City16(Day 1) -> City18(Day 5)"
37,26,386.0,529.0,0.0,3,0.0,true,"City16(Day 0) -> City22(Day 2) -> City18(Day 4)"
37,27,190.0,64.0,0.0,3,0.0,true,"City18(Day 5)"
37,28,181.0,16.0,0.0,3,0.0,true,"City19(Day 0)"
37,29,424.0,576.0,0.0,3,0.0,true,"City14(Day 1) -> City16(Day 3) -> City18(Day 4)"
37,30,343.0,289.0,0.0,3,0.0,true,"City14(Day 1) -> City18(Day 4)"
37,31,486.0,625.0,0.0,3,0.0,true,"City4(Day 2) -> City18(Day 3) -> City22(Day 5)"
37,32,363.0,441.0,0.0,3,0.0,true,"City16(Day 1) -> City24(Day 3) -> City22(Day 5)"
37,33,234.0,121.0,0.0,3,0.0,true,"City16(Day 1) -> City19(Day 3)"
37,34,360.0,361.0,0.0,3,0.0,true,"City16(Day 1) -> City18(Day 2) -> City19(Day 3)"
37,35,564.0,676.0,0.0,3,0.0,true,"City4(Day 1) -> City14(Day 4) -> City18(Day 5)"
37,36,315.0,256.0,0.0,3,0.0,true,"City18(Day 2) -> City22(Day 5)"
37,37,362.0,361.0,0.0,4,0.0,true,"City16(Day 0) -> City18(Day 2) -> City19(Day 3)"
37,38,365.0,441.0,0.0,4,0.0,true,"City16(Day 1) -> City18(Day 2) -> City24(Day 3)"
37,39,320.0,256.0,0.0,4,0.0,true,"City22(Day 2) -> City18(Day 4)"
37,40,355.0,289.0,0.0,4,0.0,true,"City16(Day 1) -> City19(Day 2) -> City24(Day 3)"
37,41,569.0,676.0,0.0,4,0.0,true,"City4(Day 1) -> City18(Day 3) -> City14(Day 5)"
37,42,362.0,361.0,0.0,4,0.0,true,"City19(Day 0) -> City16(Day 3) -> City18(Day 5)"
37,43,260.0,225.0,0.0,4,0.0,true,"City16(Day 0) -> City18(Day 5)"
37,44,426.0,576.0,0.0,4,0.0,true,"City4(Day 2) -> City16(Day 3) -> City18(Day 5)"
37,45,388.0,529.0,0.0,4,0.0,true,"City16(Day 0) -> City18(Day 1) -> City22(Day 5)"
37,46,236.0,121.0,0.0,4,0.0,true,"City16(Day 0) -> City19(Day 3)"
37,47,224.0,64.0,0.0,4,0.0,true,"City22(Day 6)"
37,48,192.0,36.0,0.0,4,0.0,true,"City24(Day 3)"
37,49,499.0,625.0,0.0,4,0.0,true,"City4(Day 1) -> City18(Day 3) -> City22(Day 5)"
37,50,197.0,49.0,0.0,4,0.0,true,"City16(Day 4)"
37,51,499.0,625.0,0.0,4,0.0,true,"City14(Day 1) -> City22(Day 3) -> City18(Day 4)"
37,52,188.0,16.0,0.0,4,0.0,true,"City19(Day 6)"
37,53,572.0,676.0,0.0,5,0.0,true,"City4(Day 2) -> City22(Day 3) -> City14(Day 5)"
37,54,367.0,441.0,0.0,5,0.0,true,"City16(Day 0) -> City18(Day 2) -> City24(Day 3)"
37,55,230.0,64.0,0.0,5,0.0,true,"City18(Day 1)"
37,56,356.0,289.0,0.0,5,0.0,true,"City14(Day 1) -> City18(Day 3)"
37,57,366.0,361.0,0.0,5,0.0,true,"City16(Day 1) -> City19(Day 3) -> City18(Day 4)"
37,58,253.0,81.0,0.0,5,0.0,true,"City4(Day 2)"
37,59,435.0,576.0,0.0,5,0.0,true,"City18(Day 4) -> City14(Day 5) -> City16(Day 6)"
37,60,274.0,225.0,0.0,5,0.0,true,"City16(Day 2) -> City18(Day 4)"
37,61,392.0,529.0,0.0,5,0.0,true,"City16(Day 1) -> City18(Day 2) -> City22(Day 5)"
37,62,269.0,169.0,0.0,5,0.0,true,"City16(Day 2) -> City24(Day 3)"
37,63,510.0,625.0,0.0,5,0.0,true,"City14(Day 1) -> City18(Day 4) -> City22(Day 6)"
37,64,200.0,49.0,0.0,5,0.0,true,"City16(Day 0)"
37,65,322.0,256.0,0.0,5,0.0,true,"City14(Day 4) -> City16(Day 6)"
37,66,257.0,121.0,0.0,5,0.0,true,"City19(Day 3) -> City16(Day 6)"
37,67,257.0,121.0,0.0,5,0.0,true,"City16(Day 1) -> City19(Day 6)"
37,68,194.0,36.0,0.0,5,0.0,true,"City24(Day 1)"
37,69,322.0,256.0,0.0,5,0.0,true,"City14(Day 1) -> City16(Day 6)"
37,70,268.0,144.0,0.0,5,0.0,true,"City19(Day 3) -> City18(Day 4)"
37,71,466.0,576.0,0.0,6,0.0,true,"City16(Day 0) -> City14(Day 3) -> City18(Day 5)"
37,72,297.0,225.0,0.0,6,0.0,true,"City16(Day 0) -> City22(Day 5)"
37,73,288.0,196.0,0.0,6,0.0,true,"City18(Day 2) -> City24(Day 3)"
37,74,205.0,49.0,0.0,6,0.0,true,"City16(Day 5)"
37,75,337.0,256.0,0.0,6,0.0,true,"City18(Day 2) -> City22(Day 6)"
38,1,136.0,16.0,0.0,1,0.0,true,"City19(Day 3)"
38,2,405.0,576.0,0.0,1,0.0,true,"City4(Day 2) -> City16(Day 3) -> City18(Day 4)"
38,3,382.0,529.0,0.0,1,0.0,true,"City16(Day 1) -> City18(Day 4) -> City22(Day 5)"
38,4,165.0,64.0,0.0,1,0.0,true,"City18(Day 4)"
38,5,346.0,441.0,0.0,1,0.0,true,"City16(Day 1) -> City24(Day 3) -> City18(Day 4)"
38,6,341.0,361.0,0.0,1,0.0,true,"City19(Day 0) -> City16(Day 3) -> City18(Day 4)"
38,7,476.0,625.0,0.0,1,0.0,true,"City14(Day 1) -> City22(Day 2) -> City18(Day 3)"
38,8,237.0,225.0,0.0,1,0.0,true,"City16(Day 1) -> City18(Day 4)"
38,9,154.0,49.0,0.0,1,0.0,true,"City16(Day 6)"
38,10,532.0,676.0,0.0,1,0.0,true,"City4(Day 2) -> City14(Day 3) -> City18(Day 4)"
38,11,309.0,256.0,0.0,1,0.0,true,"City22(Day 3) -> City18(Day 4)"
38,12,232.0,169.0,0.0,1,0.0,true,"City16(Day 1) -> City24(Day 3)"
38,13,484.0,625.0,0.0,2,0.0,true,"City4(Day 2) -> City22(Day 3) -> City18(Day 4)"
38,14,384.0,529.0,0.0,2,0.0,true,"City16(Day 0) -> City18(Day 4) -> City22(Day 5)"
38,15,234.0,169.0,0.0,2,0.0,true,"City16(Day 0) -> City24(Day 3)"
38,16,543.0,676.0,0.0,2,0.0,true,"City14(Day 1) -> City4(Day 4) -> City18(Day 5)"
38,17,348.0,441.0,0.0,2,0.0,true,"City16(Day 0) -> City24(Day 3) -> City18(Day 4)"
38,18,342.0,361.0,0.0,2,0.0,true,"City19(Day 1) -> City16(Day 3) -> City18(Day 4)"
38,19,239.0,225.0,0.0,2,0.0,true,"City16(Day 0) -> City18(Day 4)"
38,20,168.0,49.0,0.0,2,0.0,true,"City16(Day 1)"
38,21,310.0,256.0,0.0,2,0.0,true,"City18(Day 4) -> City22(Day 5)"
38,22,169.0,64.0,0.0,2,0.0,true,"City22(Day 5)"
38,23,423.0,576.0,0.0,2,0.0,true,"City16(Day 0) -> City14(Day 1) -> City18(Day 4)"
38,24,384.0,529.0,0.0,2,0.0,true,"City16(Day 1) -> City22(Day 2) -> City18(Day 4)"
38,25,363.0,441.0,0.0,3,0.0,true,"City16(Day 1) -> City24(Day 3) -> City22(Day 5)"
38,26,181.0,16.0,0.0,3,0.0,true,"City19(Day 0)"
38,27,352.0,361.0,0.0,3,0.0,true,"City19(Day 2) -> City16(Day 3) -> City18(Day 4)"
38,28,315.0,256.0,0.0,3,0.0,true,"City18(Day 2) -> City22(Day 5)"
38,29,564.0,676.0,0.0,3,0.0,true,"City4(Day 1) -> City14(Day 4) -> City18(Day 5)"
38,30,343.0,289.0,0.0,3,0.0,true,"City14(Day 1) -> City18(Day 4)"
38,31,386.0,529.0,0.0,3,0.0,true,"City16(Day 0) -> City22(Day 2) -> City18(Day 4)"
38,32,486.0,625.0,0.0,3,0.0,true,"City4(Day 2) -> City18(Day 3) -> City22(Day 5)"
38,33,234.0,121.0,0.0,3,0.0,true,"City16(Day 1) -> City19(Day 3)"
38,34,424.0,576.0,0.0,3,0.0,true,"City14(Day 1) -> City16(Day 3) -> City18(Day 4)"
38,35,258.0,225.0,0.0,3,0.0,true,"City16(Day 1) -> City18(Day 5)"
38,36,190.0,64.0,0.0,3,0.0,true,"City18(Day 5)"
38,37,260.0,225.0,0.0,4,0.0,true,"City16(Day 0) -> City18(Day 5)"
38,38,355.0,289.0,0.0,4,0.0,true,"City16(Day 1) -> City19(Day 2) -> City24(Day 3)"
38,39,320.0,256.0,0.0,4,0.0,true,"City22(Day 2) -> City18(Day 4)"
38,40,365.0,441.0,0.0,4,0.0,true,"City16(Day 1) -> City18(Day 2) -> City24(Day 3)"
38,41,236.0,121.0,0.0,4,0.0,true,"City16(Day 0) -> City19(Day 3)"
38,42,426.0,576.0,0.0,4,0.0,true,"City4(Day 2) -> City16(Day 3) -> City18(Day 5)"
38,43,188.0,16.0,0.0,4,0.0,true,"City19(Day 6)"
38,44,388.0,529.0,0.0,4,0.0,true,"City16(Day 0) -> City18(Day 1) -> City22(Day 5)"
38,45,192.0,36.0,0.0,4,0.0,true,"City24(Day 3)"
38,46,360.0,361.0,0.0,4,0.0,true,"City16(Day 1) -> City18(Day 2) -> City19(Day 3)"
38,47,497.0,625.0,0.0,4,0.0,true,"City14(Day 1) -> City22(Day 2) -> City18(Day 5)"
38,48,224.0,64.0,0.0,4,0.0,true,"City22(Day 6)"
38,49,197.0,49.0,0.0,4,0.0,true,"City16(Day 4)"
38,50,569.0,676.0,0.0,4,0.0,true,"City4(Day 1) -> City18(Day 3) -> City14(Day 5)"
38,51,268.0,144.0,0.0,5,0.0,true,"City19(Day 3) -> City18(Day 4)"
38,52,362.0,361.0,0.0,5,0.0,true,"City19(Day 0) -> City16(Day 3) -> City18(Day 5)"
38,53,435.0,576.0,0.0,5,0.0,true,"City18(Day 4) -> City14(Day 5) -> City16(Day 6)"
38,54,230.0,64.0,0.0,5,0.0,true,"City18(Day 1)"
38,55,322.0,256.0,0.0,5,0.0,true,"City14(Day 1) -> City16(Day 6)"
38,56,200.0,49.0,0.0,5,0.0,true,"City16(Day 0)"
38,57,499.0,625.0,0.0,5,0.0,true,"City14(Day 1) -> City22(Day 3) -> City18(Day 4)"
38,58,392.0,529.0,0.0,5,0.0,true,"City16(Day 1) -> City18(Day 2) -> City22(Day 5)"
38,59,322.0,256.0,0.0,5,0.0,true,"City14(Day 4) -> City16(Day 6)"
38,60,194.0,36.0,0.0,5,0.0,true,"City24(Day 1)"
38,61,257.0,121.0,0.0,5,0.0,true,"City16(Day 1) -> City19(Day 6)"
38,62,499.0,625.0,0.0,5,0.0,true,"City4(Day 1) -> City18(Day 3) -> City22(Day 5)"
38,63,269.0,169.0,0.0,5,0.0,true,"City16(Day 2) -> City24(Day 3)"
38,64,257.0,121.0,0.0,5,0.0,true,"City19(Day 3) -> City16(Day 6)"
38,65,274.0,225.0,0.0,5,0.0,true,"City16(Day 2) -> City18(Day 4)"
38,66,367.0,441.0,0.0,5,0.0,true,"City16(Day 0) -> City18(Day 2) -> City24(Day 3)"
38,67,253.0,81.0,0.0,5,0.0,true,"City4(Day 2)"
38,68,362.0,361.0,0.0,5,0.0,true,"City16(Day 0) -> City18(Day 2) -> City19(Day 3)"
38,69,572.0,676.0,0.0,5,0.0,true,"City4(Day 2) -> City22(Day 3) -> City14(Day 5)"
38,70,356.0,289.0,0.0,5,0.0,true,"City14(Day 1) -> City18(Day 3)"
38,71,288.0,196.0,0.0,6,0.0,true,"City18(Day 2) -> City24(Day 3)"
38,72,360.0,289.0,0.0,6,0.0,true,"City14(Day 1) -> City18(Day 5)"
38,73,295.0,225.0,0.0,6,0.0,true,"City16(Day 2) -> City18(Day 5)"
38,74,366.0,361.0,0.0,6,0.0,true,"City16(Day 1) -> City19(Day 3) -> City18(Day 4)"
38,75,458.0,576.0,0.0,6,0.0,true,"City16(Day 0) -> City18(Day 1) -> City14(Day 5)"
39,1,136.0,16.0,0.0,1,0.0,true,"City19(Day 3)"
39,2,165.0,64.0,0.0,1,0.0,true,"City18(Day 4)"
39,3,532.0,676.0,0.0,1,0.0,true,"City4(Day 2) -> City14(Day 3) -> City18(Day 4)"
39,4,382.0,529.0,0.0,1,0.0,true,"City16(Day 1) -> City18(Day 4) -> City22(Day 5)"
39,5,232.0,169.0,0.0,1,0.0,true,"City16(Day 1) -> City24(Day 3)"
39,6,341.0,361.0,0.0,1,0.0,true,"City19(Day 0) -> City16(Day 3) -> City18(Day 4)"
39,7,476.0,625.0,0.0,1,0.0,true,"City14(Day 1) -> City22(Day 2) -> City18(Day 3)"
39,8,154.0,49.0,0.0,1,0.0,true,"City16(Day 6)"
39,9,405.0,576.0,0.0,1,0.0,true,"City4(Day 2) -> City16(Day 3) -> City18(Day 4)"
39,10,237.0,225.0,0.0,1,0.0,true,"City16(Day 1) -> City18(Day 4)"
39,11,346.0,441.0,0.0,1,0.0,true,"City16(Day 1) -> City24(Day 3) -> City18(Day 4)"
39,12,309.0,256.0,0.0,1,0.0,true,"City22(Day 3) -> City18(Day 4)"
39,13,168.0,49.0,0.0,2,0.0,true,"City16(Day 1)"
39,14,169.0,64.0,0.0,2,0.0,true,"City22(Day 5)"
39,15,234.0,169.0,0.0,2,0.0,true,"City16(Day 0) -> City24(Day 3)"
39,16,348.0,441.0,0.0,2,0.0,true,"City16(Day 0) -> City24(Day 3) -> City18(Day 4)"
39,17,423.0,576.0,0.0,2,0.0,true,"City16(Day 0) -> City14(Day 1) -> City18(Day 4)"
39,18,484.0,625.0,0.0,2,0.0,true,"City4(Day 2) -> City22(Day 3) -> City18(Day 4)"
39,19,543.0,676.0,0.0,2,0.0,true,"City14(Day 1) -> City4(Day 4) -> City18(Day 5)"
39,20,310.0,256.0,0.0,2,0.0,true,"City18(Day 4) -> City22(Day 5)"
39,21,239.0,225.0,0.0,2,0.0,true,"City16(Day 0) -> City18(Day 4)"
39,22,384.0,529.0,0.0,2,0.0,true,"City16(Day 1) -> City22(Day 2) -> City18(Day 4)"
39,23,342.0,361.0,0.0,2,0.0,true,"City19(Day 1) -> City16(Day 3) -> City18(Day 4)"
39,24,384.0,529.0,0.0,2,0.0,true,"City16(Day 0) -> City18(Day 4) -> City22(Day 5)"
39,25,315.0,256.0,0.0,3,0.0,true,"City18(Day 2) -> City22(Day 5)"
39,26,424.0,576.0,0.0,3,0.0,true,"City14(Day 1) -> City16(Day 3) -> City18(Day 4)"
39,27,190.0,64.0,0.0,3,0.0,true,"City18(Day 5)"
39,28,352.0,361.0,0.0,3,0.0,true,"City19(Day 2) -> City16(Day 3) -> City18(Day 4)"
39,29,181.0,16.0,0.0,3,0.0,true,"City19(Day 0)"
39,30,486.0,625.0,0.0,3,0.0,true,"City4(Day 2) -> City18(Day 3) -> City22(Day 5)"
39,31,363.0,441.0,0.0,3,0.0,true,"City16(Day 1) -> City24(Day 3) -> City22(Day 5)"
39,32,343.0,289.0,0.0,3,0.0,true,"City14(Day 1) -> City18(Day 4)"
39,33,386.0,529.0,0.0,3,0.0,true,"City16(Day 0) -> City22(Day 2) -> City18(Day 4)"
39,34,564.0,676.0,0.0,3,0.0,true,"City4(Day 1) -> City14(Day 4) -> City18(Day 5)"
39,35,258.0,225.0,0.0,3,0.0,true,"City16(Day 1) -> City18(Day 5)"
39,36,234.0,121.0,0.0,3,0.0,true,"City16(Day 1) -> City19(Day 3)"
39,37,365.0,441.0,0.0,4,0.0,true,"City16(Day 1) -> City18(Day 2) -> City24(Day 3)"
39,38,192.0,36.0,0.0,4,0.0,true,"City24(Day 3)"
39,39,260.0,225.0,0.0,4,0.0,true,"City16(Day 0) -> City18(Day 5)"
39,40,188.0,16.0,0.0,4,0.0,true,"City19(Day 6)"
39,41,569.0,676.0,0.0,4,0.0,true,"City4(Day 1) -> City18(Day 3) -> City14(Day 5)"
39,42,320.0,256.0,0.0,4,0.0,true,"City22(Day 2) -> City18(Day 4)"
39,43,197.0,49.0,0.0,4,0.0,true,"City16(Day 4)"
39,44,426.0,576.0,0.0,4,0.0,true,"City4(Day 2) -> City16(Day 3) -> City18(Day 5)"
39,45,355.0,289.0,0.0,4,0.0,true,"City16(Day 1) -> City19(Day 2) -> City24(Day 3)"
39,46,236.0,121.0,0.0,4,0.0,true,"City16(Day 0) -> City19(Day 3)"
39,47,488.0,625.0,0.0,4,0.0,true,"City14(Day 1) -> City18(Day 4) -> City22(Day 5)"
39,48,360.0,361.0,0.0,4,0.0,true,"City16(Day 1) -> City18(Day 2) -> City19(Day 3)"
39,49,388.0,529.0,0.0,4,0.0,true,"City16(Day 0) -> City18(Day 1) -> City22(Day 5)"
39,50,215.0,64.0,0.0,4,0.0,true,"City22(Day 1)"
39,51,435.0,576.0,0.0,5,0.0,true,"City18(Day 4) -> City14(Day 5) -> City16(Day 6)"
39,52,367.0,441.0,0.0,5,0.0,true,"City16(Day 0) -> City18(Day 2) -> City24(Day 3)"
39,53,322.0,256.0,0.0,5,0.0,true,"City14(Day 1) -> City16(Day 6)"
39,54,356.0,289.0,0.0,5,0.0,true,"City14(Day 1) -> City18(Day 3)"
39,55,362.0,361.0,0.0,5,0.0,true,"City19(Day 0) -> City16(Day 3) -> City18(Day 5)"
39,56,269.0,169.0,0.0,5,0.0,true,"City16(Day 2) -> City24(Day 3)"
39,57,322.0,256.0,0.0,5,0.0,true,"City14(Day 4) -> City16(Day 6)"
39,58,257.0,121.0,0.0,5,0.0,true,"City19(Day 3) -> City16(Day 6)"
39,59,572.0,676.0,0.0,5,0.0,true,"City4(Day 2) -> City22(Day 3) -> City14(Day 5)"
39,60,362.0,361.0,0.0,5,0.0,true,"City16(Day 0) -> City18(Day 2) -> City19(Day 3)"
39,61,392.0,529.0,0.0,5,0.0,true,"City16(Day 1) -> City18(Day 2) -> City22(Day 5)"
39,62,224.0,64.0,0.0,5,0.0,true,"City22(Day 6)"
39,63,497.0,625.0,0.0,5,0.0,true,"City14(Day 1) -> City22(Day 2) -> City18(Day 5)"
39,64,194.0,36.0,0.0,5,0.0,true,"City24(Day 1)"
39,65,274.0,225.0,0.0,5,0.0,true,"City16(Day 2) -> City18(Day 4)"
39,66,200.0,49.0,0.0,5,0.0,true,"City16(Day 0)"
39,67,253.0,81.0,0.0,5,0.0,true,"City4(Day 2)"
39,68,257.0,121.0,0.0,5,0.0,true,"City16(Day 1) -> City19(Day 6)"
39,69,268.0,144.0,0.0,5,0.0,true,"City19(Day 3) -> City18(Day 4)"
39,70,360.0,289.0,0.0,6,0.0,true,"City14(Day 1) -> City18(Day 5)"
39,71,230.0,64.0,0.0,6,0.0,true,"City18(Day 1)"
39,72,373.0,441.0,0.0,6,0.0,true,"City16(Day 1) -> City18(Day 4) -> City24(Day 6)"
39,73,366.0,361.0,0.0,6,0.0,true,"City16(Day 1) -> City19(Day 3) -> City18(Day 4)"
39,74,458.0,576.0,0.0,6,0.0,true,"City16(Day 0) -> City18(Day 1) -> City14(Day 5)"
39,75,326.0,256.0,0.0,6,0.0,true,"City22(Day 1) -> City18(Day 4)"
40,1,165.0,64.0,0.0,1,0.0,true,"City18(Day 4)"
40,2,154.0,49.0,0.0,1,0.0,true,"City16(Day 6)"
40,3,382.0,529.0,0.0,1,0.0,true,"City16(Day 1) -> City18(Day 4) -> City22(Day 5)"
40,4,232.0,169.0,0.0,1,0.0,true,"City16(Day 1) -> City24(Day 3)"
40,5,309.0,256.0,0.0,1,0.0,true,"City22(Day 3) -> City18(Day 4)"
40,6,341.0,361.0,0.0,1,0.0,true,"City19(Day 0) -> City16(Day 3) -> City18(Day 4)"
40,7,532.0,676.0,0.0,1,0.0,true,"City4(Day 2) -> City14(Day 3) -> City18(Day 4)"
40,8,459.0,625.0,0.0,1,0.0,true,"City14(Day 1) -> City22(Day 2) -> City18(Day 4)"
40,9,237.0,225.0,0.0,1,0.0,true,"City16(Day 1) -> City18(Day 4)"
40,10,346.0,441.0,0.0,1,0.0,true,"City16(Day 1) -> City24(Day 3) -> City18(Day 4)"
40,11,405.0,576.0,0.0,1,0.0,true,"City4(Day 2) -> City16(Day 3) -> City18(Day 4)"
40,12,136.0,16.0,0.0,1,0.0,true,"City19(Day 3)"
40,13,169.0,64.0,0.0,2,0.0,true,"City22(Day 5)"
40,14,234.0,169.0,0.0,2,0.0,true,"City16(Day 0) -> City24(Day 3)"
40,15,239.0,225.0,0.0,2,0.0,true,"City16(Day 0) -> City18(Day 4)"
40,16,310.0,256.0,0.0,2,0.0,true,"City18(Day 4) -> City22(Day 5)"
40,17,384.0,529.0,0.0,2,0.0,true,"City16(Day 0) -> City18(Day 4) -> City22(Day 5)"
40,18,342.0,361.0,0.0,2,0.0,true,"City19(Day 1) -> City16(Day 3) -> City18(Day 4)"
40,19,423.0,576.0,0.0,2,0.0,true,"City16(Day 0) -> City14(Day 1) -> City18(Day 4)"
40,20,476.0,625.0,0.0,2,0.0,true,"City14(Day 1) -> City22(Day 2) -> City18(Day 3)"
40,21,384.0,529.0,0.0,2,0.0,true,"City16(Day 1) -> City22(Day 2) -> City18(Day 4)"
40,22,348.0,441.0,0.0,2,0.0,true,"City16(Day 0) -> City24(Day 3) -> City18(Day 4)"
40,23,168.0,49.0,0.0,2,0.0,true,"City16(Day 1)"
40,24,543.0,676.0,0.0,2,0.0,true,"City14(Day 1) -> City4(Day 4) -> City18(Day 5)"
40,25,258.0,225.0,0.0,3,0.0,true,"City16(Day 1) -> City18(Day 5)"
40,26,484.0,625.0,0.0,3,0.0,true,"City4(Day 2) -> City22(Day 3) -> City18(Day 4)"
40,27,234.0,121.0,0.0,3,0.0,true,"City16(Day 1) -> City19(Day 3)"
40,28,386.0,529.0,0.0,3,0.0,true,"City16(Day 0) -> City22(Day 2) -> City18(Day 4)"
40,29,564.0,676.0,0.0,3,0.0,true,"City4(Day 1) -> City14(Day 4) -> City18(Day 5)"
40,30,424.0,576.0,0.0,3,0.0,true,"City14(Day 1) -> City16(Day 3) -> City18(Day 4)"
40,31,315.0,256.0,0.0,3,0.0,true,"City18(Day 2) -> City22(Day 5)"
40,32,352.0,361.0,0.0,3,0.0,true,"City19(Day 2) -> City16(Day 3) -> City18(Day 4)"
40,33,363.0,441.0,0.0,3,0.0,true,"City16(Day 1) -> City24(Day 3) -> City22(Day 5)"
40,34,190.0,64.0,0.0,3,0.0,true,"City18(Day 5)"
40,35,343.0,289.0,0.0,3,0.0,true,"City14(Day 1) -> City18(Day 4)"
40,36,181.0,16.0,0.0,3,0.0,true,"City19(Day 0)"
40,37,260.0,225.0,0.0,4,0.0,true,"City16(Day 0) -> City18(Day 5)"
40,38,320.0,256.0,0.0,4,0.0,true,"City22(Day 2) -> City18(Day 4)"
40,39,426.0,576.0,0.0,4,0.0,true,"City4(Day 2) -> City16(Day 3) -> City18(Day 5)"
40,40,355.0,289.0,0.0,4,0.0,true,"City16(Day 1) -> City19(Day 2) -> City24(Day 3)"
40,41,192.0,36.0,0.0,4,0.0,true,"City24(Day 3)"
40,42,197.0,49.0,0.0,4,0.0,true,"City16(Day 4)"
40,43,569.0,676.0,0.0,4,0.0,true,"City4(Day 1) -> City18(Day 3) -> City14(Day 5)"
40,44,236.0,121.0,0.0,4,0.0,true,"City16(Day 0) -> City19(Day 3)"
40,45,215.0,64.0,0.0,4,0.0,true,"City22(Day 1)"
40,46,365.0,441.0,0.0,4,0.0,true,"City16(Day 1) -> City18(Day 2) -> City24(Day 3)"
40,47,360.0,361.0,0.0,4,0.0,true,"City16(Day 1) -> City18(Day 2) -> City19(Day 3)"
40,48,388.0,529.0,0.0,4,0.0,true,"City16(Day 0) -> City18(Day 1) -> City22(Day 5)"
40,49,486.0,625.0,0.0,4,0.0,true,"City4(Day 2) -> City18(Day 3) -> City22(Day 5)"
40,50,188.0,16.0,0.0,4,0.0,true,"City19(Day 6)"
40,51,356.0,289.0,0.0,5,0.0,true,"City14(Day 1) -> City18(Day 3)"
40,52,253.0,81.0,0.0,5,0.0,true,"City4(Day 2)"
40,53,268.0,144.0,0.0,5,0.0,true,"City19(Day 3) -> City18(Day 4)"
40,54,367.0,441.0,0.0,5,0.0,true,"City16(Day 0) -> City18(Day 2) -> City24(Day 3)"
40,55,194.0,36.0,0.0,5,0.0,true,"City24(Day 1)"
40,56,435.0,576.0,0.0,5,0.0,true,"City18(Day 4) -> City14(Day 5) -> City16(Day 6)"
40,57,200.0,49.0,0.0,5,0.0,true,"City16(Day 0)"
40,58,572.0,676.0,0.0,5,0.0,true,"City4(Day 2) -> City22(Day 3) -> City14(Day 5)"
40,59,269.0,169.0,0.0,5,0.0,true,"City16(Day 2) -> City24(Day 3)"
40,60,362.0,361.0,0.0,5,0.0,true,"City19(Day 0) -> City16(Day 3) -> City18(Day 5)"
40,61,257.0,121.0,0.0,5,0.0,true,"City19(Day 3) -> City16(Day 6)"
40,62,257.0,121.0,0.0,5,0.0,true,"City16(Day 1) -> City19(Day 6)"
40,63,322.0,256.0,0.0,5,0.0,true,"City14(Day 4) -> City16(Day 6)"
40,64,488.0,625.0,0.0,5,0.0,true,"City14(Day 1) -> City18(Day 4) -> City22(Day 5)"
40,65,362.0,361.0,0.0,5,0.0,true,"City16(Day 0) -> City18(Day 2) -> City19(Day 3)"
40,66,274.0,225.0,0.0,5,0.0,true,"City16(Day 2) -> City18(Day 4)"
40,67,392.0,529.0,0.0,5,0.0,true,"City16(Day 1) -> City18(Day 2) -> City22(Day 5)"
40,68,224.0,64.0,0.0,5,0.0,true,"City22(Day 6)"
40,69,322.0,256.0,0.0,5,0.0,true,"City14(Day 1) -> City16(Day 6)"
40,70,397.0,529.0,0.0,6,0.0,true,"City16(Day 0) -> City22(Day 3) -> City18(Day 4)"
40,71,230.0,64.0,0.0,6,0.0,true,"City18(Day 1)"
40,72,326.0,256.0,0.0,6,0.0,true,"City22(Day 1) -> City18(Day 4)"
40,73,205.0,49.0,0.0,6,0.0,true,"City16(Day 5)"
40,74,370.0,441.0,0.0,6,0.0,true,"City16(Day 0) -> City22(Day 2) -> City24(Day 3)"
40,75,360.0,289.0,0.0,6,0.0,true,"City14(Day 1) -> City18(Day 5)"
41,1,382.0,529.0,0.0,1,0.0,true,"City16(Day 1) -> City18(Day 4) -> City22(Day 5)"
41,2,459.0,625.0,0.0,1,0.0,true,"City14(Day 1) -> City22(Day 2) -> City18(Day 4)"
41,3,346.0,441.0,0.0,1,0.0,true,"City16(Day 1) -> City24(Day 3) -> City18(Day 4)"
41,4,309.0,256.0,0.0,1,0.0,true,"City22(Day 3) -> City18(Day 4)"
41,5,532.0,676.0,0.0,1,0.0,true,"City4(Day 2) -> City14(Day 3) -> City18(Day 4)"
41,6,154.0,49.0,0.0,1,0.0,true,"City16(Day 6)"
41,7,405.0,576.0,0.0,1,0.0,true,"City4(Day 2) -> City16(Day 3) -> City18(Day 4)"
41,8,165.0,64.0,0.0,1,0.0,true,"City18(Day 4)"
41,9,136.0,16.0,0.0,1,0.0,true,"City19(Day 3)"
41,10,341.0,361.0,0.0,1,0.0,true,"City19(Day 0) -> City16(Day 3) -> City18(Day 4)"
41,11,237.0,225.0,0.0,1,0.0,true,"City16(Day 1) -> City18(Day 4)"
41,12,232.0,169.0,0.0,1,0.0,true,"City16(Day 1) -> City24(Day 3)"
41,13,348.0,441.0,0.0,2,0.0,true,"City16(Day 0) -> City24(Day 3) -> City18(Day 4)"
41,14,310.0,256.0,0.0,2,0.0,true,"City18(Day 4) -> City22(Day 5)"
41,15,476.0,625.0,0.0,2,0.0,true,"City14(Day 1) -> City22(Day 2) -> City18(Day 3)"
41,16,342.0,361.0,0.0,2,0.0,true,"City19(Day 1) -> City16(Day 3) -> City18(Day 4)"
41,17,169.0,64.0,0.0,2,0.0,true,"City22(Day 5)"
41,18,239.0,225.0,0.0,2,0.0,true,"City16(Day 0) -> City18(Day 4)"
41,19,423.0,576.0,0.0,2,0.0,true,"City16(Day 0) -> City14(Day 1) -> City18(Day 4)"
41,20,234.0,169.0,0.0,2,0.0,true,"City16(Day 0) -> City24(Day 3)"
41,21,543.0,676.0,0.0,2,0.0,true,"City14(Day 1) -> City4(Day 4) -> City18(Day 5)"
41,22,384.0,529.0,0.0,2,0.0,true,"City16(Day 1) -> City22(Day 2) -> City18(Day 4)"
41,23,168.0,49.0,0.0,2,0.0,true,"City16(Day 1)"
41,24,384.0,529.0,0.0,2,0.0,true,"City16(Day 0) -> City18(Day 4) -> City22(Day 5)"
41,25,234.0,121.0,0.0,3,0.0,true,"City16(Day 1) -> City19(Day 3)"
41,26,424.0,576.0,0.0,3,0.0,true,"City14(Day 1) -> City16(Day 3) -> City18(Day 4)"
41,27,190.0,64.0,0.0,3,0.0,true,"City18(Day 5)"
41,28,315.0,256.0,0.0,3,0.0,true,"City18(Day 2) -> City22(Day 5)"
41,29,564.0,676.0,0.0,3,0.0,true,"City4(Day 1) -> City14(Day 4) -> City18(Day 5)"
41,30,343.0,289.0,0.0,3,0.0,true,"City14(Day 1) -> City18(Day 4)"
41,31,484.0,625.0,0.0,3,0.0,true,"City4(Day 2) -> City22(Day 3) -> City18(Day 4)"
41,32,363.0,441.0,0.0,3,0.0,true,"City16(Day 1) -> City24(Day 3) -> City22(Day 5)"
41,33,352.0,361.0,0.0,3,0.0,true,"City19(Day 2) -> City16(Day 3) -> City18(Day 4)"
41,34,181.0,16.0,0.0,3,0.0,true,"City19(Day 0)"
41,35,258.0,225.0,0.0,3,0.0,true,"City16(Day 1) -> City18(Day 5)"
41,36,386.0,529.0,0.0,3,0.0,true,"City16(Day 0) -> City22(Day 2) -> City18(Day 4)"
41,37,260.0,225.0,0.0,4,0.0,true,"City16(Day 0) -> City18(Day 5)"
41,38,426.0,576.0,0.0,4,0.0,true,"City4(Day 2) -> City16(Day 3) -> City18(Day 5)"
41,39,355.0,289.0,0.0,4,0.0,true,"City16(Day 1) -> City19(Day 2) -> City24(Day 3)"
41,40,320.0,256.0,0.0,4,0.0,true,"City22(Day 2) -> City18(Day 4)"
41,41,486.0,625.0,0.0,4,0.0,true,"City4(Day 2) -> City18(Day 3) -> City22(Day 5)"
41,42,215.0,64.0,0.0,4,0.0,true,"City22(Day 1)"
41,43,236.0,121.0,0.0,4,0.0,true,"City16(Day 0) -> City19(Day 3)"
41,44,197.0,49.0,0.0,4,0.0,true,"City16(Day 4)"
41,45,569.0,676.0,0.0,4,0.0,true,"City4(Day 1) -> City18(Day 3) -> City14(Day 5)"
41,46,188.0,16.0,0.0,4,0.0,true,"City19(Day 6)"
41,47,388.0,529.0,0.0,4,0.0,true,"City16(Day 0) -> City18(Day 1) -> City22(Day 5)"
41,48,192.0,36.0,0.0,4,0.0,true,"City24(Day 3)"
41,49,360.0,361.0,0.0,4,0.0,true,"City16(Day 1) -> City18(Day 2) -> City19(Day 3)"
41,50,365.0,441.0,0.0,4,0.0,true,"City16(Day 1) -> City18(Day 2) -> City24(Day 3)"
41,51,253.0,81.0,0.0,5,0.0,true,"City4(Day 2)"
41,52,194.0,36.0,0.0,5,0.0,true,"City24(Day 1)"
41,53,362.0,361.0,0.0,5,0.0,true,"City16(Day 0) -> City18(Day 2) -> City19(Day 3)"
41,54,200.0,49.0,0.0,5,0.0,true,"City16(Day 0)"
41,55,322.0,256.0,0.0,5,0.0,true,"City14(Day 1) -> City16(Day 6)"
41,56,257.0,121.0,0.0,5,0.0,true,"City16(Day 1) -> City19(Day 6)"
41,57,224.0,64.0,0.0,5,0.0,true,"City22(Day 6)"
41,58,274.0,225.0,0.0,5,0.0,true,"City16(Day 2) -> City18(Day 4)"
41,59,435.0,576.0,0.0,5,0.0,true,"City18(Day 4) -> City14(Day 5) -> City16(Day 6)"
41,60,257.0,121.0,0.0,5,0.0,true,"City19(Day 3) -> City16(Day 6)"
41,61,356.0,289.0,0.0,5,0.0,true,"City14(Day 1) -> City18(Day 3)"
41,62,392.0,529.0,0.0,5,0.0,true,"City16(Day 1) -> City18(Day 2) -> City22(Day 5)"
41,63,269.0,169.0,0.0,5,0.0,true,"City16(Day 2) -> City24(Day 3)"
41,64,367.0,441.0,0.0,5,0.0,true,"City16(Day 0) -> City18(Day 2) -> City24(Day 3)"
41,65,362.0,361.0,0.0,5,0.0,true,"City19(Day 0) -> City16(Day 3) -> City18(Day 5)"
41,66,488.0,625.0,0.0,5,0.0,true,"City14(Day 1) -> City18(Day 4) -> City22(Day 5)"
41,67,268.0,144.0,0.0,5,0.0,true,"City19(Day 3) -> City18(Day 4)"
41,68,572.0,676.0,0.0,5,0.0,true,"City4(Day 2) -> City22(Day 3) -> City14(Day 5)"
41,69,322.0,256.0,0.0,5,0.0,true,"City14(Day 4) -> City16(Day 6)"
41,70,363.0,361.0,0.0,6,0.0,true,"City16(Day 1) -> City19(Day 3) -> City22(Day 6)"
41,71,370.0,441.0,0.0,6,0.0,true,"City16(Day 0) -> City22(Day 2) -> City24(Day 3)"
41,72,303.0,225.0,0.0,6,0.0,true,"City16(Day 3) -> City18(Day 4)"
41,73,326.0,256.0,0.0,6,0.0,true,"City22(Day 1) -> City18(Day 4)"
41,74,518.0,576.0,0.0,6,0.0,true,"City14(Day 1) -> City18(Day 2) -> City16(Day 5)"
41,75,584.0,676.0,0.0,6,0.0,true,"City4(Day 2) -> City22(Day 4) -> City14(Day 5)"
42,1,346.0,441.0,0.0,1,0.0,true,"City16(Day 1) -> City24(Day 3) -> City18(Day 4)"
42,2,405.0,576.0,0.0,1,0.0,true,"City4(Day 2) -> City16(Day 3) -> City18(Day 4)"
42,3,459.0,625.0,0.0,1,0.0,true,"City14(Day 1) -> City22(Day 2) -> City18(Day 4)"
42,4,341.0,361.0,0.0,1,0.0,true,"City19(Day 0) -> City16(Day 3) -> City18(Day 4)"
42,5,136.0,16.0,0.0,1,0.0,true,"City19(Day 3)"
42,6,237.0,225.0,0.0,1,0.0,true,"City16(Day 1) -> City18(Day 4)"
42,7,232.0,169.0,0.0,1,0.0,true,"City16(Day 1) -> City24(Day 3)"
42,8,382.0,529.0,0.0,1,0.0,true,"City16(Day 1) -> City18(Day 4) -> City22(Day 5)"
42,9,165.0,64.0,0.0,1,0.0,true,"City18(Day 4)"
42,10,532.0,676.0,0.0,1,0.0,true,"City4(Day 2) -> City14(Day 3) -> City18(Day 4)"
42,11,309.0,256.0,0.0,1,0.0,true,"City22(Day 3) -> City18(Day 4)"
42,12,154.0,49.0,0.0,1,0.0,true,"City16(Day 6)"
42,13,348.0,441.0,0.0,2,0.0,true,"City16(Day 0) -> City24(Day 3) -> City18(Day 4)"
42,14,234.0,169.0,0.0,2,0.0,true,"City16(Day 0) -> City24(Day 3)"
42,15,168.0,49.0,0.0,2,0.0,true,"City16(Day 1)"
42,16,423.0,576.0,0.0,2,0.0,true,"City16(Day 0) -> City14(Day 1) -> City18(Day 4)"
42,17,384.0,529.0,0.0,2,0.0,true,"City16(Day 0) -> City18(Day 4) -> City22(Day 5)"
42,18,476.0,625.0,0.0,2,0.0,true,"City14(Day 1) -> City22(Day 2) -> City18(Day 3)"
42,19,342.0,361.0,0.0,2,0.0,true,"City19(Day 1) -> City16(Day 3) -> City18(Day 4)"
42,20,239.0,225.0,0.0,2,0.0,true,"City16(Day 0) -> City18(Day 4)"
42,21,169.0,64.0,0.0,2,0.0,true,"City22(Day 5)"
42,22,543.0,676.0,0.0,2,0.0,true,"City14(Day 1) -> City4(Day 4) -> City18(Day 5)"
42,23,384.0,529.0,0.0,2,0.0,true,"City16(Day 1) -> City22(Day 2) -> City18(Day 4)"
42,24,310.0,256.0,0.0,2,0.0,true,"City18(Day 4) -> City22(Day 5)"
42,25,343.0,289.0,0.0,3,0.0,true,"City14(Day 1) -> City18(Day 4)"
42,26,361.0,441.0,0.0,3,0.0,true,"City16(Day 0) -> City18(Day 1) -> City24(Day 3)"
42,27,190.0,64.0,0.0,3,0.0,true,"City18(Day 5)"
42,28,315.0,256.0,0.0,3,0.0,true,"City18(Day 2) -> City22(Day 5)"
42,29,352.0,361.0,0.0,3,0.0,true,"City19(Day 2) -> City16(Day 3) -> City18(Day 4)"
42,30,424.0,576.0,0.0,3,0.0,true,"City14(Day 1) -> City16(Day 3) -> City18(Day 4)"
42,31,181.0,16.0,0.0,3,0.0,true,"City19(Day 0)"
42,32,484.0,625.0,0.0,3,0.0,true,"City4(Day 2) -> City22(Day 3) -> City18(Day 4)"
42,33,258.0,225.0,0.0,3,0.0,true,"City16(Day 1) -> City18(Day 5)"
42,34,386.0,529.0,0.0,3,0.0,true,"City16(Day 0) -> City22(Day 2) -> City18(Day 4)"
42,35,234.0,121.0,0.0,3,0.0,true,"City16(Day 1) -> City19(Day 3)"
42,36,564.0,676.0,0.0,3,0.0,true,"City4(Day 1) -> City14(Day 4) -> City18(Day 5)"
42,37,192.0,36.0,0.0,4,0.0,true,"City24(Day 3)"
42,38,569.0,676.0,0.0,4,0.0,true,"City4(Day 1) -> City18(Day 3) -> City14(Day 5)"
42,39,320.0,256.0,0.0,4,0.0,true,"City22(Day 2) -> City18(Day 4)"
42,40,260.0,225.0,0.0,4,0.0,true,"City16(Day 0) -> City18(Day 5)"
42,41,355.0,289.0,0.0,4,0.0,true,"City16(Day 1) -> City19(Day 2) -> City24(Day 3)"
42,42,188.0,16.0,0.0,4,0.0,true,"City19(Day 6)"
42,43,215.0,64.0,0.0,4,0.0,true,"City22(Day 1)"
42,44,236.0,121.0,0.0,4,0.0,true,"City16(Day 0) -> City19(Day 3)"
42,45,486.0,625.0,0.0,4,0.0,true,"City4(Day 2) -> City18(Day 3) -> City22(Day 5)"
42,46,426.0,576.0,0.0,4,0.0,true,"City4(Day 2) -> City16(Day 3) -> City18(Day 5)"
42,47,360.0,361.0,0.0,4,0.0,true,"City16(Day 1) -> City18(Day 2) -> City19(Day 3)"
42,48,197.0,49.0,0.0,4,0.0,true,"City16(Day 4)"
42,49,363.0,441.0,0.0,4,0.0,true,"City16(Day 1) -> City24(Day 3) -> City22(Day 5)"
42,50,388.0,529.0,0.0,4,0.0,true,"City16(Day 0) -> City18(Day 1) -> City22(Day 5)"
42,51,362.0,361.0,0.0,5,0.0,true,"City19(Day 0) -> City16(Day 3) -> City18(Day 5)"
42,52,224.0,64.0,0.0,5,0.0,true,"City22(Day 6)"
42,53,365.0,441.0,0.0,5,0.0,true,"City16(Day 1) -> City18(Day 2) -> City24(Day 3)"
42,54,356.0,289.0,0.0,5,0.0,true,"City14(Day 1) -> City18(Day 3)"
42,55,488.0,625.0,0.0,5,0.0,true,"City14(Day 1) -> City18(Day 4) -> City22(Day 5)"
42,56,194.0,36.0,0.0,5,0.0,true,"City24(Day 1)"
42,57,322.0,256.0,0.0,5,0.0,true,"City14(Day 1) -> City16(Day 6)"
42,58,268.0,144.0,0.0,5,0.0,true,"City19(Day 3) -> City18(Day 4)"
42,59,257.0,121.0,0.0,5,0.0,true,"City19(Day 3) -> City16(Day 6)"
42,60,435.0,576.0,0.0,5,0.0,true,"City18(Day 4) -> City14(Day 5) -> City16(Day 6)"
42,61,322.0,256.0,0.0,5,0.0,true,"City14(Day 4) -> City16(Day 6)"
42,62,269.0,169.0,0.0,5,0.0,true,"City16(Day 2) -> City24(Day 3)"
42,63,362.0,361.0,0.0,5,0.0,true,"City16(Day 0) -> City18(Day 2) -> City19(Day 3)"
42,64,200.0,49.0,0.0,5,0.0,true,"City16(Day 0)"
42,65,257.0,121.0,0.0,5,0.0,true,"City16(Day 1) -> City19(Day 6)"
42,66,274.0,225.0,0.0,5,0.0,true,"City16(Day 2) -> City18(Day 4)"
42,67,392.0,529.0,0.0,5,0.0,true,"City16(Day 1) -> City18(Day 2) -> City22(Day 5)"
42,68,572.0,676.0,0.0,5,0.0,true,"City4(Day 2) -> City22(Day 3) -> City14(Day 5)"
42,69,253.0,81.0,0.0,5,0.0,true,"City4(Day 2)"
42,70,234.0,64.0,0.0,6,0.0,true,"City18(Day 0)"
42,71,303.0,225.0,0.0,6,0.0,true,"City16(Day 3) -> City18(Day 4)"
42,72,584.0,676.0,0.0,6,0.0,true,"City4(Day 2) -> City22(Day 4) -> City14(Day 5)"
42,73,442.0,576.0,0.0,6,0.0,true,"City14(Day 1) -> City22(Day 2) -> City16(Day 6)"
42,74,326.0,256.0,0.0,6,0.0,true,"City22(Day 1) -> City18(Day 4)"
42,75,205.0,49.0,0.0,6,0.0,true,"City16(Day 5)"
43,1,154.0,49.0,0.0,1,0.0,true,"City16(Day 6)"
43,2,382.0,529.0,0.0,1,0.0,true,"City16(Day 1) -> City18(Day 4) -> City22(Day 5)"
43,3,309.0,256.0,0.0,1,0.0,true,"City22(Day 3) -> City18(Day 4)"
43,4,532.0,676.0,0.0,1,0.0,true,"City4(Day 2) -> City14(Day 3) -> City18(Day 4)"
43,5,459.0,625.0,0.0,1,0.0,true,"City14(Day 1) -> City22(Day 2) -> City18(Day 4)"
43,6,237.0,225.0,0.0,1,0.0,true,"City16(Day 1) -> City18(Day 4)"
43,7,136.0,16.0,0.0,1,0.0,true,"City19(Day 3)"
43,8,346.0,441.0,0.0,1,0.0,true,"City16(Day 1) -> City24(Day 3) -> City18(Day 4)"
43,9,405.0,576.0,0.0,1,0.0,true,"City4(Day 2) -> City16(Day 3) -> City18(Day 4)"
43,10,232.0,169.0,0.0,1,0.0,true,"City16(Day 1) -> City24(Day 3)"
43,11,341.0,361.0,0.0,1,0.0,true,"City19(Day 0) -> City16(Day 3) -> City18(Day 4)"
43,12,165.0,64.0,0.0,1,0.0,true,"City18(Day 4)"
43,13,169.0,64.0,0.0,2,0.0,true,"City22(Day 5)"
43,14,239.0,225.0,0.0,2,0.0,true,"City16(Day 0) -> City18(Day 4)"
43,15,310.0,256.0,0.0,2,0.0,true,"City18(Day 4) -> City22(Day 5)"
43,16,384.0,529.0,0.0,2,0.0,true,"City16(Day 1) -> City22(Day 2) -> City18(Day 4)"
43,17,384.0,529.0,0.0,2,0.0,true,"City16(Day 0) -> City18(Day 4) -> City22(Day 5)"
43,18,348.0,441.0,0.0,2,0.0,true,"City16(Day 0) -> City24(Day 3) -> City18(Day 4)"
43,19,342.0,361.0,0.0,2,0.0,true,"City19(Day 1) -> City16(Day 3) -> City18(Day 4)"
43,20,543.0,676.0,0.0,2,0.0,true,"City14(Day 1) -> City4(Day 4) -> City18(Day 5)"
43,21,234.0,169.0,0.0,2,0.0,true,"City16(Day 0) -> City24(Day 3)"
43,22,423.0,576.0,0.0,2,0.0,true,"City16(Day 0) -> City14(Day 1) -> City18(Day 4)"
43,23,476.0,625.0,0.0,2,0.0,true,"City14(Day 1) -> City22(Day 2) -> City18(Day 3)"
43,24,168.0,49.0,0.0,2,0.0,true,"City16(Day 1)"
43,25,190.0,64.0,0.0,3,0.0,true,"City18(Day 5)"
43,26,386.0,529.0,0.0,3,0.0,true,"City16(Day 0) -> City22(Day 2) -> City18(Day 4)"
43,27,315.0,256.0,0.0,3,0.0,true,"City18(Day 2) -> City22(Day 5)"
43,28,234.0,121.0,0.0,3,0.0,true,"City16(Day 1) -> City19(Day 3)"
43,29,181.0,16.0,0.0,3,0.0,true,"City19(Day 0)"
43,30,361.0,441.0,0.0,3,0.0,true,"City16(Day 0) -> City18(Day 1) -> City24(Day 3)"
43,31,551.0,676.0,0.0,3,0.0,true,"City4(Day 2) -> City14(Day 4) -> City18(Day 5)"
43,32,343.0,289.0,0.0,3,0.0,true,"City14(Day 1) -> City18(Day 4)"
43,33,258.0,225.0,0.0,3,0.0,true,"City16(Day 1) -> City18(Day 5)"
43,34,352.0,361.0,0.0,3,0.0,true,"City19(Day 2) -> City16(Day 3) -> City18(Day 4)"
43,35,484.0,625.0,0.0,3,0.0,true,"City4(Day 2) -> City22(Day 3) -> City18(Day 4)"
43,36,424.0,576.0,0.0,3,0.0,true,"City14(Day 1) -> City16(Day 3) -> City18(Day 4)"
43,37,363.0,441.0,0.0,4,0.0,true,"City16(Day 1) -> City24(Day 3) -> City22(Day 5)"
43,38,320.0,256.0,0.0,4,0.0,true,"City22(Day 2) -> City18(Day 4)"
43,39,355.0,289.0,0.0,4,0.0,true,"City16(Day 1) -> City19(Day 2) -> City24(Day 3)"
43,40,360.0,361.0,0.0,4,0.0,true,"City16(Day 1) -> City18(Day 2) -> City19(Day 3)"
43,41,197.0,49.0,0.0,4,0.0,true,"City16(Day 4)"
43,42,564.0,676.0,0.0,4,0.0,true,"City4(Day 1) -> City14(Day 4) -> City18(Day 5)"
43,43,215.0,64.0,0.0,4,0.0,true,"City22(Day 1)"
43,44,426.0,576.0,0.0,4,0.0,true,"City4(Day 2) -> City16(Day 3) -> City18(Day 5)"
43,45,486.0,625.0,0.0,4,0.0,true,"City4(Day 2) -> City18(Day 3) -> City22(Day 5)"
43,46,188.0,16.0,0.0,4,0.0,true,"City19(Day 6)"
43,47,260.0,225.0,0.0,4,0.0,true,"City16(Day 0) -> City18(Day 5)"
43,48,388.0,529.0,0.0,4,0.0,true,"City16(Day 0) -> City18(Day 1) -> City22(Day 5)"
43,49,192.0,36.0,0.0,4,0.0,true,"City24(Day 3)"
43,50,236.0,121.0,0.0,4,0.0,true,"City16(Day 0) -> City19(Day 3)"
43,51,253.0,81.0,0.0,5,0.0,true,"City4(Day 2)"
43,52,224.0,64.0,0.0,5,0.0,true,"City22(Day 6)"
43,53,362.0,361.0,0.0,5,0.0,true,"City19(Day 0) -> City16(Day 3) -> City18(Day 5)"
43,54,200.0,49.0,0.0,5,0.0,true,"City16(Day 0)"
43,55,269.0,169.0,0.0,5,0.0,true,"City16(Day 2) -> City24(Day 3)"
43,56,362.0,361.0,0.0,5,0.0,true,"City16(Day 0) -> City18(Day 2) -> City19(Day 3)"
43,57,356.0,289.0,0.0,5,0.0,true,"City14(Day 1) -> City18(Day 3)"
43,58,194.0,36.0,0.0,5,0.0,true,"City24(Day 1)"
43,59,392.0,529.0,0.0,5,0.0,true,"City16(Day 1) -> City18(Day 2) -> City22(Day 5)"
43,60,257.0,121.0,0.0,5,0.0,true,"City16(Day 1) -> City19(Day 6)"
43,61,322.0,256.0,0.0,5,0.0,true,"City14(Day 1) -> City16(Day 6)"
43,62,268.0,144.0,0.0,5,0.0,true,"City19(Day 3) -> City18(Day 4)"
43,63,569.0,676.0,0.0,5,0.0,true,"City4(Day 1) -> City18(Day 3) -> City14(Day 5)"
43,64,365.0,441.0,0.0,5,0.0,true,"City16(Day 1) -> City18(Day 2) -> City24(Day 3)"
43,65,257.0,121.0,0.0,5,0.0,true,"City19(Day 3) -> City16(Day 6)"
43,66,488.0,625.0,0.0,5,0.0,true,"City14(Day 1) -> City18(Day 4) -> City22(Day 5)"
43,67,322.0,256.0,0.0,5,0.0,true,"City14(Day 4) -> City16(Day 6)"
43,68,274.0,225.0,0.0,5,0.0,true,"City16(Day 2) -> City18(Day 4)"
43,69,435.0,576.0,0.0,5,0.0,true,"City18(Day 4) -> City14(Day 5) -> City16(Day 6)"
43,70,572.0,676.0,0.0,6,0.0,true,"City4(Day 2) -> City22(Day 3) -> City14(Day 5)"
43,71,274.0,81.0,0.0,6,0.0,true,"City4(Day 3)"
43,72,234.0,64.0,0.0,6,0.0,true,"City18(Day 0)"
43,73,326.0,256.0,0.0,6,0.0,true,"City22(Day 1) -> City18(Day 4)"
43,74,205.0,49.0,0.0,6,0.0,true,"City16(Day 5)"
43,75,366.0,361.0,0.0,6,0.0,true,"City16(Day 1) -> City19(Day 3) -> City18(Day 4)"
44,1,309.0,256.0,0.0,1,0.0,true,"City22(Day 3) -> City18(Day 4)"
44,2,405.0,576.0,0.0,1,0.0,true,"City4(Day 2) -> City16(Day 3) -> City18(Day 4)"
44,3,459.0,625.0,0.0,1,0.0,true,"City14(Day 1) -> City22(Day 2) -> City18(Day 4)"
44,4,341.0,361.0,0.0,1,0.0,true,"City19(Day 0) -> City16(Day 3) -> City18(Day 4)"
44,5,136.0,16.0,0.0,1,0.0,true,"City19(Day 3)"
44,6,382.0,529.0,0.0,1,0.0,true,"City16(Day 1) -> City18(Day 4) -> City22(Day 5)"
44,7,165.0,64.0,0.0,1,0.0,true,"City18(Day 4)"
44,8,154.0,49.0,0.0,1,0.0,true,"City16(Day 6)"
44,9,232.0,169.0,0.0,1,0.0,true,"City16(Day 1) -> City24(Day 3)"
44,10,346.0,441.0,0.0,1,0.0,true,"City16(Day 1) -> City24(Day 3) -> City18(Day 4)"
44,11,532.0,676.0,0.0,1,0.0,true,"City4(Day 2) -> City14(Day 3) -> City18(Day 4)"
44,12,237.0,225.0,0.0,1,0.0,true,"City16(Day 1) -> City18(Day 4)"
44,13,384.0,529.0,0.0,2,0.0,true,"City16(Day 1) -> City22(Day 2) -> City18(Day 4)"
44,14,543.0,676.0,0.0,2,0.0,true,"City14(Day 1) -> City4(Day 4) -> City18(Day 5)"
44,15,310.0,256.0,0.0,2,0.0,true,"City18(Day 4) -> City22(Day 5)"
44,16,423.0,576.0,0.0,2,0.0,true,"City16(Day 0) -> City14(Day 1) -> City18(Day 4)"
44,17,168.0,49.0,0.0,2,0.0,true,"City16(Day 1)"
44,18,348.0,441.0,0.0,2,0.0,true,"City16(Day 0) -> City24(Day 3) -> City18(Day 4)"
44,19,384.0,529.0,0.0,2,0.0,true,"City16(Day 0) -> City18(Day 4) -> City22(Day 5)"
44,20,342.0,361.0,0.0,2,0.0,true,"City19(Day 1) -> City16(Day 3) -> City18(Day 4)"
44,21,234.0,169.0,0.0,2,0.0,true,"City16(Day 0) -> City24(Day 3)"
44,22,169.0,64.0,0.0,2,0.0,true,"City22(Day 5)"
44,23,476.0,625.0,0.0,2,0.0,true,"City14(Day 1) -> City22(Day 2) -> City18(Day 3)"
44,24,239.0,225.0,0.0,2,0.0,true,"City16(Day 0) -> City18(Day 4)"
44,25,361.0,441.0,0.0,3,0.0,true,"City16(Day 0) -> City18(Day 1) -> City24(Day 3)"
44,26,181.0,16.0,0.0,3,0.0,true,"City19(Day 0)"
44,27,386.0,529.0,0.0,3,0.0,true,"City16(Day 0) -> City22(Day 2) -> City18(Day 4)"
44,28,352.0,361.0,0.0,3,0.0,true,"City19(Day 2) -> City16(Day 3) -> City18(Day 4)"
44,29,551.0,676.0,0.0,3,0.0,true,"City4(Day 2) -> City14(Day 4) -> City18(Day 5)"
44,30,424.0,576.0,0.0,3,0.0,true,"City14(Day 1) -> City16(Day 3) -> City18(Day 4)"
44,31,234.0,121.0,0.0,3,0.0,true,"City16(Day 1) -> City19(Day 3)"
44,32,484.0,625.0,0.0,3,0.0,true,"City4(Day 2) -> City22(Day 3) -> City18(Day 4)"
44,33,315.0,256.0,0.0,3,0.0,true,"City18(Day 2) -> City22(Day 5)"
44,34,343.0,289.0,0.0,3,0.0,true,"City14(Day 1) -> City18(Day 4)"
44,35,258.0,225.0,0.0,3,0.0,true,"City16(Day 1) -> City18(Day 5)"
44,36,190.0,64.0,0.0,3,0.0,true,"City18(Day 5)"
44,37,355.0,289.0,0.0,4,0.0,true,"City16(Day 1) -> City19(Day 2) -> City24(Day 3)"
44,38,486.0,625.0,0.0,4,0.0,true,"City4(Day 2) -> City18(Day 3) -> City22(Day 5)"
44,39,388.0,529.0,0.0,4,0.0,true,"City16(Day 0) -> City18(Day 1) -> City22(Day 5)"
44,40,360.0,361.0,0.0,4,0.0,true,"City16(Day 1) -> City18(Day 2) -> City19(Day 3)"
44,41,363.0,441.0,0.0,4,0.0,true,"City16(Day 1) -> City24(Day 3) -> City22(Day 5)"
44,42,426.0,576.0,0.0,4,0.0,true,"City4(Day 2) -> City16(Day 3) -> City18(Day 5)"
44,43,197.0,49.0,0.0,4,0.0,true,"City16(Day 4)"
44,44,320.0,256.0,0.0,4,0.0,true,"City22(Day 2) -> City18(Day 4)"
44,45,188.0,16.0,0.0,4,0.0,true,"City19(Day 6)"
44,46,564.0,676.0,0.0,4,0.0,true,"City4(Day 1) -> City14(Day 4) -> City18(Day 5)"
44,47,236.0,121.0,0.0,4,0.0,true,"City16(Day 0) -> City19(Day 3)"
44,48,260.0,225.0,0.0,4,0.0,true,"City16(Day 0) -> City18(Day 5)"
44,49,192.0,36.0,0.0,4,0.0,true,"City24(Day 3)"
44,50,215.0,64.0,0.0,4,0.0,true,"City22(Day 1)"
44,51,365.0,441.0,0.0,5,0.0,true,"City16(Day 1) -> City18(Day 2) -> City24(Day 3)"
44,52,569.0,676.0,0.0,5,0.0,true,"City4(Day 1) -> City18(Day 3) -> City14(Day 5)"
44,53,224.0,64.0,0.0,5,0.0,true,"City22(Day 6)"
44,54,435.0,576.0,0.0,5,0.0,true,"City18(Day 4) -> City14(Day 5) -> City16(Day 6)"
44,55,488.0,625.0,0.0,5,0.0,true,"City14(Day 1) -> City18(Day 4) -> City22(Day 5)"
44,56,257.0,121.0,0.0,5,0.0,true,"City16(Day 1) -> City19(Day 6)"
44,57,274.0,225.0,0.0,5,0.0,true,"City16(Day 2) -> City18(Day 4)"
44,58,200.0,49.0,0.0,5,0.0,true,"City16(Day 0)"
44,59,322.0,256.0,0.0,5,0.0,true,"City14(Day 4) -> City16(Day 6)"
44,60,322.0,256.0,0.0,5,0.0,true,"City14(Day 1) -> City16(Day 6)"
44,61,356.0,289.0,0.0,5,0.0,true,"City14(Day 1) -> City18(Day 3)"
44,62,269.0,169.0,0.0,5,0.0,true,"City16(Day 2) -> City24(Day 3)"
44,63,268.0,144.0,0.0,5,0.0,true,"City19(Day 3) -> City18(Day 4)"
44,64,194.0,36.0,0.0,5,0.0,true,"City24(Day 1)"
44,65,362.0,361.0,0.0,5,0.0,true,"City19(Day 0) -> City16(Day 3) -> City18(Day 5)"
44,66,253.0,81.0,0.0,5,0.0,true,"City4(Day 2)"
44,67,257.0,121.0,0.0,5,0.0,true,"City19(Day 3) -> City16(Day 6)"
44,68,362.0,361.0,0.0,5,0.0,true,"City16(Day 0) -> City18(Day 2) -> City19(Day 3)"
44,69,392.0,529.0,0.0,5,0.0,true,"City16(Day 1) -> City18(Day 2) -> City22(Day 5)"
44,70,297.0,225.0,0.0,6,0.0,true,"City16(Day 0) -> City22(Day 5)"
44,71,271.0,121.0,0.0,6,0.0,true,"City16(Day 2) -> City19(Day 3)"
44,72,326.0,256.0,0.0,6,0.0,true,"City22(Day 1) -> City18(Day 4)"
44,73,383.0,441.0,0.0,6,0.0,true,"City16(Day 2) -> City24(Day 3) -> City18(Day 4)"
44,74,436.0,576.0,0.0,6,0.0,true,"City16(Day 0) -> City14(Day 1) -> City18(Day 3)"
44,75,205.0,49.0,0.0,6,0.0,true,"City16(Day 5)"
45,1,532.0,676.0,0.0,1,0.0,true,"City4(Day 2) -> City14(Day 3) -> City18(Day 4)"
45,2,459.0,625.0,0.0,1,0.0,true,"City14(Day 1) -> City22(Day 2) -> City18(Day 4)"
45,3,346.0,441.0,0.0,1,0.0,true,"City16(Day 1) -> City24(Day 3) -> City18(Day 4)"
45,4,405.0,576.0,0.0,1,0.0,true,"City4(Day 2) -> City16(Day 3) -> City18(Day 4)"
45,5,165.0,64.0,0.0,1,0.0,true,"City18(Day 4)"
45,6,136.0,16.0,0.0,1,0.0,true,"City19(Day 3)"
45,7,237.0,225.0,0.0,1,0.0,true,"City16(Day 1) -> City18(Day 4)"
45,8,382.0,529.0,0.0,1,0.0,true,"City16(Day 1) -> City18(Day 4) -> City22(Day 5)"
45,9,309.0,256.0,0.0,1,0.0,true,"City22(Day 3) -> City18(Day 4)"
45,10,154.0,49.0,0.0,1,0.0,true,"City16(Day 6)"
45,11,232.0,169.0,0.0,1,0.0,true,"City16(Day 1) -> City24(Day 3)"
45,12,341.0,361.0,0.0,1,0.0,true,"City19(Day 0) -> City16(Day 3) -> City18(Day 4)"
45,13,476.0,625.0,0.0,2,0.0,true,"City14(Day 1) -> City22(Day 2) -> City18(Day 3)"
45,14,310.0,256.0,0.0,2,0.0,true,"City18(Day 4) -> City22(Day 5)"
45,15,234.0,169.0,0.0,2,0.0,true,"City16(Day 0) -> City24(Day 3)"
45,16,348.0,441.0,0.0,2,0.0,true,"City16(Day 0) -> City24(Day 3) -> City18(Day 4)"
45,17,239.0,225.0,0.0,2,0.0,true,"City16(Day 0) -> City18(Day 4)"
45,18,342.0,361.0,0.0,2,0.0,true,"City19(Day 1) -> City16(Day 3) -> City18(Day 4)"
45,19,384.0,529.0,0.0,2,0.0,true,"City16(Day 0) -> City18(Day 4) -> City22(Day 5)"
45,20,384.0,529.0,0.0,2,0.0,true,"City16(Day 1) -> City22(Day 2) -> City18(Day 4)"
45,21,423.0,576.0,0.0,2,0.0,true,"City16(Day 0) -> City14(Day 1) -> City18(Day 4)"
45,22,168.0,49.0,0.0,2,0.0,true,"City16(Day 1)"
45,23,169.0,64.0,0.0,2,0.0,true,"City22(Day 5)"
45,24,543.0,676.0,0.0,2,0.0,true,"City14(Day 1) -> City4(Day 4) -> City18(Day 5)"
45,25,190.0,64.0,0.0,3,0.0,true,"City18(Day 5)"
45,26,386.0,529.0,0.0,3,0.0,true,"City16(Day 0) -> City22(Day 2) -> City18(Day 4)"
45,27,234.0,121.0,0.0,3,0.0,true,"City16(Day 1) -> City19(Day 3)"
45,28,551.0,676.0,0.0,3,0.0,true,"City4(Day 2) -> City14(Day 4) -> City18(Day 5)"
45,29,315.0,256.0,0.0,3,0.0,true,"City18(Day 2) -> City22(Day 5)"
45,30,424.0,576.0,0.0,3,0.0,true,"City14(Day 1) -> City16(Day 3) -> City18(Day 4)"
45,31,181.0,16.0,0.0,3,0.0,true,"City19(Day 0)"
45,32,352.0,361.0,0.0,3,0.0,true,"City19(Day 2) -> City16(Day 3) -> City18(Day 4)"
45,33,343.0,289.0,0.0,3,0.0,true,"City14(Day 1) -> City18(Day 4)"
45,34,361.0,441.0,0.0,3,0.0,true,"City16(Day 0) -> City18(Day 1) -> City24(Day 3)"
45,35,258.0,225.0,0.0,3,0.0,true,"City16(Day 1) -> City18(Day 5)"
45,36,484.0,625.0,0.0,3,0.0,true,"City4(Day 2) -> City22(Day 3) -> City18(Day 4)"
45,37,236.0,121.0,0.0,4,0.0,true,"City16(Day 0) -> City19(Day 3)"
45,38,188.0,16.0,0.0,4,0.0,true,"City19(Day 6)"
45,39,388.0,529.0,0.0,4,0.0,true,"City16(Day 0) -> City18(Day 1) -> City22(Day 5)"
45,40,260.0,225.0,0.0,4,0.0,true,"City16(Day 0) -> City18(Day 5)"
45,41,355.0,289.0,0.0,4,0.0,true,"City16(Day 1) -> City19(Day 2) -> City24(Day 3)"
45,42,197.0,49.0,0.0,4,0.0,true,"City16(Day 4)"
45,43,363.0,441.0,0.0,4,0.0,true,"City16(Day 1) -> City24(Day 3) -> City22(Day 5)"
45,44,320.0,256.0,0.0,4,0.0,true,"City22(Day 2) -> City18(Day 4)"
45,45,564.0,676.0,0.0,4,0.0,true,"City4(Day 1) -> City14(Day 4) -> City18(Day 5)"
45,46,426.0,576.0,0.0,4,0.0,true,"City4(Day 2) -> City16(Day 3) -> City18(Day 5)"
45,47,486.0,625.0,0.0,4,0.0,true,"City4(Day 2) -> City18(Day 3) -> City22(Day 5)"
45,48,360.0,361.0,0.0,4,0.0,true,"City16(Day 1) -> City18(Day 2) -> City19(Day 3)"
45,49,215.0,64.0,0.0,4,0.0,true,"City22(Day 1)"
45,50,192.0,36.0,0.0,4,0.0,true,"City24(Day 3)"
45,51,322.0,256.0,0.0,5,0.0,true,"City14(Day 4) -> City16(Day 6)"
45,52,488.0,625.0,0.0,5,0.0,true,"City14(Day 1) -> City18(Day 4) -> City22(Day 5)"
45,53,269.0,169.0,0.0,5,0.0,true,"City16(Day 2) -> City24(Day 3)"
45,54,356.0,289.0,0.0,5,0.0,true,"City14(Day 1) -> City18(Day 3)"
45,55,194.0,36.0,0.0,5,0.0,true,"City24(Day 1)"
45,56,200.0,49.0,0.0,5,0.0,true,"City16(Day 0)"
45,57,322.0,256.0,0.0,5,0.0,true,"City14(Day 1) -> City16(Day 6)"
45,58,365.0,441.0,0.0,5,0.0,true,"City16(Day 1) -> City18(Day 2) -> City24(Day 3)"
45,59,274.0,225.0,0.0,5,0.0,true,"City16(Day 2) -> City18(Day 4)"
45,60,224.0,64.0,0.0,5,0.0,true,"City22(Day 6)"
45,61,435.0,576.0,0.0,5,0.0,true,"City18(Day 4) -> City14(Day 5) -> City16(Day 6)"
45,62,392.0,529.0,0.0,5,0.0,true,"City16(Day 1) -> City18(Day 2) -> City22(Day 5)"
45,63,257.0,121.0,0.0,5,0.0,true,"City19(Day 3) -> City16(Day 6)"
45,64,253.0,81.0,0.0,5,0.0,true,"City4(Day 2)"
45,65,362.0,361.0,0.0,5,0.0,true,"City19(Day 0) -> City16(Day 3) -> City18(Day 5)"
45,66,362.0,361.0,0.0,5,0.0,true,"City16(Day 0) -> City18(Day 2) -> City19(Day 3)"
45,67,268.0,144.0,0.0,5,0.0,true,"City19(Day 3) -> City18(Day 4)"
45,68,257.0,121.0,0.0,5,0.0,true,"City16(Day 1) -> City19(Day 6)"
45,69,569.0,676.0,0.0,5,0.0,true,"City4(Day 1) -> City18(Day 3) -> City14(Day 5)"
45,70,372.0,289.0,0.0,6,0.0,true,"City4(Day 2) -> City18(Day 4)"
45,71,574.0,676.0,0.0,6,0.0,true,"City4(Day 2) -> City14(Day 4) -> City22(Day 6)"
45,72,383.0,441.0,0.0,6,0.0,true,"City16(Day 2) -> City24(Day 3) -> City18(Day 4)"
45,73,326.0,256.0,0.0,6,0.0,true,"City22(Day 1) -> City18(Day 4)"
45,74,436.0,576.0,0.0,6,0.0,true,"City16(Day 0) -> City14(Day 1) -> City18(Day 3)"
45,75,285.0,225.0,0.0,6,0.0,true,"City16(Day 0) -> City18(Day 1)"
46,1,346.0,441.0,0.0,1,0.0,true,"City16(Day 1) -> City24(Day 3) -> City18(Day 4)"
46,2,309.0,256.0,0.0,1,0.0,true,"City22(Day 3) -> City18(Day 4)"
46,3,165.0,64.0,0.0,1,0.0,true,"City18(Day 4)"
46,4,382.0,529.0,0.0,1,0.0,true,"City16(Day 1) -> City18(Day 4) -> City22(Day 5)"
46,5,341.0,361.0,0.0,1,0.0,true,"City19(Day 0) -> City16(Day 3) -> City18(Day 4)"
46,6,237.0,225.0,0.0,1,0.0,true,"City16(Day 1) -> City18(Day 4)"
46,7,532.0,676.0,0.0,1,0.0,true,"City4(Day 2) -> City14(Day 3) -> City18(Day 4)"
46,8,136.0,16.0,0.0,1,0.0,true,"City19(Day 3)"
46,9,154.0,49.0,0.0,1,0.0,true,"City16(Day 6)"
46,10,405.0,576.0,0.0,1,0.0,true,"City4(Day 2) -> City16(Day 3) -> City18(Day 4)"
46,11,232.0,169.0,0.0,1,0.0,true,"City16(Day 1) -> City24(Day 3)"
46,12,459.0,625.0,0.0,1,0.0,true,"City14(Day 1) -> City22(Day 2) -> City18(Day 4)"
46,13,476.0,625.0,0.0,2,0.0,true,"City14(Day 1) -> City22(Day 2) -> City18(Day 3)"
46,14,310.0,256.0,0.0,2,0.0,true,"City18(Day 4) -> City22(Day 5)"
46,15,423.0,576.0,0.0,2,0.0,true,"City16(Day 0) -> City14(Day 1) -> City18(Day 4)"
46,16,543.0,676.0,0.0,2,0.0,true,"City14(Day 1) -> City4(Day 4) -> City18(Day 5)"
46,17,169.0,64.0,0.0,2,0.0,true,"City22(Day 5)"
46,18,234.0,169.0,0.0,2,0.0,true,"City16(Day 0) -> City24(Day 3)"
46,19,384.0,529.0,0.0,2,0.0,true,"City16(Day 0) -> City18(Day 4) -> City22(Day 5)"
46,20,168.0,49.0,0.0,2,0.0,true,"City16(Day 1)"
46,21,384.0,529.0,0.0,2,0.0,true,"City16(Day 1) -> City22(Day 2) -> City18(Day 4)"
46,22,342.0,361.0,0.0,2,0.0,true,"City19(Day 1) -> City16(Day 3) -> City18(Day 4)"
46,23,348.0,441.0,0.0,2,0.0,true,"City16(Day 0) -> City24(Day 3) -> City18(Day 4)"
46,24,239.0,225.0,0.0,2,0.0,true,"City16(Day 0) -> City18(Day 4)"
46,25,181.0,16.0,0.0,3,0.0,true,"City19(Day 0)"
46,26,190.0,64.0,0.0,3,0.0,true,"City18(Day 5)"
46,27,258.0,225.0,0.0,3,0.0,true,"City16(Day 1) -> City18(Day 5)"
46,28,315.0,256.0,0.0,3,0.0,true,"City18(Day 2) -> City22(Day 5)"
46,29,361.0,441.0,0.0,3,0.0,true,"City16(Day 0) -> City18(Day 1) -> City24(Day 3)"
46,30,386.0,529.0,0.0,3,0.0,true,"City16(Day 0) -> City22(Day 2) -> City18(Day 4)"
46,31,352.0,361.0,0.0,3,0.0,true,"City19(Day 2) -> City16(Day 3) -> City18(Day 4)"
46,32,424.0,576.0,0.0,3,0.0,true,"City14(Day 1) -> City16(Day 3) -> City18(Day 4)"
46,33,234.0,121.0,0.0,3,0.0,true,"City16(Day 1) -> City19(Day 3)"
46,34,484.0,625.0,0.0,3,0.0,true,"City4(Day 2) -> City22(Day 3) -> City18(Day 4)"
46,35,343.0,289.0,0.0,3,0.0,true,"City14(Day 1) -> City18(Day 4)"
46,36,551.0,676.0,0.0,3,0.0,true,"City4(Day 2) -> City14(Day 4) -> City18(Day 5)"
46,37,320.0,256.0,0.0,4,0.0,true,"City22(Day 2) -> City18(Day 4)"
46,38,363.0,441.0,0.0,4,0.0,true,"City16(Day 1) -> City24(Day 3) -> City22(Day 5)"
46,39,188.0,16.0,0.0,4,0.0,true,"City19(Day 6)"
46,40,236.0,121.0,0.0,4,0.0,true,"City16(Day 0) -> City19(Day 3)"
46,41,192.0,36.0,0.0,4,0.0,true,"City24(Day 3)"
46,42,215.0,64.0,0.0,4,0.0,true,"City22(Day 1)"
46,43,355.0,289.0,0.0,4,0.0,true,"City16(Day 1) -> City19(Day 2) -> City24(Day 3)"
46,44,360.0,361.0,0.0,4,0.0,true,"City16(Day 1) -> City18(Day 2) -> City19(Day 3)"
46,45,197.0,49.0,0.0,4,0.0,true,"City16(Day 4)"
46,46,260.0,225.0,0.0,4,0.0,true,"City16(Day 0) -> City18(Day 5)"
46,47,388.0,529.0,0.0,4,0.0,true,"City16(Day 0) -> City18(Day 1) -> City22(Day 5)"
46,48,564.0,676.0,0.0,4,0.0,true,"City4(Day 1) -> City14(Day 4) -> City18(Day 5)"
46,49,486.0,625.0,0.0,4,0.0,true,"City4(Day 2) -> City18(Day 3) -> City22(Day 5)"
46,50,426.0,576.0,0.0,4,0.0,true,"City4(Day 2) -> City16(Day 3) -> City18(Day 5)"
46,51,224.0,64.0,0.0,5,0.0,true,"City22(Day 6)"
46,52,200.0,49.0,0.0,5,0.0,true,"City16(Day 0)"
46,53,257.0,121.0,0.0,5,0.0,true,"City19(Day 3) -> City16(Day 6)"
46,54,356.0,289.0,0.0,5,0.0,true,"City14(Day 1) -> City18(Day 3)"
46,55,268.0,144.0,0.0,5,0.0,true,"City19(Day 3) -> City18(Day 4)"
46,56,322.0,256.0,0.0,5,0.0,true,"City14(Day 4) -> City16(Day 6)"
46,57,269.0,169.0,0.0,5,0.0,true,"City16(Day 2) -> City24(Day 3)"
46,58,362.0,361.0,0.0,5,0.0,true,"City16(Day 0) -> City18(Day 2) -> City19(Day 3)"
46,59,253.0,81.0,0.0,5,0.0,true,"City4(Day 2)"
46,60,569.0,676.0,0.0,5,0.0,true,"City4(Day 1) -> City18(Day 3) -> City14(Day 5)"
46,61,365.0,441.0,0.0,5,0.0,true,"City16(Day 1) -> City18(Day 2) -> City24(Day 3)"
46,62,194.0,36.0,0.0,5,0.0,true,"City24(Day 1)"
46,63,322.0,256.0,0.0,5,0.0,true,"City14(Day 1) -> City16(Day 6)"
46,64,435.0,576.0,0.0,5,0.0,true,"City18(Day 4) -> City14(Day 5) -> City16(Day 6)"
46,65,274.0,225.0,0.0,5,0.0,true,"City16(Day 2) -> City18(Day 4)"
46,66,257.0,121.0,0.0,5,0.0,true,"City16(Day 1) -> City19(Day 6)"
46,67,488.0,625.0,0.0,5,0.0,true,"City14(Day 1) -> City18(Day 4) -> City22(Day 5)"
46,68,392.0,529.0,0.0,5,0.0,true,"City16(Day 1) -> City18(Day 2) -> City22(Day 5)"
46,69,362.0,361.0,0.0,5,0.0,true,"City19(Day 0) -> City16(Day 3) -> City18(Day 5)"
46,70,285.0,225.0,0.0,6,0.0,true,"City16(Day 0) -> City18(Day 1)"
46,71,230.0,64.0,0.0,6,0.0,true,"City18(Day 1)"
46,72,368.0,441.0,0.0,6,0.0,true,"City16(Day 1) -> City22(Day 2) -> City24(Day 3)"
46,73,326.0,256.0,0.0,6,0.0,true,"City22(Day 1) -> City18(Day 4)"
46,74,436.0,576.0,0.0,6,0.0,true,"City16(Day 0) -> City14(Day 1) -> City18(Day 3)"
46,75,397.0,529.0,0.0,6,0.0,true,"City16(Day 0) -> City22(Day 3) -> City18(Day 4)"
47,1,459.0,625.0,0.0,1,0.0,true,"City14(Day 1) -> City22(Day 2) -> City18(Day 4)"
47,2,382.0,529.0,0.0,1,0.0,true,"City16(Day 1) -> City18(Day 4) -> City22(Day 5)"
47,3,237.0,225.0,0.0,1,0.0,true,"City16(Day 1) -> City18(Day 4)"
47,4,154.0,49.0,0.0,1,0.0,true,"City16(Day 6)"
47,5,405.0,576.0,0.0,1,0.0,true,"City4(Day 2) -> City16(Day 3) -> City18(Day 4)"
47,6,346.0,441.0,0.0,1,0.0,true,"City16(Day 1) -> City24(Day 3) -> City18(Day 4)"
47,7,341.0,361.0,0.0,1,0.0,true,"City19(Day 0) -> City16(Day 3) -> City18(Day 4)"
47,8,232.0,169.0,0.0,1,0.0,true,"City16(Day 1) -> City24(Day 3)"
47,9,532.0,676.0,0.0,1,0.0,true,"City4(Day 2) -> City14(Day 3) -> City18(Day 4)"
47,10,136.0,16.0,0.0,1,0.0,true,"City19(Day 3)"
47,11,309.0,256.0,0.0,1,0.0,true,"City22(Day 3) -> City18(Day 4)"
47,12,165.0,64.0,0.0,1,0.0,true,"City18(Day 4)"
47,13,423.0,576.0,0.0,2,0.0,true,"City16(Day 0) -> City14(Day 1) -> City18(Day 4)"
47,14,168.0,49.0,0.0,2,0.0,true,"City16(Day 1)"
47,15,543.0,676.0,0.0,2,0.0,true,"City14(Day 1) -> City4(Day 4) -> City18(Day 5)"
47,16,342.0,361.0,0.0,2,0.0,true,"City19(Day 1) -> City16(Day 3) -> City18(Day 4)"
47,17,384.0,529.0,0.0,2,0.0,true,"City16(Day 1) -> City22(Day 2) -> City18(Day 4)"
47,18,348.0,441.0,0.0,2,0.0,true,"City16(Day 0) -> City24(Day 3) -> City18(Day 4)"
47,19,476.0,625.0,0.0,2,0.0,true,"City14(Day 1) -> City22(Day 2) -> City18(Day 3)"
47,20,169.0,64.0,0.0,2,0.0,true,"City22(Day 5)"
47,21,310.0,256.0,0.0,2,0.0,true,"City18(Day 4) -> City22(Day 5)"
47,22,239.0,225.0,0.0,2,0.0,true,"City16(Day 0) -> City18(Day 4)"
47,23,384.0,529.0,0.0,2,0.0,true,"City16(Day 0) -> City18(Day 4) -> City22(Day 5)"
47,24,234.0,169.0,0.0,2,0.0,true,"City16(Day 0) -> City24(Day 3)"
47,25,343.0,289.0,0.0,3,0.0,true,"City14(Day 1) -> City18(Day 4)"
47,26,484.0,625.0,0.0,3,0.0,true,"City4(Day 2) -> City22(Day 3) -> City18(Day 4)"
47,27,424.0,576.0,0.0,3,0.0,true,"City14(Day 1) -> City16(Day 3) -> City18(Day 4)"
47,28,361.0,441.0,0.0,3,0.0,true,"City16(Day 0) -> City18(Day 1) -> City24(Day 3)"
47,29,352.0,361.0,0.0,3,0.0,true,"City19(Day 2) -> City16(Day 3) -> City18(Day 4)"
47,30,234.0,121.0,0.0,3,0.0,true,"City16(Day 1) -> City19(Day 3)"
47,31,181.0,16.0,0.0,3,0.0,true,"City19(Day 0)"
47,32,544.0,676.0,0.0,3,0.0,true,"City4(Day 1) -> City14(Day 2) -> City18(Day 3)"
47,33,386.0,529.0,0.0,3,0.0,true,"City16(Day 0) -> City22(Day 2) -> City18(Day 4)"
47,34,190.0,64.0,0.0,3,0.0,true,"City18(Day 5)"
47,35,315.0,256.0,0.0,3,0.0,true,"City18(Day 2) -> City22(Day 5)"
47,36,258.0,225.0,0.0,3,0.0,true,"City16(Day 1) -> City18(Day 5)"
47,37,551.0,676.0,0.0,4,0.0,true,"City4(Day 2) -> City14(Day 4) -> City18(Day 5)"
47,38,236.0,121.0,0.0,4,0.0,true,"City16(Day 0) -> City19(Day 3)"
47,39,360.0,361.0,0.0,4,0.0,true,"City16(Day 1) -> City18(Day 2) -> City19(Day 3)"
47,40,197.0,49.0,0.0,4,0.0,true,"City16(Day 4)"
47,41,320.0,256.0,0.0,4,0.0,true,"City22(Day 2) -> City18(Day 4)"
47,42,260.0,225.0,0.0,4,0.0,true,"City16(Day 0) -> City18(Day 5)"
47,43,192.0,36.0,0.0,4,0.0,true,"City24(Day 3)"
47,44,388.0,529.0,0.0,4,0.0,true,"City16(Day 0) -> City18(Day 1) -> City22(Day 5)"
47,45,426.0,576.0,0.0,4,0.0,true,"City4(Day 2) -> City16(Day 3) -> City18(Day 5)"
47,46,188.0,16.0,0.0,4,0.0,true,"City19(Day 6)"
47,47,363.0,441.0,0.0,4,0.0,true,"City16(Day 1) -> City24(Day 3) -> City22(Day 5)"
47,48,355.0,289.0,0.0,4,0.0,true,"City16(Day 1) -> City19(Day 2) -> City24(Day 3)"
47,49,486.0,625.0,0.0,4,0.0,true,"City4(Day 2) -> City18(Day 3) -> City22(Day 5)"
47,50,215.0,64.0,0.0,4,0.0,true,"City22(Day 1)"
47,51,269.0,169.0,0.0,5,0.0,true,"City16(Day 2) -> City24(Day 3)"
47,52,365.0,441.0,0.0,5,0.0,true,"City16(Day 1) -> City18(Day 2) -> City24(Day 3)"
47,53,200.0,49.0,0.0,5,0.0,true,"City16(Day 0)"
47,54,257.0,121.0,0.0,5,0.0,true,"City19(Day 3) -> City16(Day 6)"
47,55,362.0,361.0,0.0,5,0.0,true,"City16(Day 0) -> City18(Day 2) -> City19(Day 3)"
47,56,253.0,81.0,0.0,5,0.0,true,"City4(Day 2)"
47,57,362.0,361.0,0.0,5,0.0,true,"City19(Day 0) -> City16(Day 3) -> City18(Day 5)"
47,58,194.0,36.0,0.0,5,0.0,true,"City24(Day 1)"
47,59,392.0,529.0,0.0,5,0.0,true,"City16(Day 1) -> City18(Day 2) -> City22(Day 5)"
47,60,356.0,289.0,0.0,5,0.0,true,"City14(Day 1) -> City18(Day 3)"
47,61,257.0,121.0,0.0,5,0.0,true,"City16(Day 1) -> City19(Day 6)"
47,62,224.0,64.0,0.0,5,0.0,true,"City22(Day 6)"
47,63,435.0,576.0,0.0,5,0.0,true,"City18(Day 4) -> City14(Day 5) -> City16(Day 6)"
47,64,268.0,144.0,0.0,5,0.0,true,"City19(Day 3) -> City18(Day 4)"
47,65,488.0,625.0,0.0,5,0.0,true,"City14(Day 1) -> City18(Day 4) -> City22(Day 5)"
47,66,274.0,225.0,0.0,5,0.0,true,"City16(Day 2) -> City18(Day 4)"
47,67,564.0,676.0,0.0,5,0.0,true,"City4(Day 1) -> City14(Day 4) -> City18(Day 5)"
47,68,322.0,256.0,0.0,5,0.0,true,"City14(Day 4) -> City16(Day 6)"
47,69,322.0,256.0,0.0,5,0.0,true,"City14(Day 1) -> City16(Day 6)"
47,70,284.0,81.0,0.0,6,0.0,true,"City14(Day 1)"
47,71,205.0,49.0,0.0,6,0.0,true,"City16(Day 5)"
47,72,436.0,576.0,0.0,6,0.0,true,"City16(Day 0) -> City14(Day 1) -> City18(Day 3)"
47,73,230.0,64.0,0.0,6,0.0,true,"City18(Day 1)"
47,74,569.0,676.0,0.0,6,0.0,true,"City4(Day 1) -> City18(Day 3) -> City14(Day 5)"
47,75,326.0,256.0,0.0,6,0.0,true,"City22(Day 1) -> City18(Day 4)"
48,1,405.0,576.0,0.0,1,0.0,true,"City4(Day 2) -> City16(Day 3) -> City18(Day 4)"
48,2,154.0,49.0,0.0,1,0.0,true,"City16(Day 6)"
48,3,165.0,64.0,0.0,1,0.0,true,"City18(Day 4)"
48,4,346.0,441.0,0.0,1,0.0,true,"City16(Day 1) -> City24(Day 3) -> City18(Day 4)"
48,5,532.0,676.0,0.0,1,0.0,true,"City4(Day 2) -> City14(Day 3) -> City18(Day 4)"
48,6,309.0,256.0,0.0,1,0.0,true,"City22(Day 3) -> City18(Day 4)"
48,7,382.0,529.0,0.0,1,0.0,true,"City16(Day 1) -> City18(Day 4) -> City22(Day 5)"
48,8,341.0,361.0,0.0,1,0.0,true,"City19(Day 0) -> City16(Day 3) -> City18(Day 4)"
48,9,136.0,16.0,0.0,1,0.0,true,"City19(Day 3)"
48,10,237.0,225.0,0.0,1,0.0,true,"City16(Day 1) -> City18(Day 4)"
48,11,232.0,169.0,0.0,1,0.0,true,"City16(Day 1) -> City24(Day 3)"
48,12,459.0,625.0,0.0,1,0.0,true,"City14(Day 1) -> City22(Day 2) -> City18(Day 4)"
48,13,168.0,49.0,0.0,2,0.0,true,"City16(Day 1)"
48,14,234.0,169.0,0.0,2,0.0,true,"City16(Day 0) -> City24(Day 3)"
48,15,348.0,441.0,0.0,2,0.0,true,"City16(Day 0) -> City24(Day 3) -> City18(Day 4)"
48,16,476.0,625.0,0.0,2,0.0,true,"City14(Day 1) -> City22(Day 2) -> City18(Day 3)"
48,17,543.0,676.0,0.0,2,0.0,true,"City14(Day 1) -> City4(Day 4) -> City18(Day 5)"
48,18,342.0,361.0,0.0,2,0.0,true,"City19(Day 1) -> City16(Day 3) -> City18(Day 4)"
48,19,384.0,529.0,0.0,2,0.0,true,"City16(Day 0) -> City18(Day 4) -> City22(Day 5)"
48,20,423.0,576.0,0.0,2,0.0,true,"City16(Day 0) -> City14(Day 1) -> City18(Day 4)"
48,21,169.0,64.0,0.0,2,0.0,true,"City22(Day 5)"
48,22,310.0,256.0,0.0,2,0.0,true,"City18(Day 4) -> City22(Day 5)"
48,23,384.0,529.0,0.0,2,0.0,true,"City16(Day 1) -> City22(Day 2) -> City18(Day 4)"
48,24,239.0,225.0,0.0,2,0.0,true,"City16(Day 0) -> City18(Day 4)"
48,25,234.0,121.0,0.0,3,0.0,true,"City16(Day 1) -> City19(Day 3)"
48,26,544.0,676.0,0.0,3,0.0,true,"City4(Day 1) -> City14(Day 2) -> City18(Day 3)"
48,27,190.0,64.0,0.0,3,0.0,true,"City18(Day 5)"
48,28,386.0,529.0,0.0,3,0.0,true,"City16(Day 0) -> City22(Day 2) -> City18(Day 4)"
48,29,181.0,16.0,0.0,3,0.0,true,"City19(Day 0)"
48,30,315.0,256.0,0.0,3,0.0,true,"City18(Day 2) -> City22(Day 5)"
48,31,258.0,225.0,0.0,3,0.0,true,"City16(Day 1) -> City18(Day 5)"
48,32,343.0,289.0,0.0,3,0.0,true,"City14(Day 1) -> City18(Day 4)"
48,33,352.0,361.0,0.0,3,0.0,true,"City19(Day 2) -> City16(Day 3) -> City18(Day 4)"
48,34,424.0,576.0,0.0,3,0.0,true,"City14(Day 1) -> City16(Day 3) -> City18(Day 4)"
48,35,484.0,625.0,0.0,3,0.0,true,"City4(Day 2) -> City22(Day 3) -> City18(Day 4)"
48,36,361.0,441.0,0.0,3,0.0,true,"City16(Day 0) -> City18(Day 1) -> City24(Day 3)"
48,37,188.0,16.0,0.0,4,0.0,true,"City19(Day 6)"
48,38,551.0,676.0,0.0,4,0.0,true,"City4(Day 2) -> City14(Day 4) -> City18(Day 5)"
48,39,426.0,576.0,0.0,4,0.0,true,"City4(Day 2) -> City16(Day 3) -> City18(Day 5)"
48,40,360.0,361.0,0.0,4,0.0,true,"City16(Day 1) -> City18(Day 2) -> City19(Day 3)"
48,41,320.0,256.0,0.0,4,0.0,true,"City22(Day 2) -> City18(Day 4)"
48,42,355.0,289.0,0.0,4,0.0,true,"City16(Day 1) -> City19(Day 2) -> City24(Day 3)"
48,43,388.0,529.0,0.0,4,0.0,true,"City16(Day 0) -> City18(Day 1) -> City22(Day 5)"
48,44,363.0,441.0,0.0,4,0.0,true,"City16(Day 1) -> City24(Day 3) -> City22(Day 5)"
48,45,260.0,225.0,0.0,4,0.0,true,"City16(Day 0) -> City18(Day 5)"
48,46,192.0,36.0,0.0,4,0.0,true,"City24(Day 3)"
48,47,215.0,64.0,0.0,4,0.0,true,"City22(Day 1)"
48,48,197.0,49.0,0.0,4,0.0,true,"City16(Day 4)"
48,49,486.0,625.0,0.0,4,0.0,true,"City4(Day 2) -> City18(Day 3) -> City22(Day 5)"
48,50,236.0,121.0,0.0,4,0.0,true,"City16(Day 0) -> City19(Day 3)"
48,51,392.0,529.0,0.0,5,0.0,true,"City16(Day 1) -> City18(Day 2) -> City22(Day 5)"
48,52,435.0,576.0,0.0,5,0.0,true,"City18(Day 4) -> City14(Day 5) -> City16(Day 6)"
48,53,268.0,144.0,0.0,5,0.0,true,"City19(Day 3) -> City18(Day 4)"
48,54,257.0,121.0,0.0,5,0.0,true,"City16(Day 1) -> City19(Day 6)"
48,55,257.0,121.0,0.0,5,0.0,true,"City19(Day 3) -> City16(Day 6)"
48,56,362.0,361.0,0.0,5,0.0,true,"City16(Day 0) -> City18(Day 2) -> City19(Day 3)"
48,57,253.0,81.0,0.0,5,0.0,true,"City4(Day 2)"
48,58,564.0,676.0,0.0,5,0.0,true,"City4(Day 1) -> City14(Day 4) -> City18(Day 5)"
48,59,356.0,289.0,0.0,5,0.0,true,"City14(Day 1) -> City18(Day 3)"
48,60,322.0,256.0,0.0,5,0.0,true,"City14(Day 1) -> City16(Day 6)"
48,61,200.0,49.0,0.0,5,0.0,true,"City16(Day 0)"
48,62,362.0,361.0,0.0,5,0.0,true,"City19(Day 0) -> City16(Day 3) -> City18(Day 5)"
48,63,365.0,441.0,0.0,5,0.0,true,"City16(Day 1) -> City18(Day 2) -> City24(Day 3)"
48,64,274.0,225.0,0.0,5,0.0,true,"City16(Day 2) -> City18(Day 4)"
48,65,269.0,169.0,0.0,5,0.0,true,"City16(Day 2) -> City24(Day 3)"
48,66,224.0,64.0,0.0,5,0.0,true,"City22(Day 6)"
48,67,194.0,36.0,0.0,5,0.0,true,"City24(Day 1)"
48,68,365.0,441.0,0.0,5,0.0,true,"City16(Day 0) -> City24(Day 3) -> City22(Day 5)"
48,69,488.0,625.0,0.0,5,0.0,true,"City14(Day 1) -> City18(Day 4) -> City22(Day 5)"
48,70,322.0,256.0,0.0,5,0.0,true,"City14(Day 4) -> City16(Day 6)"
48,71,283.0,144.0,0.0,6,0.0,true,"City18(Day 2) -> City19(Day 3)"
48,72,205.0,49.0,0.0,6,0.0,true,"City16(Day 5)"
48,73,569.0,676.0,0.0,6,0.0,true,"City4(Day 1) -> City18(Day 3) -> City14(Day 5)"
48,74,273.0,81.0,0.0,6,0.0,true,"City14(Day 5)"
48,75,204.0,36.0,0.0,6,0.0,true,"City24(Day 6)"
49,1,165.0,64.0,0.0,1,0.0,true,"City18(Day 4)"
49,2,459.0,625.0,0.0,1,0.0,true,"City14(Day 1) -> City22(Day 2) -> City18(Day 4)"
49,3,309.0,256.0,0.0,1,0.0,true,"City22(Day 3) -> City18(Day 4)"
49,4,232.0,169.0,0.0,1,0.0,true,"City16(Day 1) -> City24(Day 3)"
49,5,532.0,676.0,0.0,1,0.0,true,"City4(Day 2) -> City14(Day 3) -> City18(Day 4)"
49,6,405.0,576.0,0.0,1,0.0,true,"City4(Day 2) -> City16(Day 3) -> City18(Day 4)"
49,7,237.0,225.0,0.0,1,0.0,true,"City16(Day 1) -> City18(Day 4)"
49,8,136.0,16.0,0.0,1,0.0,true,"City19(Day 3)"
49,9,346.0,441.0,0.0,1,0.0,true,"City16(Day 1) -> City24(Day 3) -> City18(Day 4)"
49,10,154.0,49.0,0.0,1,0.0,true,"City16(Day 6)"
49,11,341.0,361.0,0.0,1,0.0,true,"City19(Day 0) -> City16(Day 3) -> City18(Day 4)"
49,12,382.0,529.0,0.0,1,0.0,true,"City16(Day 1) -> City18(Day 4) -> City22(Day 5)"
49,13,476.0,625.0,0.0,2,0.0,true,"City14(Day 1) -> City22(Day 2) -> City18(Day 3)"
49,14,384.0,529.0,0.0,2,0.0,true,"City16(Day 1) -> City22(Day 2) -> City18(Day 4)"
49,15,239.0,225.0,0.0,2,0.0,true,"City16(Day 0) -> City18(Day 4)"
49,16,342.0,361.0,0.0,2,0.0,true,"City19(Day 1) -> City16(Day 3) -> City18(Day 4)"
49,17,169.0,64.0,0.0,2,0.0,true,"City22(Day 5)"
49,18,348.0,441.0,0.0,2,0.0,true,"City16(Day 0) -> City24(Day 3) -> City18(Day 4)"
49,19,423.0,576.0,0.0,2,0.0,true,"City16(Day 0) -> City14(Day 1) -> City18(Day 4)"
49,20,168.0,49.0,0.0,2,0.0,true,"City16(Day 1)"
49,21,543.0,676.0,0.0,2,0.0,true,"City14(Day 1) -> City4(Day 4) -> City18(Day 5)"
49,22,384.0,529.0,0.0,2,0.0,true,"City16(Day 0) -> City18(Day 4) -> City22(Day 5)"
49,23,310.0,256.0,0.0,2,0.0,true,"City18(Day 4) -> City22(Day 5)"
49,24,234.0,169.0,0.0,2,0.0,true,"City16(Day 0) -> City24(Day 3)"
49,25,386.0,529.0,0.0,3,0.0,true,"City16(Day 0) -> City22(Day 2) -> City18(Day 4)"
49,26,544.0,676.0,0.0,3,0.0,true,"City4(Day 1) -> City14(Day 2) -> City18(Day 3)"
49,27,190.0,64.0,0.0,3,0.0,true,"City18(Day 5)"
49,28,234.0,121.0,0.0,3,0.0,true,"City16(Day 1) -> City19(Day 3)"
49,29,361.0,441.0,0.0,3,0.0,true,"City16(Day 0) -> City18(Day 1) -> City24(Day 3)"
49,30,315.0,256.0,0.0,3,0.0,true,"City18(Day 2) -> City22(Day 5)"
49,31,181.0,16.0,0.0,3,0.0,true,"City19(Day 0)"
49,32,352.0,361.0,0.0,3,0.0,true,"City19(Day 2) -> City16(Day 3) -> City18(Day 4)"
49,33,484.0,625.0,0.0,3,0.0,true,"City4(Day 2) -> City22(Day 3) -> City18(Day 4)"
49,34,424.0,576.0,0.0,3,0.0,true,"City14(Day 1) -> City16(Day 3) -> City18(Day 4)"
49,35,258.0,225.0,0.0,3,0.0,true,"City16(Day 1) -> City18(Day 5)"
49,36,343.0,289.0,0.0,3,0.0,true,"City14(Day 1) -> City18(Day 4)"
49,37,551.0,676.0,0.0,4,0.0,true,"City4(Day 2) -> City14(Day 4) -> City18(Day 5)"
49,38,215.0,64.0,0.0,4,0.0,true,"City22(Day 1)"
49,39,236.0,121.0,0.0,4,0.0,true,"City16(Day 0) -> City19(Day 3)"
49,40,426.0,576.0,0.0,4,0.0,true,"City4(Day 2) -> City16(Day 3) -> City18(Day 5)"
49,41,260.0,225.0,0.0,4,0.0,true,"City16(Day 0) -> City18(Day 5)"
49,42,355.0,289.0,0.0,4,0.0,true,"City16(Day 1) -> City19(Day 2) -> City24(Day 3)"
49,43,192.0,36.0,0.0,4,0.0,true,"City24(Day 3)"
49,44,363.0,441.0,0.0,4,0.0,true,"City16(Day 1) -> City24(Day 3) -> City22(Day 5)"
49,45,188.0,16.0,0.0,4,0.0,true,"City19(Day 6)"
49,46,388.0,529.0,0.0,4,0.0,true,"City16(Day 0) -> City18(Day 1) -> City22(Day 5)"
49,47,360.0,361.0,0.0,4,0.0,true,"City16(Day 1) -> City18(Day 2) -> City19(Day 3)"
49,48,197.0,49.0,0.0,4,0.0,true,"City16(Day 4)"
49,49,320.0,256.0,0.0,4,0.0,true,"City22(Day 2) -> City18(Day 4)"
49,50,486.0,625.0,0.0,4,0.0,true,"City4(Day 2) -> City18(Day 3) -> City22(Day 5)"
49,51,269.0,169.0,0.0,5,0.0,true,"City16(Day 2) -> City24(Day 3)"
49,52,268.0,144.0,0.0,5,0.0,true,"City19(Day 3) -> City18(Day 4)"
49,53,488.0,625.0,0.0,5,0.0,true,"City14(Day 1) -> City18(Day 4) -> City22(Day 5)"
49,54,356.0,289.0,0.0,5,0.0,true,"City14(Day 1) -> City18(Day 3)"
49,55,435.0,576.0,0.0,5,0.0,true,"City18(Day 4) -> City14(Day 5) -> City16(Day 6)"
49,56,362.0,361.0,0.0,5,0.0,true,"City19(Day 0) -> City16(Day 3) -> City18(Day 5)"
49,57,392.0,529.0,0.0,5,0.0,true,"City16(Day 1) -> City18(Day 2) -> City22(Day 5)"
49,58,365.0,441.0,0.0,5,0.0,true,"City16(Day 0) -> City24(Day 3) -> City22(Day 5)"
49,59,274.0,225.0,0.0,5,0.0,true,"City16(Day 2) -> City18(Day 4)"
49,60,200.0,49.0,0.0,5,0.0,true,"City16(Day 0)"
49,61,564.0,676.0,0.0,5,0.0,true,"City4(Day 1) -> City14(Day 4) -> City18(Day 5)"
49,62,224.0,64.0,0.0,5,0.0,true,"City22(Day 6)"
49,63,362.0,361.0,0.0,5,0.0,true,"City16(Day 0) -> City18(Day 2) -> City19(Day 3)"
49,64,194.0,36.0,0.0,5,0.0,true,"City24(Day 1)"
49,65,322.0,256.0,0.0,5,0.0,true,"City14(Day 4) -> City16(Day 6)"
49,66,257.0,121.0,0.0,5,0.0,true,"City16(Day 1) -> City19(Day 6)"
49,67,365.0,441.0,0.0,5,0.0,true,"City16(Day 1) -> City18(Day 2) -> City24(Day 3)"
49,68,257.0,121.0,0.0,5,0.0,true,"City19(Day 3) -> City16(Day 6)"
49,69,322.0,256.0,0.0,5,0.0,true,"City14(Day 1) -> City16(Day 6)"
49,70,253.0,81.0,0.0,5,0.0,true,"City4(Day 2)"
49,71,230.0,64.0,0.0,6,0.0,true,"City18(Day 1)"
49,72,204.0,36.0,0.0,6,0.0,true,"City24(Day 6)"
49,73,411.0,529.0,0.0,6,0.0,true,"City16(Day 0) -> City18(Day 3) -> City22(Day 5)"
49,74,569.0,676.0,0.0,6,0.0,true,"City4(Day 1) -> City18(Day 3) -> City14(Day 5)"
49,75,298.0,169.0,0.0,6,0.0,true,"City16(Day 1) -> City24(Day 6)"
50,1,341.0,361.0,0.0,1,0.0,true,"City19(Day 0) -> City16(Day 3) -> City18(Day 4)"
50,2,382.0,529.0,0.0,1,0.0,true,"City16(Day 1) -> City18(Day 4) -> City22(Day 5)"
50,3,232.0,169.0,0.0,1,0.0,true,"City16(Day 1) -> City24(Day 3)"
50,4,309.0,256.0,0.0,1,0.0,true,"City22(Day 3) -> City18(Day 4)"
50,5,346.0,441.0,0.0,1,0.0,true,"City16(Day 1) -> City24(Day 3) -> City18(Day 4)"
50,6,405.0,576.0,0.0,1,0.0,true,"City4(Day 2) -> City16(Day 3) -> City18(Day 4)"
50,7,136.0,16.0,0.0,1,0.0,true,"City19(Day 3)"
50,8,154.0,49.0,0.0,1,0.0,true,"City16(Day 6)"
50,9,165.0,64.0,0.0,1,0.0,true,"City18(Day 4)"
50,10,459.0,625.0,0.0,1,0.0,true,"City14(Day 1) -> City22(Day 2) -> City18(Day 4)"
50,11,532.0,676.0,0.0,1,0.0,true,"City4(Day 2) -> City14(Day 3) -> City18(Day 4)"
50,12,237.0,225.0,0.0,1,0.0,true,"City16(Day 1) -> City18(Day 4)"
50,13,168.0,49.0,0.0,2,0.0,true,"City16(Day 1)"
50,14,423.0,576.0,0.0,2,0.0,true,"City16(Day 0) -> City14(Day 1) -> City18(Day 4)"
50,15,169.0,64.0,0.0,2,0.0,true,"City22(Day 5)"
50,16,543.0,676.0,0.0,2,0.0,true,"City14(Day 1) -> City4(Day 4) -> City18(Day 5)"
50,17,384.0,529.0,0.0,2,0.0,true,"City16(Day 0) -> City18(Day 4) -> City22(Day 5)"
50,18,342.0,361.0,0.0,2,0.0,true,"City19(Day 1) -> City16(Day 3) -> City18(Day 4)"
50,19,476.0,625.0,0.0,2,0.0,true,"City14(Day 1) -> City22(Day 2) -> City18(Day 3)"
50,20,384.0,529.0,0.0,2,0.0,true,"City16(Day 1) -> City22(Day 2) -> City18(Day 4)"
50,21,310.0,256.0,0.0,2,0.0,true,"City18(Day 4) -> City22(Day 5)"
50,22,234.0,169.0,0.0,2,0.0,true,"City16(Day 0) -> City24(Day 3)"
50,23,239.0,225.0,0.0,2,0.0,true,"City16(Day 0) -> City18(Day 4)"
50,24,348.0,441.0,0.0,2,0.0,true,"City16(Day 0) -> City24(Day 3) -> City18(Day 4)"
50,25,181.0,16.0,0.0,3,0.0,true,"City19(Day 0)"
50,26,386.0,529.0,0.0,3,0.0,true,"City16(Day 0) -> City22(Day 2) -> City18(Day 4)"
50,27,234.0,121.0,0.0,3,0.0,true,"City16(Day 1) -> City19(Day 3)"
50,28,343.0,289.0,0.0,3,0.0,true,"City14(Day 1) -> City18(Day 4)"
50,29,544.0,676.0,0.0,3,0.0,true,"City4(Day 1) -> City14(Day 2) -> City18(Day 3)"
50,30,361.0,441.0,0.0,3,0.0,true,"City16(Day 0) -> City18(Day 1) -> City24(Day 3)"
50,31,352.0,361.0,0.0,3,0.0,true,"City19(Day 2) -> City16(Day 3) -> City18(Day 4)"
50,32,424.0,576.0,0.0,3,0.0,true,"City14(Day 1) -> City16(Day 3) -> City18(Day 4)"
50,33,190.0,64.0,0.0,3,0.0,true,"City18(Day 5)"
50,34,258.0,225.0,0.0,3,0.0,true,"City16(Day 1) -> City18(Day 5)"
50,35,315.0,256.0,0.0,3,0.0,true,"City18(Day 2) -> City22(Day 5)"
50,36,484.0,625.0,0.0,3,0.0,true,"City4(Day 2) -> City22(Day 3) -> City18(Day 4)"
50,37,215.0,64.0,0.0,4,0.0,true,"City22(Day 1)"
50,38,236.0,121.0,0.0,4,0.0,true,"City16(Day 0) -> City19(Day 3)"
50,39,197.0,49.0,0.0,4,0.0,true,"City16(Day 4)"
50,40,260.0,225.0,0.0,4,0.0,true,"City16(Day 0) -> City18(Day 5)"
50,41,320.0,256.0,0.0,4,0.0,true,"City22(Day 2) -> City18(Day 4)"
50,42,551.0,676.0,0.0,4,0.0,true,"City4(Day 2) -> City14(Day 4) -> City18(Day 5)"
50,43,363.0,441.0,0.0,4,0.0,true,"City16(Day 1) -> City24(Day 3) -> City22(Day 5)"
50,44,426.0,576.0,0.0,4,0.0,true,"City4(Day 2) -> City16(Day 3) -> City18(Day 5)"
50,45,355.0,289.0,0.0,4,0.0,true,"City16(Day 1) -> City19(Day 2) -> City24(Day 3)"
50,46,192.0,36.0,0.0,4,0.0,true,"City24(Day 3)"
50,47,486.0,625.0,0.0,4,0.0,true,"City4(Day 2) -> City18(Day 3) -> City22(Day 5)"
50,48,188.0,16.0,0.0,4,0.0,true,"City19(Day 6)"
50,49,388.0,529.0,0.0,4,0.0,true,"City16(Day 0) -> City18(Day 1) -> City22(Day 5)"
50,50,360.0,361.0,0.0,4,0.0,true,"City16(Day 1) -> City18(Day 2) -> City19(Day 3)"
50,51,392.0,529.0,0.0,5,0.0,true,"City16(Day 1) -> City18(Day 2) -> City22(Day 5)"
50,52,257.0,121.0,0.0,5,0.0,true,"City16(Day 1) -> City19(Day 6)"
50,53,322.0,256.0,0.0,5,0.0,true,"City14(Day 4) -> City16(Day 6)"
50,54,362.0,361.0,0.0,5,0.0,true,"City16(Day 0) -> City18(Day 2) -> City19(Day 3)"
50,55,356.0,289.0,0.0,5,0.0,true,"City14(Day 1) -> City18(Day 3)"
50,56,224.0,64.0,0.0,5,0.0,true,"City22(Day 6)"
50,57,488.0,625.0,0.0,5,0.0,true,"City14(Day 1) -> City18(Day 4) -> City22(Day 5)"
50,58,362.0,361.0,0.0,5,0.0,true,"City19(Day 0) -> City16(Day 3) -> City18(Day 5)"
50,59,322.0,256.0,0.0,5,0.0,true,"City14(Day 1) -> City16(Day 6)"
50,60,365.0,441.0,0.0,5,0.0,true,"City16(Day 0) -> City24(Day 3) -> City22(Day 5)"
50,61,200.0,49.0,0.0,5,0.0,true,"City16(Day 0)"
50,62,269.0,169.0,0.0,5,0.0,true,"City16(Day 2) -> City24(Day 3)"
50,63,564.0,676.0,0.0,5,0.0,true,"City4(Day 1) -> City14(Day 4) -> City18(Day 5)"
50,64,268.0,144.0,0.0,5,0.0,true,"City19(Day 3) -> City18(Day 4)"
50,65,271.0,225.0,0.0,5,0.0,true,"City16(Day 4) -> City18(Day 5)"
50,66,253.0,81.0,0.0,5,0.0,true,"City4(Day 2)"
50,67,365.0,441.0,0.0,5,0.0,true,"City16(Day 1) -> City18(Day 2) -> City24(Day 3)"
50,68,257.0,121.0,0.0,5,0.0,true,"City19(Day 3) -> City16(Day 6)"
50,69,194.0,36.0,0.0,5,0.0,true,"City24(Day 1)"
50,70,435.0,576.0,0.0,5,0.0,true,"City18(Day 4) -> City14(Day 5) -> City16(Day 6)"
50,71,569.0,676.0,0.0,6,0.0,true,"City4(Day 1) -> City18(Day 3) -> City14(Day 5)"
50,72,367.0,441.0,0.0,6,0.0,true,"City16(Day 0) -> City18(Day 2) -> City24(Day 3)"
50,73,449.0,576.0,0.0,6,0.0,true,"City16(Day 0) -> City14(Day 3) -> City18(Day 4)"
50,74,359.0,289.0,0.0,6,0.0,true,"City16(Day 0) -> City19(Day 1) -> City24(Day 3)"
50,75,230.0,64.0,0.0,6,0.0,true,"City18(Day 1)"
51,1,165.0,64.0,0.0,1,0.0,true,"City18(Day 4)"
51,2,154.0,49.0,0.0,1,0.0,true,"City16(Day 6)"
51,3,136.0,16.0,0.0,1,0.0,true,"City19(Day 3)"
51,4,309.0,256.0,0.0,1,0.0,true,"City22(Day 3) -> City18(Day 4)"
51,5,232.0,169.0,0.0,1,0.0,true,"City16(Day 1) -> City24(Day 3)"
51,6,237.0,225.0,0.0,1,0.0,true,"City16(Day 1) -> City18(Day 4)"
51,7,459.0,625.0,0.0,1,0.0,true,"City14(Day 1) -> City22(Day 2) -> City18(Day 4)"
51,8,532.0,676.0,0.0,1,0.0,true,"City4(Day 2) -> City14(Day 3) -> City18(Day 4)"
51,9,382.0,529.0,0.0,1,0.0,true,"City16(Day 1) -> City18(Day 4) -> City22(Day 5)"
51,10,346.0,441.0,0.0,1,0.0,true,"City16(Day 1) -> City24(Day 3) -> City18(Day 4)"
51,11,341.0,361.0,0.0,1,0.0,true,"City19(Day 0) -> City16(Day 3) -> City18(Day 4)"
51,12,405.0,576.0,0.0,1,0.0,true,"City4(Day 2) -> City16(Day 3) -> City18(Day 4)"
51,13,384.0,529.0,0.0,2,0.0,true,"City16(Day 0) -> City18(Day 4) -> City22(Day 5)"
51,14,310.0,256.0,0.0,2,0.0,true,"City18(Day 4) -> City22(Day 5)"
51,15,476.0,625.0,0.0,2,0.0,true,"City14(Day 1) -> City22(Day 2) -> City18(Day 3)"
51,16,342.0,361.0,0.0,2,0.0,true,"City19(Day 1) -> City16(Day 3) -> City18(Day 4)"
51,17,423.0,576.0,0.0,2,0.0,true,"City16(Day 0) -> City14(Day 1) -> City18(Day 4)"
51,18,348.0,441.0,0.0,2,0.0,true,"City16(Day 0) -> City24(Day 3) -> City18(Day 4)"
51,19,384.0,529.0,0.0,2,0.0,true,"City16(Day 1) -> City22(Day 2) -> City18(Day 4)"
51,20,168.0,49.0,0.0,2,0.0,true,"City16(Day 1)"
51,21,239.0,225.0,0.0,2,0.0,true,"City16(Day 0) -> City18(Day 4)"
51,22,543.0,676.0,0.0,2,0.0,true,"City14(Day 1) -> City4(Day 4) -> City18(Day 5)"
51,23,169.0,64.0,0.0,2,0.0,true,"City22(Day 5)"
51,24,234.0,169.0,0.0,2,0.0,true,"City16(Day 0) -> City24(Day 3)"
51,25,234.0,121.0,0.0,3,0.0,true,"City16(Day 1) -> City19(Day 3)"
51,26,258.0,225.0,0.0,3,0.0,true,"City16(Day 1) -> City18(Day 5)"
51,27,424.0,576.0,0.0,3,0.0,true,"City14(Day 1) -> City16(Day 3) -> City18(Day 4)"
51,28,343.0,289.0,0.0,3,0.0,true,"City14(Day 1) -> City18(Day 4)"
51,29,544.0,676.0,0.0,3,0.0,true,"City4(Day 1) -> City14(Day 2) -> City18(Day 3)"
51,30,361.0,441.0,0.0,3,0.0,true,"City16(Day 0) -> City18(Day 1) -> City24(Day 3)"
51,31,386.0,529.0,0.0,3,0.0,true,"City16(Day 0) -> City22(Day 2) -> City18(Day 4)"
51,32,315.0,256.0,0.0,3,0.0,true,"City18(Day 2) -> City22(Day 5)"
51,33,190.0,64.0,0.0,3,0.0,true,"City18(Day 5)"
51,34,181.0,16.0,0.0,3,0.0,true,"City19(Day 0)"
51,35,352.0,361.0,0.0,3,0.0,true,"City19(Day 2) -> City16(Day 3) -> City18(Day 4)"
51,36,484.0,625.0,0.0,3,0.0,true,"City4(Day 2) -> City22(Day 3) -> City18(Day 4)"
51,37,197.0,49.0,0.0,4,0.0,true,"City16(Day 4)"
51,38,360.0,361.0,0.0,4,0.0,true,"City16(Day 1) -> City18(Day 2) -> City19(Day 3)"
51,39,236.0,121.0,0.0,4,0.0,true,"City16(Day 0) -> City19(Day 3)"
51,40,355.0,289.0,0.0,4,0.0,true,"City16(Day 1) -> City19(Day 2) -> City24(Day 3)"
51,41,551.0,676.0,0.0,4,0.0,true,"City4(Day 2) -> City14(Day 4) -> City18(Day 5)"
51,42,486.0,625.0,0.0,4,0.0,true,"City4(Day 2) -> City18(Day 3) -> City22(Day 5)"
51,43,260.0,225.0,0.0,4,0.0,true,"City16(Day 0) -> City18(Day 5)"
51,44,192.0,36.0,0.0,4,0.0,true,"City24(Day 3)"
51,45,215.0,64.0,0.0,4,0.0,true,"City22(Day 1)"
51,46,388.0,529.0,0.0,4,0.0,true,"City16(Day 0) -> City18(Day 1) -> City22(Day 5)"
51,47,426.0,576.0,0.0,4,0.0,true,"City4(Day 2) -> City16(Day 3) -> City18(Day 5)"
51,48,363.0,441.0,0.0,4,0.0,true,"City16(Day 1) -> City24(Day 3) -> City22(Day 5)"
51,49,188.0,16.0,0.0,4,0.0,true,"City19(Day 6)"
51,50,320.0,256.0,0.0,4,0.0,true,"City22(Day 2) -> City18(Day 4)"
51,51,392.0,529.0,0.0,5,0.0,true,"City16(Day 1) -> City18(Day 2) -> City22(Day 5)"
51,52,253.0,81.0,0.0,5,0.0,true,"City4(Day 2)"
51,53,322.0,256.0,0.0,5,0.0,true,"City14(Day 1) -> City16(Day 6)"
51,54,365.0,441.0,0.0,5,0.0,true,"City16(Day 1) -> City18(Day 2) -> City24(Day 3)"
51,55,356.0,289.0,0.0,5,0.0,true,"City14(Day 1) -> City18(Day 3)"
51,56,257.0,121.0,0.0,5,0.0,true,"City19(Day 3) -> City16(Day 6)"
51,57,224.0,64.0,0.0,5,0.0,true,"City22(Day 6)"
51,58,365.0,441.0,0.0,5,0.0,true,"City16(Day 0) -> City24(Day 3) -> City22(Day 5)"
51,59,362.0,361.0,0.0,5,0.0,true,"City16(Day 0) -> City18(Day 2) -> City19(Day 3)"
51,60,488.0,625.0,0.0,5,0.0,true,"City14(Day 1) -> City18(Day 4) -> City22(Day 5)"
51,61,271.0,225.0,0.0,5,0.0,true,"City16(Day 4) -> City18(Day 5)"
51,62,268.0,144.0,0.0,5,0.0,true,"City19(Day 3) -> City18(Day 4)"
51,63,435.0,576.0,0.0,5,0.0,true,"City18(Day 4) -> City14(Day 5) -> City16(Day 6)"
51,64,564.0,676.0,0.0,5,0.0,true,"City4(Day 1) -> City14(Day 4) -> City18(Day 5)"
51,65,269.0,169.0,0.0,5,0.0,true,"City16(Day 2) -> City24(Day 3)"
51,66,362.0,361.0,0.0,5,0.0,true,"City19(Day 0) -> City16(Day 3) -> City18(Day 5)"
51,67,322.0,256.0,0.0,5,0.0,true,"City14(Day 4) -> City16(Day 6)"
51,68,200.0,49.0,0.0,5,0.0,true,"City16(Day 0)"
51,69,194.0,36.0,0.0,5,0.0,true,"City24(Day 1)"
51,70,257.0,121.0,0.0,5,0.0,true,"City16(Day 1) -> City19(Day 6)"
51,71,569.0,676.0,0.0,6,0.0,true,"City4(Day 1) -> City18(Day 3) -> City14(Day 5)"
51,72,219.0,49.0,0.0,6,0.0,true,"City15(Day 1)"
51,73,529.0,625.0,0.0,6,0.0,true,"City4(Day 1) -> City22(Day 2) -> City18(Day 4)"
51,74,303.0,225.0,0.0,6,0.0,true,"City16(Day 3) -> City18(Day 4)"
51,75,440.0,576.0,0.0,6,0.0,true,"City16(Day 0) -> City14(Day 1) -> City18(Day 5)"
52,1,154.0,49.0,0.0,1,0.0,true,"City16(Day 6)"
52,2,382.0,529.0,0.0,1,0.0,true,"City16(Day 1) -> City18(Day 4) -> City22(Day 5)"
52,3,136.0,16.0,0.0,1,0.0,true,"City19(Day 3)"
52,4,309.0,256.0,0.0,1,0.0,true,"City22(Day 3) -> City18(Day 4)"
52,5,165.0,64.0,0.0,1,0.0,true,"City18(Day 4)"
52,6,405.0,576.0,0.0,1,0.0,true,"City4(Day 2) -> City16(Day 3) -> City18(Day 4)"
52,7,532.0,676.0,0.0,1,0.0,true,"City4(Day 2) -> City14(Day 3) -> City18(Day 4)"
52,8,459.0,625.0,0.0,1,0.0,true,"City14(Day 1) -> City22(Day 2) -> City18(Day 4)"
52,9,341.0,361.0,0.0,1,0.0,true,"City19(Day 0) -> City16(Day 3) -> City18(Day 4)"
52,10,232.0,169.0,0.0,1,0.0,true,"City16(Day 1) -> City24(Day 3)"
52,11,237.0,225.0,0.0,1,0.0,true,"City16(Day 1) -> City18(Day 4)"
52,12,346.0,441.0,0.0,1,0.0,true,"City16(Day 1) -> City24(Day 3) -> City18(Day 4)"
52,13,384.0,529.0,0.0,2,0.0,true,"City16(Day 1) -> City22(Day 2) -> City18(Day 4)"
52,14,342.0,361.0,0.0,2,0.0,true,"City19(Day 1) -> City16(Day 3) -> City18(Day 4)"
52,15,384.0,529.0,0.0,2,0.0,true,"City16(Day 0) -> City18(Day 4) -> City22(Day 5)"
52,16,476.0,625.0,0.0,2,0.0,true,"City14(Day 1) -> City22(Day 2) -> City18(Day 3)"
52,17,239.0,225.0,0.0,2,0.0,true,"City16(Day 0) -> City18(Day 4)"
52,18,169.0,64.0,0.0,2,0.0,true,"City22(Day 5)"
52,19,310.0,256.0,0.0,2,0.0,true,"City18(Day 4) -> City22(Day 5)"
52,20,543.0,676.0,0.0,2,0.0,true,"City14(Day 1) -> City4(Day 4) -> City18(Day 5)"
52,21,423.0,576.0,0.0,2,0.0,true,"City16(Day 0) -> City14(Day 1) -> City18(Day 4)"
52,22,348.0,441.0,0.0,2,0.0,true,"City16(Day 0) -> City24(Day 3) -> City18(Day 4)"
52,23,168.0,49.0,0.0,2,0.0,true,"City16(Day 1)"
52,24,234.0,169.0,0.0,2,0.0,true,"City16(Day 0) -> City24(Day 3)"
52,25,424.0,576.0,0.0,3,0.0,true,"City14(Day 1) -> City16(Day 3) -> City18(Day 4)"
52,26,484.0,625.0,0.0,3,0.0,true,"City4(Day 2) -> City22(Day 3) -> City18(Day 4)"
52,27,544.0,676.0,0.0,3,0.0,true,"City4(Day 1) -> City14(Day 2) -> City18(Day 3)"
52,28,190.0,64.0,0.0,3,0.0,true,"City18(Day 5)"
52,29,315.0,256.0,0.0,3,0.0,true,"City18(Day 2) -> City22(Day 5)"
52,30,352.0,361.0,0.0,3,0.0,true,"City19(Day 2) -> City16(Day 3) -> City18(Day 4)"
52,31,258.0,225.0,0.0,3,0.0,true,"City16(Day 1) -> City18(Day 5)"
52,32,361.0,441.0,0.0,3,0.0,true,"City16(Day 0) -> City18(Day 1) -> City24(Day 3)"
52,33,343.0,289.0,0.0,3,0.0,true,"City14(Day 1) -> City18(Day 4)"
52,34,181.0,16.0,0.0,3,0.0,true,"City19(Day 0)"
52,35,234.0,121.0,0.0,3,0.0,true,"City16(Day 1) -> City19(Day 3)"
52,36,386.0,529.0,0.0,3,0.0,true,"City16(Day 0) -> City22(Day 2) -> City18(Day 4)"
52,37,360.0,361.0,0.0,4,0.0,true,"City16(Day 1) -> City18(Day 2) -> City19(Day 3)"
52,38,192.0,36.0,0.0,4,0.0,true,"City24(Day 3)"
52,39,486.0,625.0,0.0,4,0.0,true,"City4(Day 2) -> City18(Day 3) -> City22(Day 5)"
52,40,260.0,225.0,0.0,4,0.0,true,"City16(Day 0) -> City18(Day 5)"
52,41,551.0,676.0,0.0,4,0.0,true,"City4(Day 2) -> City14(Day 4) -> City18(Day 5)"
52,42,355.0,289.0,0.0,4,0.0,true,"City16(Day 1) -> City19(Day 2) -> City24(Day 3)"
52,43,215.0,64.0,0.0,4,0.0,true,"City22(Day 1)"
52,44,388.0,529.0,0.0,4,0.0,true,"City16(Day 0) -> City18(Day 1) -> City22(Day 5)"
52,45,197.0,49.0,0.0,4,0.0,true,"City16(Day 4)"
52,46,363.0,441.0,0.0,4,0.0,true,"City16(Day 1) -> City24(Day 3) -> City22(Day 5)"
52,47,188.0,16.0,0.0,4,0.0,true,"City19(Day 6)"
52,48,320.0,256.0,0.0,4,0.0,true,"City22(Day 2) -> City18(Day 4)"
52,49,236.0,121.0,0.0,4,0.0,true,"City16(Day 0) -> City19(Day 3)"
52,50,426.0,576.0,0.0,4,0.0,true,"City4(Day 2) -> City16(Day 3) -> City18(Day 5)"
52,51,362.0,361.0,0.0,5,0.0,true,"City19(Day 0) -> City16(Day 3) -> City18(Day 5)"
52,52,224.0,64.0,0.0,5,0.0,true,"City22(Day 6)"
52,53,257.0,121.0,0.0,5,0.0,true,"City16(Day 1) -> City19(Day 6)"
52,54,194.0,36.0,0.0,5,0.0,true,"City24(Day 1)"
52,55,322.0,256.0,0.0,5,0.0,true,"City14(Day 1) -> City16(Day 6)"
52,56,392.0,529.0,0.0,5,0.0,true,"City16(Day 1) -> City18(Day 2) -> City22(Day 5)"
52,57,269.0,169.0,0.0,5,0.0,true,"City16(Day 2) -> City24(Day 3)"
52,58,362.0,361.0,0.0,5,0.0,true,"City16(Day 0) -> City18(Day 2) -> City19(Day 3)"
52,59,435.0,576.0,0.0,5,0.0,true,"City18(Day 4) -> City14(Day 5) -> City16(Day 6)"
52,60,356.0,289.0,0.0,5,0.0,true,"City14(Day 1) -> City18(Day 3)"
52,61,564.0,676.0,0.0,5,0.0,true,"City4(Day 1) -> City14(Day 4) -> City18(Day 5)"
52,62,200.0,49.0,0.0,5,0.0,true,"City16(Day 0)"
52,63,365.0,441.0,0.0,5,0.0,true,"City16(Day 1) -> City18(Day 2) -> City24(Day 3)"
52,64,322.0,256.0,0.0,5,0.0,true,"City14(Day 4) -> City16(Day 6)"
52,65,488.0,625.0,0.0,5,0.0,true,"City14(Day 1) -> City18(Day 4) -> City22(Day 5)"
52,66,253.0,81.0,0.0,5,0.0,true,"City4(Day 2)"
52,67,257.0,121.0,0.0,5,0.0,true,"City19(Day 3) -> City16(Day 6)"
52,68,268.0,144.0,0.0,5,0.0,true,"City19(Day 3) -> City18(Day 4)"
52,69,271.0,225.0,0.0,5,0.0,true,"City16(Day 4) -> City18(Day 5)"
52,70,365.0,441.0,0.0,5,0.0,true,"City16(Day 0) -> City24(Day 3) -> City22(Day 5)"
52,71,569.0,676.0,0.0,6,0.0,true,"City4(Day 1) -> City18(Day 3) -> City14(Day 5)"
52,72,370.0,361.0,0.0,6,0.0,true,"City16(Day 1) -> City19(Day 2) -> City18(Day 4)"
52,73,234.0,64.0,0.0,6,0.0,true,"City18(Day 0)"
52,74,379.0,441.0,0.0,6,0.0,true,"City16(Day 0) -> City18(Day 1) -> City24(Day 6)"
52,75,360.0,289.0,0.0,6,0.0,true,"City14(Day 1) -> City18(Day 5)"
53,1,154.0,49.0,0.0,1,0.0,true,"City16(Day 6)"
53,2,346.0,441.0,0.0,1,0.0,true,"City16(Day 1) -> City24(Day 3) -> City18(Day 4)"
53,3,382.0,529.0,0.0,1,0.0,true,"City16(Day 1) -> City18(Day 4) -> City22(Day 5)"
53,4,232.0,169.0,0.0,1,0.0,true,"City16(Day 1) -> City24(Day 3)"
53,5,309.0,256.0,0.0,1,0.0,true,"City22(Day 3) -> City18(Day 4)"
53,6,165.0,64.0,0.0,1,0.0,true,"City18(Day 4)"
53,7,532.0,676.0,0.0,1,0.0,true,"City4(Day 2) -> City14(Day 3) -> City18(Day 4)"
53,8,405.0,576.0,0.0,1,0.0,true,"City4(Day 2) -> City16(Day 3) -> City18(Day 4)"
53,9,136.0,16.0,0.0,1,0.0,true,"City19(Day 3)"
53,10,459.0,625.0,0.0,1,0.0,true,"City14(Day 1) -> City22(Day 2) -> City18(Day 4)"
53,11,237.0,225.0,0.0,1,0.0,true,"City16(Day 1) -> City18(Day 4)"
53,12,341.0,361.0,0.0,1,0.0,true,"City19(Day 0) -> City16(Day 3) -> City18(Day 4)"
53,13,543.0,676.0,0.0,2,0.0,true,"City14(Day 1) -> City4(Day 4) -> City18(Day 5)"
53,14,239.0,225.0,0.0,2,0.0,true,"City16(Day 0) -> City18(Day 4)"
53,15,310.0,256.0,0.0,2,0.0,true,"City18(Day 4) -> City22(Day 5)"
53,16,423.0,576.0,0.0,2,0.0,true,"City16(Day 0) -> City14(Day 1) -> City18(Day 4)"
53,17,169.0,64.0,0.0,2,0.0,true,"City22(Day 5)"
53,18,384.0,529.0,0.0,2,0.0,true,"City16(Day 1) -> City22(Day 2) -> City18(Day 4)"
53,19,342.0,361.0,0.0,2,0.0,true,"City19(Day 1) -> City16(Day 3) -> City18(Day 4)"
53,20,234.0,169.0,0.0,2,0.0,true,"City16(Day 0) -> City24(Day 3)"
53,21,348.0,441.0,0.0,2,0.0,true,"City16(Day 0) -> City24(Day 3) -> City18(Day 4)"
53,22,168.0,49.0,0.0,2,0.0,true,"City16(Day 1)"
53,23,384.0,529.0,0.0,2,0.0,true,"City16(Day 0) -> City18(Day 4) -> City22(Day 5)"
53,24,476.0,625.0,0.0,2,0.0,true,"City14(Day 1) -> City22(Day 2) -> City18(Day 3)"
53,25,234.0,121.0,0.0,3,0.0,true,"City16(Day 1) -> City19(Day 3)"
53,26,258.0,225.0,0.0,3,0.0,true,"City16(Day 1) -> City18(Day 5)"
53,27,361.0,441.0,0.0,3,0.0,true,"City16(Day 0) -> City18(Day 1) -> City24(Day 3)"
53,28,190.0,64.0,0.0,3,0.0,true,"City18(Day 5)"
53,29,386.0,529.0,0.0,3,0.0,true,"City16(Day 0) -> City22(Day 2) -> City18(Day 4)"
53,30,484.0,625.0,0.0,3,0.0,true,"City4(Day 2) -> City22(Day 3) -> City18(Day 4)"
53,31,352.0,361.0,0.0,3,0.0,true,"City19(Day 2) -> City16(Day 3) -> City18(Day 4)"
53,32,181.0,16.0,0.0,3,0.0,true,"City19(Day 0)"
53,33,343.0,289.0,0.0,3,0.0,true,"City14(Day 1) -> City18(Day 4)"
53,34,424.0,576.0,0.0,3,0.0,true,"City14(Day 1) -> City16(Day 3) -> City18(Day 4)"
53,35,315.0,256.0,0.0,3,0.0,true,"City18(Day 2) -> City22(Day 5)"
53,36,544.0,676.0,0.0,3,0.0,true,"City4(Day 1) -> City14(Day 2) -> City18(Day 3)"
53,37,188.0,16.0,0.0,4,0.0,true,"City19(Day 6)"
53,38,236.0,121.0,0.0,4,0.0,true,"City16(Day 0) -> City19(Day 3)"
53,39,388.0,529.0,0.0,4,0.0,true,"City16(Day 0) -> City18(Day 1) -> City22(Day 5)"
53,40,320.0,256.0,0.0,4,0.0,true,"City22(Day 2) -> City18(Day 4)"
53,41,355.0,289.0,0.0,4,0.0,true,"City16(Day 1) -> City19(Day 2) -> City24(Day 3)"
53,42,192.0,36.0,0.0,4,0.0,true,"City24(Day 3)"
53,43,360.0,361.0,0.0,4,0.0,true,"City16(Day 1) -> City18(Day 2) -> City19(Day 3)"
53,44,260.0,225.0,0.0,4,0.0,true,"City16(Day 0) -> City18(Day 5)"
53,45,215.0,64.0,0.0,4,0.0,true,"City22(Day 1)"
53,46,551.0,676.0,0.0,4,0.0,true,"City4(Day 2) -> City14(Day 4) -> City18(Day 5)"
53,47,363.0,441.0,0.0,4,0.0,true,"City16(Day 1) -> City24(Day 3) -> City22(Day 5)"
53,48,197.0,49.0,0.0,4,0.0,true,"City16(Day 4)"
53,49,426.0,576.0,0.0,4,0.0,true,"City4(Day 2) -> City16(Day 3) -> City18(Day 5)"
53,50,486.0,625.0,0.0,4,0.0,true,"City4(Day 2) -> City18(Day 3) -> City22(Day 5)"
53,51,268.0,144.0,0.0,5,0.0,true,"City19(Day 3) -> City18(Day 4)"
53,52,257.0,121.0,0.0,5,0.0,true,"City19(Day 3) -> City16(Day 6)"
53,53,365.0,441.0,0.0,5,0.0,true,"City16(Day 0) -> City24(Day 3) -> City22(Day 5)"
53,54,194.0,36.0,0.0,5,0.0,true,"City24(Day 1)"
53,55,435.0,576.0,0.0,5,0.0,true,"City18(Day 4) -> City14(Day 5) -> City16(Day 6)"
53,56,200.0,49.0,0.0,5,0.0,true,"City16(Day 0)"
53,57,488.0,625.0,0.0,5,0.0,true,"City14(Day 1) -> City18(Day 4) -> City22(Day 5)"
53,58,564.0,676.0,0.0,5,0.0,true,"City4(Day 1) -> City14(Day 4) -> City18(Day 5)"
53,59,257.0,121.0,0.0,5,0.0,true,"City16(Day 1) -> City19(Day 6)"
53,60,362.0,361.0,0.0,5,0.0,true,"City19(Day 0) -> City16(Day 3) -> City18(Day 5)"
53,61,322.0,256.0,0.0,5,0.0,true,"City14(Day 4) -> City16(Day 6)"
53,62,271.0,225.0,0.0,5,0.0,true,"City16(Day 4) -> City18(Day 5)"
53,63,392.0,529.0,0.0,5,0.0,true,"City16(Day 1) -> City18(Day 2) -> City22(Day 5)"
53,64,356.0,289.0,0.0,5,0.0,true,"City14(Day 1) -> City18(Day 3)"
53,65,322.0,256.0,0.0,5,0.0,true,"City14(Day 1) -> City16(Day 6)"
53,66,362.0,361.0,0.0,5,0.0,true,"City16(Day 0) -> City18(Day 2) -> City19(Day 3)"
53,67,253.0,81.0,0.0,5,0.0,true,"City4(Day 2)"
53,68,224.0,64.0,0.0,5,0.0,true,"City22(Day 6)"
53,69,269.0,169.0,0.0,5,0.0,true,"City16(Day 2) -> City24(Day 3)"
53,70,365.0,441.0,0.0,5,0.0,true,"City16(Day 1) -> City18(Day 2) -> City24(Day 3)"
53,71,379.0,441.0,0.0,6,0.0,true,"City16(Day 0) -> City18(Day 1) -> City24(Day 6)"
53,72,510.0,625.0,0.0,6,0.0,true,"City14(Day 1) -> City18(Day 4) -> City22(Day 6)"
53,73,370.0,361.0,0.0,6,0.0,true,"City16(Day 1) -> City19(Day 2) -> City18(Day 4)"
53,74,404.0,529.0,0.0,6,0.0,true,"City16(Day 1) -> City18(Day 4) -> City22(Day 6)"
53,75,569.0,676.0,0.0,6,0.0,true,"City4(Day 1) -> City18(Day 3) -> City14(Day 5)"
54,1,382.0,529.0,0.0,1,0.0,true,"City16(Day 1) -> City18(Day 4) -> City22(Day 5)"
54,2,346.0,441.0,0.0,1,0.0,true,"City16(Day 1) -> City24(Day 3) -> City18(Day 4)"
54,3,237.0,225.0,0.0,1,0.0,true,"City16(Day 1) -> City18(Day 4)"
54,4,154.0,49.0,0.0,1,0.0,true,"City16(Day 6)"
54,5,532.0,676.0,0.0,1,0.0,true,"City4(Day 2) -> City14(Day 3) -> City18(Day 4)"
54,6,341.0,361.0,0.0,1,0.0,true,"City19(Day 0) -> City16(Day 3) -> City18(Day 4)"
54,7,459.0,625.0,0.0,1,0.0,true,"City14(Day 1) -> City22(Day 2) -> City18(Day 4)"
54,8,165.0,64.0,0.0,1,0.0,true,"City18(Day 4)"
54,9,232.0,169.0,0.0,1,0.0,true,"City16(Day 1) -> City24(Day 3)"
54,10,136.0,16.0,0.0,1,0.0,true,"City19(Day 3)"
54,11,309.0,256.0,0.0,1,0.0,true,"City22(Day 3) -> City18(Day 4)"
54,12,405.0,576.0,0.0,1,0.0,true,"City4(Day 2) -> City16(Day 3) -> City18(Day 4)"
54,13,310.0,256.0,0.0,2,0.0,true,"City18(Day 4) -> City22(Day 5)"
54,14,476.0,625.0,0.0,2,0.0,true,"City14(Day 1) -> City22(Day 2) -> City18(Day 3)"
54,15,423.0,576.0,0.0,2,0.0,true,"City16(Day 0) -> City14(Day 1) -> City18(Day 4)"
54,16,169.0,64.0,0.0,2,0.0,true,"City22(Day 5)"
54,17,384.0,529.0,0.0,2,0.0,true,"City16(Day 1) -> City22(Day 2) -> City18(Day 4)"
54,18,543.0,676.0,0.0,2,0.0,true,"City14(Day 1) -> City4(Day 4) -> City18(Day 5)"
54,19,168.0,49.0,0.0,2,0.0,true,"City16(Day 1)"
54,20,234.0,169.0,0.0,2,0.0,true,"City16(Day 0) -> City24(Day 3)"
54,21,348.0,441.0,0.0,2,0.0,true,"City16(Day 0) -> City24(Day 3) -> City18(Day 4)"
54,22,239.0,225.0,0.0,2,0.0,true,"City16(Day 0) -> City18(Day 4)"
54,23,384.0,529.0,0.0,2,0.0,true,"City16(Day 0) -> City18(Day 4) -> City22(Day 5)"
54,24,342.0,361.0,0.0,2,0.0,true,"City19(Day 1) -> City16(Day 3) -> City18(Day 4)"
54,25,234.0,121.0,0.0,3,0.0,true,"City16(Day 1) -> City19(Day 3)"
54,26,361.0,441.0,0.0,3,0.0,true,"City16(Day 0) -> City18(Day 1) -> City24(Day 3)"
54,27,352.0,361.0,0.0,3,0.0,true,"City19(Day 2) -> City16(Day 3) -> City18(Day 4)"
54,28,181.0,16.0,0.0,3,0.0,true,"City19(Day 0)"
54,29,386.0,529.0,0.0,3,0.0,true,"City16(Day 0) -> City22(Day 2) -> City18(Day 4)"
54,30,544.0,676.0,0.0,3,0.0,true,"City4(Day 1) -> City14(Day 2) -> City18(Day 3)"
54,31,315.0,256.0,0.0,3,0.0,true,"City18(Day 2) -> City22(Day 5)"
54,32,343.0,289.0,0.0,3,0.0,true,"City14(Day 1) -> City18(Day 4)"
54,33,190.0,64.0,0.0,3,0.0,true,"City18(Day 5)"
54,34,424.0,576.0,0.0,3,0.0,true,"City14(Day 1) -> City16(Day 3) -> City18(Day 4)"
54,35,484.0,625.0,0.0,3,0.0,true,"City4(Day 2) -> City22(Day 3) -> City18(Day 4)"
54,36,258.0,225.0,0.0,3,0.0,true,"City16(Day 1) -> City18(Day 5)"
54,37,360.0,361.0,0.0,4,0.0,true,"City16(Day 1) -> City18(Day 2) -> City19(Day 3)"
54,38,215.0,64.0,0.0,4,0.0,true,"City22(Day 1)"
54,39,355.0,289.0,0.0,4,0.0,true,"City16(Day 1) -> City19(Day 2) -> City24(Day 3)"
54,40,551.0,676.0,0.0,4,0.0,true,"City4(Day 2) -> City14(Day 4) -> City18(Day 5)"
54,41,486.0,625.0,0.0,4,0.0,true,"City4(Day 2) -> City18(Day 3) -> City22(Day 5)"
54,42,197.0,49.0,0.0,4,0.0,true,"City16(Day 4)"
54,43,426.0,576.0,0.0,4,0.0,true,"City4(Day 2) -> City16(Day 3) -> City18(Day 5)"
54,44,192.0,36.0,0.0,4,0.0,true,"City24(Day 3)"
54,45,363.0,441.0,0.0,4,0.0,true,"City16(Day 1) -> City24(Day 3) -> City22(Day 5)"
54,46,236.0,121.0,0.0,4,0.0,true,"City16(Day 0) -> City19(Day 3)"
54,47,320.0,256.0,0.0,4,0.0,true,"City22(Day 2) -> City18(Day 4)"
54,48,260.0,225.0,0.0,4,0.0,true,"City16(Day 0) -> City18(Day 5)"
54,49,388.0,529.0,0.0,4,0.0,true,"City16(Day 0) -> City18(Day 1) -> City22(Day 5)"
54,50,188.0,16.0,0.0,4,0.0,true,"City19(Day 6)"
54,51,365.0,441.0,0.0,5,0.0,true,"City16(Day 0) -> City24(Day 3) -> City22(Day 5)"
54,52,271.0,225.0,0.0,5,0.0,true,"City16(Day 4) -> City18(Day 5)"
54,53,564.0,676.0,0.0,5,0.0,true,"City4(Day 1) -> City14(Day 4) -> City18(Day 5)"
54,54,257.0,121.0,0.0,5,0.0,true,"City16(Day 1) -> City19(Day 6)"
54,55,392.0,529.0,0.0,5,0.0,true,"City16(Day 1) -> City18(Day 2) -> City22(Day 5)"
54,56,322.0,256.0,0.0,5,0.0,true,"City14(Day 1) -> City16(Day 6)"
54,57,224.0,64.0,0.0,5,0.0,true,"City22(Day 6)"
54,58,194.0,36.0,0.0,5,0.0,true,"City24(Day 1)"
54,59,435.0,576.0,0.0,5,0.0,true,"City18(Day 4) -> City14(Day 5) -> City16(Day 6)"
54,60,365.0,441.0,0.0,5,0.0,true,"City16(Day 1) -> City18(Day 2) -> City24(Day 3)"
54,61,362.0,361.0,0.0,5,0.0,true,"City19(Day 0) -> City16(Day 3) -> City18(Day 5)"
54,62,362.0,361.0,0.0,5,0.0,true,"City16(Day 0) -> City18(Day 2) -> City19(Day 3)"
54,63,488.0,625.0,0.0,5,0.0,true,"City14(Day 1) -> City18(Day 4) -> City22(Day 5)"
54,64,268.0,144.0,0.0,5,0.0,true,"City19(Day 3) -> City18(Day 4)"
54,65,257.0,121.0,0.0,5,0.0,true,"City19(Day 3) -> City16(Day 6)"
54,66,200.0,49.0,0.0,5,0.0,true,"City16(Day 0)"
54,67,269.0,169.0,0.0,5,0.0,true,"City16(Day 2) -> City24(Day 3)"
54,68,253.0,81.0,0.0,5,0.0,true,"City4(Day 2)"
54,69,356.0,289.0,0.0,5,0.0,true,"City14(Day 1) -> City18(Day 3)"
54,70,322.0,256.0,0.0,5,0.0,true,"City14(Day 4) -> City16(Day 6)"
54,71,270.0,121.0,0.0,6,0.0,true,"City16(Day 4) -> City19(Day 6)"
54,72,510.0,625.0,0.0,6,0.0,true,"City14(Day 1) -> City18(Day 4) -> City22(Day 6)"
54,73,232.0,49.0,0.0,6,0.0,true,"City16(Day 2)"
54,74,340.0,256.0,0.0,6,0.0,true,"City4(Day 2) -> City16(Day 5)"
54,75,569.0,676.0,0.0,6,0.0,true,"City4(Day 1) -> City18(Day 3) -> City14(Day 5)"
55,1,136.0,16.0,0.0,1,0.0,true,"City19(Day 3)"
55,2,309.0,256.0,0.0,1,0.0,true,"City22(Day 3) -> City18(Day 4)"
55,3,405.0,576.0,0.0,1,0.0,true,"City4(Day 2) -> City16(Day 3) -> City18(Day 4)"
55,4,154.0,49.0,0.0,1,0.0,true,"City16(Day 6)"
55,5,341.0,361.0,0.0,1,0.0,true,"City19(Day 0) -> City16(Day 3) -> City18(Day 4)"
55,6,346.0,441.0,0.0,1,0.0,true,"City16(Day 1) -> City24(Day 3) -> City18(Day 4)"
55,7,232.0,169.0,0.0,1,0.0,true,"City16(Day 1) -> City24(Day 3)"
55,8,532.0,676.0,0.0,1,0.0,true,"City4(Day 2) -> City14(Day 3) -> City18(Day 4)"
55,9,459.0,625.0,0.0,1,0.0,true,"City14(Day 1) -> City22(Day 2) -> City18(Day 4)"
55,10,237.0,225.0,0.0,1,0.0,true,"City16(Day 1) -> City18(Day 4)"
55,11,165.0,64.0,0.0,1,0.0,true,"City18(Day 4)"
55,12,382.0,529.0,0.0,1,0.0,true,"City16(Day 1) -> City18(Day 4) -> City22(Day 5)"
55,13,168.0,49.0,0.0,2,0.0,true,"City16(Day 1)"
55,14,543.0,676.0,0.0,2,0.0,true,"City14(Day 1) -> City4(Day 4) -> City18(Day 5)"
55,15,384.0,529.0,0.0,2,0.0,true,"City16(Day 1) -> City22(Day 2) -> City18(Day 4)"
55,16,348.0,441.0,0.0,2,0.0,true,"City16(Day 0) -> City24(Day 3) -> City18(Day 4)"
55,17,423.0,576.0,0.0,2,0.0,true,"City16(Day 0) -> City14(Day 1) -> City18(Day 4)"
55,18,169.0,64.0,0.0,2,0.0,true,"City22(Day 5)"
55,19,234.0,169.0,0.0,2,0.0,true,"City16(Day 0) -> City24(Day 3)"
55,20,384.0,529.0,0.0,2,0.0,true,"City16(Day 0) -> City18(Day 4) -> City22(Day 5)"
55,21,239.0,225.0,0.0,2,0.0,true,"City16(Day 0) -> City18(Day 4)"
55,22,310.0,256.0,0.0,2,0.0,true,"City18(Day 4) -> City22(Day 5)"
55,23,476.0,625.0,0.0,2,0.0,true,"City14(Day 1) -> City22(Day 2) -> City18(Day 3)"
55,24,342.0,361.0,0.0,2,0.0,true,"City19(Day 1) -> City16(Day 3) -> City18(Day 4)"
55,25,544.0,676.0,0.0,3,0.0,true,"City4(Day 1) -> City14(Day 2) -> City18(Day 3)"
55,26,424.0,576.0,0.0,3,0.0,true,"City14(Day 1) -> City16(Day 3) -> City18(Day 4)"
55,27,234.0,121.0,0.0,3,0.0,true,"City16(Day 1) -> City19(Day 3)"
55,28,315.0,256.0,0.0,3,0.0,true,"City18(Day 2) -> City22(Day 5)"
55,29,190.0,64.0,0.0,3,0.0,true,"City18(Day 5)"
55,30,352.0,361.0,0.0,3,0.0,true,"City19(Day 2) -> City16(Day 3) -> City18(Day 4)"
55,31,181.0,16.0,0.0,3,0.0,true,"City19(Day 0)"
55,32,343.0,289.0,0.0,3,0.0,true,"City14(Day 1) -> City18(Day 4)"
55,33,361.0,441.0,0.0,3,0.0,true,"City16(Day 0) -> City18(Day 1) -> City24(Day 3)"
55,34,484.0,625.0,0.0,3,0.0,true,"City4(Day 2) -> City22(Day 3) -> City18(Day 4)"
55,35,258.0,225.0,0.0,3,0.0,true,"City16(Day 1) -> City18(Day 5)"
55,36,386.0,529.0,0.0,3,0.0,true,"City16(Day 0) -> City22(Day 2) -> City18(Day 4)"
55,37,236.0,121.0,0.0,4,0.0,true,"City16(Day 0) -> City19(Day 3)"
55,38,260.0,225.0,0.0,4,0.0,true,"City16(Day 0) -> City18(Day 5)"
55,39,355.0,289.0,0.0,4,0.0,true,"City16(Day 1) -> City19(Day 2) -> City24(Day 3)"
55,40,388.0,529.0,0.0,4,0.0,true,"City16(Day 0) -> City18(Day 1) -> City22(Day 5)"
55,41,192.0,36.0,0.0,4,0.0,true,"City24(Day 3)"
55,42,426.0,576.0,0.0,4,0.0,true,"City4(Day 2) -> City16(Day 3) -> City18(Day 5)"
55,43,486.0,625.0,0.0,4,0.0,true,"City4(Day 2) -> City18(Day 3) -> City22(Day 5)"
55,44,215.0,64.0,0.0,4,0.0,true,"City22(Day 1)"
55,45,197.0,49.0,0.0,4,0.0,true,"City16(Day 4)"
55,46,360.0,361.0,0.0,4,0.0,true,"City16(Day 1) -> City18(Day 2) -> City19(Day 3)"
55,47,188.0,16.0,0.0,4,0.0,true,"City19(Day 6)"
55,48,363.0,441.0,0.0,4,0.0,true,"City16(Day 1) -> City24(Day 3) -> City22(Day 5)"
55,49,551.0,676.0,0.0,4,0.0,true,"City4(Day 2) -> City14(Day 4) -> City18(Day 5)"
55,50,320.0,256.0,0.0,4,0.0,true,"City22(Day 2) -> City18(Day 4)"
55,51,488.0,625.0,0.0,5,0.0,true,"City14(Day 1) -> City18(Day 4) -> City22(Day 5)"
55,52,356.0,289.0,0.0,5,0.0,true,"City14(Day 1) -> City18(Day 3)"
55,53,269.0,169.0,0.0,5,0.0,true,"City16(Day 2) -> City24(Day 3)"
55,54,253.0,81.0,0.0,5,0.0,true,"City4(Day 2)"
55,55,365.0,441.0,0.0,5,0.0,true,"City16(Day 0) -> City24(Day 3) -> City22(Day 5)"
55,56,392.0,529.0,0.0,5,0.0,true,"City16(Day 1) -> City18(Day 2) -> City22(Day 5)"
55,57,322.0,256.0,0.0,5,0.0,true,"City14(Day 1) -> City16(Day 6)"
55,58,362.0,361.0,0.0,5,0.0,true,"City19(Day 0) -> City16(Day 3) -> City18(Day 5)"
55,59,194.0,36.0,0.0,5,0.0,true,"City24(Day 1)"
55,60,224.0,64.0,0.0,5,0.0,true,"City22(Day 6)"
55,61,564.0,676.0,0.0,5,0.0,true,"City4(Day 1) -> City14(Day 4) -> City18(Day 5)"
55,62,257.0,121.0,0.0,5,0.0,true,"City16(Day 1) -> City19(Day 6)"
55,63,257.0,121.0,0.0,5,0.0,true,"City19(Day 3) -> City16(Day 6)"
55,64,322.0,256.0,0.0,5,0.0,true,"City14(Day 4) -> City16(Day 6)"
55,65,271.0,225.0,0.0,5,0.0,true,"City16(Day 4) -> City18(Day 5)"
55,66,365.0,441.0,0.0,5,0.0,true,"City16(Day 1) -> City18(Day 2) -> City24(Day 3)"
55,67,362.0,361.0,0.0,5,0.0,true,"City16(Day 0) -> City18(Day 2) -> City19(Day 3)"
55,68,200.0,49.0,0.0,5,0.0,true,"City16(Day 0)"
55,69,435.0,576.0,0.0,5,0.0,true,"City18(Day 4) -> City14(Day 5) -> City16(Day 6)"
55,70,268.0,144.0,0.0,5,0.0,true,"City19(Day 3) -> City18(Day 4)"
55,71,223.0,36.0,0.0,6,0.0,true,"City24(Day 5)"
55,72,270.0,121.0,0.0,6,0.0,true,"City16(Day 4) -> City19(Day 6)"
55,73,374.0,361.0,0.0,6,0.0,true,"City19(Day 0) -> City16(Day 1) -> City18(Day 4)"
55,74,326.0,256.0,0.0,6,0.0,true,"City22(Day 1) -> City18(Day 4)"
55,75,294.0,225.0,0.0,6,0.0,true,"City22(Day 3) -> City16(Day 5)"
56,1,232.0,169.0,0.0,1,0.0,true,"City16(Day 1) -> City24(Day 3)"
56,2,341.0,361.0,0.0,1,0.0,true,"City19(Day 0) -> City16(Day 3) -> City18(Day 4)"
56,3,382.0,529.0,0.0,1,0.0,true,"City16(Day 1) -> City18(Day 4) -> City22(Day 5)"
56,4,532.0,676.0,0.0,1,0.0,true,"City4(Day 2) -> City14(Day 3) -> City18(Day 4)"
56,5,165.0,64.0,0.0,1,0.0,true,"City18(Day 4)"
56,6,237.0,225.0,0.0,1,0.0,true,"City16(Day 1) -> City18(Day 4)"
56,7,309.0,256.0,0.0,1,0.0,true,"City22(Day 3) -> City18(Day 4)"
56,8,346.0,441.0,0.0,1,0.0,true,"City16(Day 1) -> City24(Day 3) -> City18(Day 4)"
56,9,459.0,625.0,0.0,1,0.0,true,"City14(Day 1) -> City22(Day 2) -> City18(Day 4)"
56,10,405.0,576.0,0.0,1,0.0,true,"City4(Day 2) -> City16(Day 3) -> City18(Day 4)"
56,11,154.0,49.0,0.0,1,0.0,true,"City16(Day 6)"
56,12,136.0,16.0,0.0,1,0.0,true,"City19(Day 3)"
56,13,169.0,64.0,0.0,2,0.0,true,"City22(Day 5)"
56,14,384.0,529.0,0.0,2,0.0,true,"City16(Day 0) -> City18(Day 4) -> City22(Day 5)"
56,15,342.0,361.0,0.0,2,0.0,true,"City19(Day 1) -> City16(Day 3) -> City18(Day 4)"
56,16,239.0,225.0,0.0,2,0.0,true,"City16(Day 0) -> City18(Day 4)"
56,17,168.0,49.0,0.0,2,0.0,true,"City16(Day 1)"
56,18,348.0,441.0,0.0,2,0.0,true,"City16(Day 0) -> City24(Day 3) -> City18(Day 4)"
56,19,234.0,169.0,0.0,2,0.0,true,"City16(Day 0) -> City24(Day 3)"
56,20,384.0,529.0,0.0,2,0.0,true,"City16(Day 1) -> City22(Day 2) -> City18(Day 4)"
56,21,476.0,625.0,0.0,2,0.0,true,"City14(Day 1) -> City22(Day 2) -> City18(Day 3)"
56,22,310.0,256.0,0.0,2,0.0,true,"City18(Day 4) -> City22(Day 5)"
56,23,423.0,576.0,0.0,2,0.0,true,"City16(Day 0) -> City14(Day 1) -> City18(Day 4)"
56,24,543.0,676.0,0.0,2,0.0,true,"City14(Day 1) -> City4(Day 4) -> City18(Day 5)"
56,25,315.0,256.0,0.0,3,0.0,true,"City18(Day 2) -> City22(Day 5)"
56,26,181.0,16.0,0.0,3,0.0,true,"City19(Day 0)"
56,27,386.0,529.0,0.0,3,0.0,true,"City16(Day 0) -> City22(Day 2) -> City18(Day 4)"
56,28,258.0,225.0,0.0,3,0.0,true,"City16(Day 1) -> City18(Day 5)"
56,29,190.0,64.0,0.0,3,0.0,true,"City18(Day 5)"
56,30,361.0,441.0,0.0,3,0.0,true,"City16(Day 0) -> City18(Day 1) -> City24(Day 3)"
56,31,544.0,676.0,0.0,3,0.0,true,"City4(Day 1) -> City14(Day 2) -> City18(Day 3)"
56,32,352.0,361.0,0.0,3,0.0,true,"City19(Day 2) -> City16(Day 3) -> City18(Day 4)"
56,33,234.0,121.0,0.0,3,0.0,true,"City16(Day 1) -> City19(Day 3)"
56,34,424.0,576.0,0.0,3,0.0,true,"City14(Day 1) -> City16(Day 3) -> City18(Day 4)"
56,35,484.0,625.0,0.0,3,0.0,true,"City4(Day 2) -> City22(Day 3) -> City18(Day 4)"
56,36,343.0,289.0,0.0,3,0.0,true,"City14(Day 1) -> City18(Day 4)"
56,37,320.0,256.0,0.0,4,0.0,true,"City22(Day 2) -> City18(Day 4)"
56,38,360.0,361.0,0.0,4,0.0,true,"City16(Day 1) -> City18(Day 2) -> City19(Day 3)"
56,39,260.0,225.0,0.0,4,0.0,true,"City16(Day 0) -> City18(Day 5)"
56,40,236.0,121.0,0.0,4,0.0,true,"City16(Day 0) -> City19(Day 3)"
56,41,355.0,289.0,0.0,4,0.0,true,"City16(Day 1) -> City19(Day 2) -> City24(Day 3)"
56,42,388.0,529.0,0.0,4,0.0,true,"City16(Day 0) -> City18(Day 1) -> City22(Day 5)"
56,43,197.0,49.0,0.0,4,0.0,true,"City16(Day 4)"
56,44,551.0,676.0,0.0,4,0.0,true,"City4(Day 2) -> City14(Day 4) -> City18(Day 5)"
56,45,188.0,16.0,0.0,4,0.0,true,"City19(Day 6)"
56,46,486.0,625.0,0.0,4,0.0,true,"City4(Day 2) -> City18(Day 3) -> City22(Day 5)"
56,47,215.0,64.0,0.0,4,0.0,true,"City22(Day 1)"
56,48,192.0,36.0,0.0,4,0.0,true,"City24(Day 3)"
56,49,426.0,576.0,0.0,4,0.0,true,"City4(Day 2) -> City16(Day 3) -> City18(Day 5)"
56,50,363.0,441.0,0.0,4,0.0,true,"City16(Day 1) -> City24(Day 3) -> City22(Day 5)"
56,51,488.0,625.0,0.0,5,0.0,true,"City14(Day 1) -> City18(Day 4) -> City22(Day 5)"
56,52,365.0,441.0,0.0,5,0.0,true,"City16(Day 0) -> City24(Day 3) -> City22(Day 5)"
56,53,362.0,361.0,0.0,5,0.0,true,"City16(Day 0) -> City18(Day 2) -> City19(Day 3)"
56,54,200.0,49.0,0.0,5,0.0,true,"City16(Day 0)"
56,55,322.0,256.0,0.0,5,0.0,true,"City14(Day 1) -> City16(Day 6)"
56,56,224.0,64.0,0.0,5,0.0,true,"City22(Day 6)"
56,57,356.0,289.0,0.0,5,0.0,true,"City14(Day 1) -> City18(Day 3)"
56,58,322.0,256.0,0.0,5,0.0,true,"City14(Day 4) -> City16(Day 6)"
56,59,435.0,576.0,0.0,5,0.0,true,"City18(Day 4) -> City14(Day 5) -> City16(Day 6)"
56,60,365.0,441.0,0.0,5,0.0,true,"City16(Day 1) -> City18(Day 2) -> City24(Day 3)"
56,61,268.0,144.0,0.0,5,0.0,true,"City19(Day 3) -> City18(Day 4)"
56,62,362.0,361.0,0.0,5,0.0,true,"City19(Day 0) -> City16(Day 3) -> City18(Day 5)"
56,63,269.0,169.0,0.0,5,0.0,true,"City16(Day 2) -> City24(Day 3)"
56,64,564.0,676.0,0.0,5,0.0,true,"City4(Day 1) -> City14(Day 4) -> City18(Day 5)"
56,65,194.0,36.0,0.0,5,0.0,true,"City24(Day 1)"
56,66,253.0,81.0,0.0,5,0.0,true,"City4(Day 2)"
56,67,392.0,529.0,0.0,5,0.0,true,"City16(Day 1) -> City18(Day 2) -> City22(Day 5)"
56,68,257.0,121.0,0.0,5,0.0,true,"City16(Day 1) -> City19(Day 6)"
56,69,271.0,225.0,0.0,5,0.0,true,"City16(Day 4) -> City18(Day 5)"
56,70,257.0,121.0,0.0,5,0.0,true,"City19(Day 3) -> City16(Day 6)"
56,71,223.0,36.0,0.0,6,0.0,true,"City24(Day 5)"
56,72,391.0,441.0,0.0,6,0.0,true,"City16(Day 1) -> City24(Day 3) -> City18(Day 5)"
56,73,370.0,361.0,0.0,6,0.0,true,"City16(Day 1) -> City19(Day 2) -> City18(Day 4)"
56,74,494.0,576.0,0.0,6,0.0,true,"City14(Day 1) -> City18(Day 4) -> City16(Day 5)"
56,75,259.0,121.0,0.0,6,0.0,true,"City16(Day 0) -> City19(Day 6)"
57,1,532.0,676.0,0.0,1,0.0,true,"City4(Day 2) -> City14(Day 3) -> City18(Day 4)"
57,2,136.0,16.0,0.0,1,0.0,true,"City19(Day 3)"
57,3,341.0,361.0,0.0,1,0.0,true,"City19(Day 0) -> City16(Day 3) -> City18(Day 4)"
57,4,232.0,169.0,0.0,1,0.0,true,"City16(Day 1) -> City24(Day 3)"
57,5,382.0,529.0,0.0,1,0.0,true,"City16(Day 1) -> City18(Day 4) -> City22(Day 5)"
57,6,165.0,64.0,0.0,1,0.0,true,"City18(Day 4)"
57,7,237.0,225.0,0.0,1,0.0,true,"City16(Day 1) -> City18(Day 4)"
57,8,154.0,49.0,0.0,1,0.0,true,"City16(Day 6)"
57,9,309.0,256.0,0.0,1,0.0,true,"City22(Day 3) -> City18(Day 4)"
57,10,346.0,441.0,0.0,1,0.0,true,"City16(Day 1) -> City24(Day 3) -> City18(Day 4)"
57,11,405.0,576.0,0.0,1,0.0,true,"City4(Day 2) -> City16(Day 3) -> City18(Day 4)"
57,12,459.0,625.0,0.0,1,0.0,true,"City14(Day 1) -> City22(Day 2) -> City18(Day 4)"
57,13,310.0,256.0,0.0,2,0.0,true,"City18(Day 4) -> City22(Day 5)"
57,14,476.0,625.0,0.0,2,0.0,true,"City14(Day 1) -> City22(Day 2) -> City18(Day 3)"
57,15,342.0,361.0,0.0,2,0.0,true,"City19(Day 1) -> City16(Day 3) -> City18(Day 4)"
57,16,234.0,169.0,0.0,2,0.0,true,"City16(Day 0) -> City24(Day 3)"
57,17,169.0,64.0,0.0,2,0.0,true,"City22(Day 5)"
57,18,348.0,441.0,0.0,2,0.0,true,"City16(Day 0) -> City24(Day 3) -> City18(Day 4)"
57,19,384.0,529.0,0.0,2,0.0,true,"City16(Day 1) -> City22(Day 2) -> City18(Day 4)"
57,20,543.0,676.0,0.0,2,0.0,true,"City14(Day 1) -> City4(Day 4) -> City18(Day 5)"
57,21,423.0,576.0,0.0,2,0.0,true,"City16(Day 0) -> City14(Day 1) -> City18(Day 4)"
57,22,168.0,49.0,0.0,2,0.0,true,"City16(Day 1)"
57,23,239.0,225.0,0.0,2,0.0,true,"City16(Day 0) -> City18(Day 4)"
57,24,384.0,529.0,0.0,2,0.0,true,"City16(Day 0) -> City18(Day 4) -> City22(Day 5)"
57,25,315.0,256.0,0.0,3,0.0,true,"City18(Day 2) -> City22(Day 5)"
57,26,234.0,121.0,0.0,3,0.0,true,"City16(Day 1) -> City19(Day 3)"
57,27,258.0,225.0,0.0,3,0.0,true,"City16(Day 1) -> City18(Day 5)"
57,28,352.0,361.0,0.0,3,0.0,true,"City19(Day 2) -> City16(Day 3) -> City18(Day 4)"
57,29,343.0,289.0,0.0,3,0.0,true,"City14(Day 1) -> City18(Day 4)"
57,30,424.0,576.0,0.0,3,0.0,true,"City14(Day 1) -> City16(Day 3) -> City18(Day 4)"
57,31,190.0,64.0,0.0,3,0.0,true,"City18(Day 5)"
57,32,181.0,16.0,0.0,3,0.0,true,"City19(Day 0)"
57,33,544.0,676.0,0.0,3,0.0,true,"City4(Day 1) -> City14(Day 2) -> City18(Day 3)"
57,34,361.0,441.0,0.0,3,0.0,true,"City16(Day 0) -> City18(Day 1) -> City24(Day 3)"
57,35,484.0,625.0,0.0,3,0.0,true,"City4(Day 2) -> City22(Day 3) -> City18(Day 4)"
57,36,386.0,529.0,0.0,3,0.0,true,"City16(Day 0) -> City22(Day 2) -> City18(Day 4)"
57,37,320.0,256.0,0.0,4,0.0,true,"City22(Day 2) -> City18(Day 4)"
57,38,188.0,16.0,0.0,4,0.0,true,"City19(Day 6)"
57,39,260.0,225.0,0.0,4,0.0,true,"City16(Day 0) -> City18(Day 5)"
57,40,363.0,441.0,0.0,4,0.0,true,"City16(Day 1) -> City24(Day 3) -> City22(Day 5)"
57,41,486.0,625.0,0.0,4,0.0,true,"City4(Day 2) -> City18(Day 3) -> City22(Day 5)"
57,42,388.0,529.0,0.0,4,0.0,true,"City16(Day 0) -> City18(Day 1) -> City22(Day 5)"
57,43,236.0,121.0,0.0,4,0.0,true,"City16(Day 0) -> City19(Day 3)"
57,44,360.0,361.0,0.0,4,0.0,true,"City16(Day 1) -> City18(Day 2) -> City19(Day 3)"
57,45,215.0,64.0,0.0,4,0.0,true,"City22(Day 1)"
57,46,192.0,36.0,0.0,4,0.0,true,"City24(Day 3)"
57,47,551.0,676.0,0.0,4,0.0,true,"City4(Day 2) -> City14(Day 4) -> City18(Day 5)"
57,48,355.0,289.0,0.0,4,0.0,true,"City16(Day 1) -> City19(Day 2) -> City24(Day 3)"
57,49,426.0,576.0,0.0,4,0.0,true,"City4(Day 2) -> City16(Day 3) -> City18(Day 5)"
57,50,197.0,49.0,0.0,4,0.0,true,"City16(Day 4)"
57,51,322.0,256.0,0.0,5,0.0,true,"City14(Day 1) -> City16(Day 6)"
57,52,257.0,121.0,0.0,5,0.0,true,"City19(Day 3) -> City16(Day 6)"
57,53,365.0,441.0,0.0,5,0.0,true,"City16(Day 1) -> City18(Day 2) -> City24(Day 3)"
57,54,200.0,49.0,0.0,5,0.0,true,"City16(Day 0)"
57,55,268.0,144.0,0.0,5,0.0,true,"City19(Day 3) -> City18(Day 4)"
57,56,362.0,361.0,0.0,5,0.0,true,"City16(Day 0) -> City18(Day 2) -> City19(Day 3)"
57,57,271.0,225.0,0.0,5,0.0,true,"City16(Day 4) -> City18(Day 5)"
57,58,356.0,289.0,0.0,5,0.0,true,"City14(Day 1) -> City18(Day 3)"
57,59,224.0,64.0,0.0,5,0.0,true,"City22(Day 6)"
57,60,194.0,36.0,0.0,5,0.0,true,"City24(Day 1)"
57,61,253.0,81.0,0.0,5,0.0,true,"City4(Day 2)"
57,62,257.0,121.0,0.0,5,0.0,true,"City16(Day 1) -> City19(Day 6)"
57,63,322.0,256.0,0.0,5,0.0,true,"City14(Day 4) -> City16(Day 6)"
57,64,435.0,576.0,0.0,5,0.0,true,"City18(Day 4) -> City14(Day 5) -> City16(Day 6)"
57,65,362.0,361.0,0.0,5,0.0,true,"City19(Day 0) -> City16(Day 3) -> City18(Day 5)"
57,66,488.0,625.0,0.0,5,0.0,true,"City14(Day 1) -> City18(Day 4) -> City22(Day 5)"
57,67,564.0,676.0,0.0,5,0.0,true,"City4(Day 1) -> City14(Day 4) -> City18(Day 5)"
57,68,365.0,441.0,0.0,5,0.0,true,"City16(Day 0) -> City24(Day 3) -> City22(Day 5)"
57,69,269.0,169.0,0.0,5,0.0,true,"City16(Day 2) -> City24(Day 3)"
57,70,392.0,529.0,0.0,5,0.0,true,"City16(Day 1) -> City18(Day 2) -> City22(Day 5)"
57,71,394.0,529.0,0.0,6,0.0,true,"City16(Day 0) -> City18(Day 2) -> City22(Day 5)"
57,72,223.0,36.0,0.0,6,0.0,true,"City24(Day 5)"
57,73,201.0,16.0,0.0,6,0.0,true,"City25(Day 4)"
57,74,298.0,169.0,0.0,6,0.0,true,"City16(Day 1) -> City24(Day 6)"
57,75,244.0,64.0,0.0,6,0.0,true,"City18(Day 2)"
58,1,341.0,361.0,0.0,1,0.0,true,"City19(Day 0) -> City16(Day 3) -> City18(Day 4)"
58,2,532.0,676.0,0.0,1,0.0,true,"City4(Day 2) -> City14(Day 3) -> City18(Day 4)"
58,3,237.0,225.0,0.0,1,0.0,true,"City16(Day 1) -> City18(Day 4)"
58,4,154.0,49.0,0.0,1,0.0,true,"City16(Day 6)"
58,5,165.0,64.0,0.0,1,0.0,true,"City18(Day 4)"
58,6,346.0,441.0,0.0,1,0.0,true,"City16(Day 1) -> City24(Day 3) -> City18(Day 4)"
58,7,459.0,625.0,0.0,1,0.0,true,"City14(Day 1) -> City22(Day 2) -> City18(Day 4)"
58,8,382.0,529.0,0.0,1,0.0,true,"City16(Day 1) -> City18(Day 4) -> City22(Day 5)"
58,9,136.0,16.0,0.0,1,0.0,true,"City19(Day 3)"
58,10,405.0,576.0,0.0,1,0.0,true,"City4(Day 2) -> City16(Day 3) -> City18(Day 4)"
58,11,232.0,169.0,0.0,1,0.0,true,"City16(Day 1) -> City24(Day 3)"
58,12,309.0,256.0,0.0,1,0.0,true,"City22(Day 3) -> City18(Day 4)"
58,13,543.0,676.0,0.0,2,0.0,true,"City14(Day 1) -> City4(Day 4) -> City18(Day 5)"
58,14,384.0,529.0,0.0,2,0.0,true,"City16(Day 1) -> City22(Day 2) -> City18(Day 4)"
58,15,476.0,625.0,0.0,2,0.0,true,"City14(Day 1) -> City22(Day 2) -> City18(Day 3)"
58,16,384.0,529.0,0.0,2,0.0,true,"City16(Day 0) -> City18(Day 4) -> City22(Day 5)"
58,17,168.0,49.0,0.0,2,0.0,true,"City16(Day 1)"
58,18,423.0,576.0,0.0,2,0.0,true,"City16(Day 0) -> City14(Day 1) -> City18(Day 4)"
58,19,169.0,64.0,0.0,2,0.0,true,"City22(Day 5)"
58,20,310.0,256.0,0.0,2,0.0,true,"City18(Day 4) -> City22(Day 5)"
58,21,239.0,225.0,0.0,2,0.0,true,"City16(Day 0) -> City18(Day 4)"
58,22,234.0,169.0,0.0,2,0.0,true,"City16(Day 0) -> City24(Day 3)"
58,23,348.0,441.0,0.0,2,0.0,true,"City16(Day 0) -> City24(Day 3) -> City18(Day 4)"
58,24,342.0,361.0,0.0,2,0.0,true,"City19(Day 1) -> City16(Day 3) -> City18(Day 4)"
58,25,386.0,529.0,0.0,3,0.0,true,"City16(Day 0) -> City22(Day 2) -> City18(Day 4)"
58,26,181.0,16.0,0.0,3,0.0,true,"City19(Day 0)"
58,27,258.0,225.0,0.0,3,0.0,true,"City16(Day 1) -> City18(Day 5)"
58,28,544.0,676.0,0.0,3,0.0,true,"City4(Day 1) -> City14(Day 2) -> City18(Day 3)"
58,29,343.0,289.0,0.0,3,0.0,true,"City14(Day 1) -> City18(Day 4)"
58,30,352.0,361.0,0.0,3,0.0,true,"City19(Day 2) -> City16(Day 3) -> City18(Day 4)"
58,31,315.0,256.0,0.0,3,0.0,true,"City18(Day 2) -> City22(Day 5)"
58,32,484.0,625.0,0.0,3,0.0,true,"City4(Day 2) -> City22(Day 3) -> City18(Day 4)"
58,33,361.0,441.0,0.0,3,0.0,true,"City16(Day 0) -> City18(Day 1) -> City24(Day 3)"
58,34,424.0,576.0,0.0,3,0.0,true,"City14(Day 1) -> City16(Day 3) -> City18(Day 4)"
58,35,234.0,121.0,0.0,3,0.0,true,"City16(Day 1) -> City19(Day 3)"
58,36,190.0,64.0,0.0,3,0.0,true,"City18(Day 5)"
58,37,192.0,36.0,0.0,4,0.0,true,"City24(Day 3)"
58,38,260.0,225.0,0.0,4,0.0,true,"City16(Day 0) -> City18(Day 5)"
58,39,388.0,529.0,0.0,4,0.0,true,"City16(Day 0) -> City18(Day 1) -> City22(Day 5)"
58,40,360.0,361.0,0.0,4,0.0,true,"City16(Day 1) -> City18(Day 2) -> City19(Day 3)"
58,41,320.0,256.0,0.0,4,0.0,true,"City22(Day 2) -> City18(Day 4)"
58,42,486.0,625.0,0.0,4,0.0,true,"City4(Day 2) -> City18(Day 3) -> City22(Day 5)"
58,43,197.0,49.0,0.0,4,0.0,true,"City16(Day 4)"
58,44,363.0,441.0,0.0,4,0.0,true,"City16(Day 1) -> City24(Day 3) -> City22(Day 5)"
58,45,215.0,64.0,0.0,4,0.0,true,"City22(Day 1)"
58,46,188.0,16.0,0.0,4,0.0,true,"City19(Day 6)"
58,47,551.0,676.0,0.0,4,0.0,true,"City4(Day 2) -> City14(Day 4) -> City18(Day 5)"
58,48,355.0,289.0,0.0,4,0.0,true,"City16(Day 1) -> City19(Day 2) -> City24(Day 3)"
58,49,426.0,576.0,0.0,4,0.0,true,"City4(Day 2) -> City16(Day 3) -> City18(Day 5)"
58,50,236.0,121.0,0.0,4,0.0,true,"City16(Day 0) -> City19(Day 3)"
58,51,271.0,225.0,0.0,5,0.0,true,"City16(Day 4) -> City18(Day 5)"
58,52,268.0,144.0,0.0,5,0.0,true,"City19(Day 3) -> City18(Day 4)"
58,53,435.0,576.0,0.0,5,0.0,true,"City18(Day 4) -> City14(Day 5) -> City16(Day 6)"
58,54,365.0,441.0,0.0,5,0.0,true,"City16(Day 1) -> City18(Day 2) -> City24(Day 3)"
58,55,488.0,625.0,0.0,5,0.0,true,"City14(Day 1) -> City18(Day 4) -> City22(Day 5)"
58,56,362.0,361.0,0.0,5,0.0,true,"City16(Day 0) -> City18(Day 2) -> City19(Day 3)"
58,57,362.0,361.0,0.0,5,0.0,true,"City19(Day 0) -> City16(Day 3) -> City18(Day 5)"
58,58,322.0,256.0,0.0,5,0.0,true,"City14(Day 1) -> City16(Day 6)"
58,59,257.0,121.0,0.0,5,0.0,true,"City16(Day 1) -> City19(Day 6)"
58,60,564.0,676.0,0.0,5,0.0,true,"City4(Day 1) -> City14(Day 4) -> City18(Day 5)"
58,61,194.0,36.0,0.0,5,0.0,true,"City24(Day 1)"
58,62,257.0,121.0,0.0,5,0.0,true,"City19(Day 3) -> City16(Day 6)"
58,63,200.0,49.0,0.0,5,0.0,true,"City16(Day 0)"
58,64,392.0,529.0,0.0,5,0.0,true,"City16(Day 1) -> City18(Day 2) -> City22(Day 5)"
58,65,356.0,289.0,0.0,5,0.0,true,"City14(Day 1) -> City18(Day 3)"
58,66,253.0,81.0,0.0,5,0.0,true,"City4(Day 2)"
58,67,224.0,64.0,0.0,5,0.0,true,"City22(Day 6)"
58,68,322.0,256.0,0.0,5,0.0,true,"City14(Day 4) -> City16(Day 6)"
58,69,365.0,441.0,0.0,5,0.0,true,"City16(Day 0) -> City24(Day 3) -> City22(Day 5)"
58,70,269.0,169.0,0.0,5,0.0,true,"City16(Day 2) -> City24(Day 3)"
58,71,201.0,16.0,0.0,6,0.0,true,"City25(Day 4)"
58,72,223.0,36.0,0.0,6,0.0,true,"City24(Day 5)"
58,73,499.0,625.0,0.0,6,0.0,true,"City14(Day 1) -> City22(Day 3) -> City18(Day 4)"
58,74,393.0,441.0,0.0,6,0.0,true,"City16(Day 0) -> City24(Day 3) -> City18(Day 5)"
58,75,368.0,361.0,0.0,6,0.0,true,"City16(Day 0) -> City19(Day 3) -> City18(Day 4)"
59,1,346.0,441.0,0.0,1,0.0,true,"City16(Day 1) -> City24(Day 3) -> City18(Day 4)"
59,2,232.0,169.0,0.0,1,0.0,true,"City16(Day 1) -> City24(Day 3)"
59,3,165.0,64.0,0.0,1,0.0,true,"City18(Day 4)"
59,4,382.0,529.0,0.0,1,0.0,true,"City16(Day 1) -> City18(Day 4) -> City22(Day 5)"
59,5,532.0,676.0,0.0,1,0.0,true,"City4(Day 2) -> City14(Day 3) -> City18(Day 4)"
59,6,309.0,256.0,0.0,1,0.0,true,"City22(Day 3) -> City18(Day 4)"
59,7,136.0,16.0,0.0,1,0.0,true,"City19(Day 3)"
59,8,405.0,576.0,0.0,1,0.0,true,"City4(Day 2) -> City16(Day 3) -> City18(Day 4)"
59,9,341.0,361.0,0.0,1,0.0,true,"City19(Day 0) -> City16(Day 3) -> City18(Day 4)"
59,10,237.0,225.0,0.0,1,0.0,true,"City16(Day 1) -> City18(Day 4)"
59,11,459.0,625.0,0.0,1,0.0,true,"City14(Day 1) -> City22(Day 2) -> City18(Day 4)"
59,12,154.0,49.0,0.0,1,0.0,true,"City16(Day 6)"
59,13,423.0,576.0,0.0,2,0.0,true,"City16(Day 0) -> City14(Day 1) -> City18(Day 4)"
59,14,384.0,529.0,0.0,2,0.0,true,"City16(Day 1) -> City22(Day 2) -> City18(Day 4)"
59,15,169.0,64.0,0.0,2,0.0,true,"City22(Day 5)"
59,16,168.0,49.0,0.0,2,0.0,true,"City16(Day 1)"
59,17,384.0,529.0,0.0,2,0.0,true,"City16(Day 0) -> City18(Day 4) -> City22(Day 5)"
59,18,234.0,169.0,0.0,2,0.0,true,"City16(Day 0) -> City24(Day 3)"
59,19,348.0,441.0,0.0,2,0.0,true,"City16(Day 0) -> City24(Day 3) -> City18(Day 4)"
59,20,310.0,256.0,0.0,2,0.0,true,"City18(Day 4) -> City22(Day 5)"
59,21,476.0,625.0,0.0,2,0.0,true,"City14(Day 1) -> City22(Day 2) -> City18(Day 3)"
59,22,239.0,225.0,0.0,2,0.0,true,"City16(Day 0) -> City18(Day 4)"
59,23,543.0,676.0,0.0,2,0.0,true,"City14(Day 1) -> City4(Day 4) -> City18(Day 5)"
59,24,342.0,361.0,0.0,2,0.0,true,"City19(Day 1) -> City16(Day 3) -> City18(Day 4)"
59,25,484.0,625.0,0.0,3,0.0,true,"City4(Day 2) -> City22(Day 3) -> City18(Day 4)"
59,26,315.0,256.0,0.0,3,0.0,true,"City18(Day 2) -> City22(Day 5)"
59,27,258.0,225.0,0.0,3,0.0,true,"City16(Day 1) -> City18(Day 5)"
59,28,190.0,64.0,0.0,3,0.0,true,"City18(Day 5)"
59,29,234.0,121.0,0.0,3,0.0,true,"City16(Day 1) -> City19(Day 3)"
59,30,386.0,529.0,0.0,3,0.0,true,"City16(Day 0) -> City22(Day 2) -> City18(Day 4)"
59,31,181.0,16.0,0.0,3,0.0,true,"City19(Day 0)"
59,32,424.0,576.0,0.0,3,0.0,true,"City14(Day 1) -> City16(Day 3) -> City18(Day 4)"
59,33,352.0,361.0,0.0,3,0.0,true,"City19(Day 2) -> City16(Day 3) -> City18(Day 4)"
59,34,544.0,676.0,0.0,3,0.0,true,"City4(Day 1) -> City14(Day 2) -> City18(Day 3)"
59,35,361.0,441.0,0.0,3,0.0,true,"City16(Day 0) -> City18(Day 1) -> City24(Day 3)"
59,36,343.0,289.0,0.0,3,0.0,true,"City14(Day 1) -> City18(Day 4)"
59,37,388.0,529.0,0.0,4,0.0,true,"City16(Day 0) -> City18(Day 1) -> City22(Day 5)"
59,38,188.0,16.0,0.0,4,0.0,true,"City19(Day 6)"
59,39,215.0,64.0,0.0,4,0.0,true,"City22(Day 1)"
59,40,363.0,441.0,0.0,4,0.0,true,"City16(Day 1) -> City24(Day 3) -> City22(Day 5)"
59,41,320.0,256.0,0.0,4,0.0,true,"City22(Day 2) -> City18(Day 4)"
59,42,426.0,576.0,0.0,4,0.0,true,"City4(Day 2) -> City16(Day 3) -> City18(Day 5)"
59,43,260.0,225.0,0.0,4,0.0,true,"City16(Day 0) -> City18(Day 5)"
59,44,355.0,289.0,0.0,4,0.0,true,"City16(Day 1) -> City19(Day 2) -> City24(Day 3)"
59,45,486.0,625.0,0.0,4,0.0,true,"City4(Day 2) -> City18(Day 3) -> City22(Day 5)"
59,46,551.0,676.0,0.0,4,0.0,true,"City4(Day 2) -> City14(Day 4) -> City18(Day 5)"
59,47,236.0,121.0,0.0,4,0.0,true,"City16(Day 0) -> City19(Day 3)"
59,48,192.0,36.0,0.0,4,0.0,true,"City24(Day 3)"
59,49,360.0,361.0,0.0,4,0.0,true,"City16(Day 1) -> City18(Day 2) -> City19(Day 3)"
59,50,197.0,49.0,0.0,4,0.0,true,"City16(Day 4)"
59,51,564.0,676.0,0.0,5,0.0,true,"City4(Day 1) -> City14(Day 4) -> City18(Day 5)"
59,52,268.0,144.0,0.0,5,0.0,true,"City19(Day 3) -> City18(Day 4)"
59,53,392.0,529.0,0.0,5,0.0,true,"City16(Day 1) -> City18(Day 2) -> City22(Day 5)"
59,54,253.0,81.0,0.0,5,0.0,true,"City4(Day 2)"
59,55,269.0,169.0,0.0,5,0.0,true,"City16(Day 2) -> City24(Day 3)"
59,56,224.0,64.0,0.0,5,0.0,true,"City22(Day 6)"
59,57,322.0,256.0,0.0,5,0.0,true,"City14(Day 4) -> City16(Day 6)"
59,58,257.0,121.0,0.0,5,0.0,true,"City16(Day 1) -> City19(Day 6)"
59,59,356.0,289.0,0.0,5,0.0,true,"City14(Day 1) -> City18(Day 3)"
59,60,362.0,361.0,0.0,5,0.0,true,"City19(Day 0) -> City16(Day 3) -> City18(Day 5)"
59,61,257.0,121.0,0.0,5,0.0,true,"City19(Day 3) -> City16(Day 6)"
59,62,365.0,441.0,0.0,5,0.0,true,"City16(Day 1) -> City18(Day 2) -> City24(Day 3)"
59,63,488.0,625.0,0.0,5,0.0,true,"City14(Day 1) -> City18(Day 4) -> City22(Day 5)"
59,64,194.0,36.0,0.0,5,0.0,true,"City24(Day 1)"
59,65,435.0,576.0,0.0,5,0.0,true,"City18(Day 4) -> City14(Day 5) -> City16(Day 6)"
59,66,322.0,256.0,0.0,5,0.0,true,"City14(Day 1) -> City16(Day 6)"
59,67,365.0,441.0,0.0,5,0.0,true,"City16(Day 0) -> City24(Day 3) -> City22(Day 5)"
59,68,271.0,225.0,0.0,5,0.0,true,"City16(Day 4) -> City18(Day 5)"
59,69,362.0,361.0,0.0,5,0.0,true,"City16(Day 0) -> City18(Day 2) -> City19(Day 3)"
59,70,200.0,49.0,0.0,5,0.0,true,"City16(Day 0)"
59,71,201.0,16.0,0.0,6,0.0,true,"City25(Day 4)"
59,72,337.0,256.0,0.0,6,0.0,true,"City22(Day 2) -> City18(Day 3)"
59,73,499.0,625.0,0.0,6,0.0,true,"City14(Day 1) -> City22(Day 3) -> City18(Day 4)"
59,74,393.0,441.0,0.0,6,0.0,true,"City16(Day 0) -> City24(Day 3) -> City18(Day 5)"
59,75,394.0,529.0,0.0,6,0.0,true,"City16(Day 0) -> City18(Day 2) -> City22(Day 5)"
60,1,382.0,529.0,0.0,1,0.0,true,"City16(Day 1) -> City18(Day 4) -> City22(Day 5)"
60,2,237.0,225.0,0.0,1,0.0,true,"City16(Day 1) -> City18(Day 4)"
60,3,232.0,169.0,0.0,1,0.0,true,"City16(Day 1) -> City24(Day 3)"
60,4,154.0,49.0,0.0,1,0.0,true,"City16(Day 6)"
60,5,165.0,64.0,0.0,1,0.0,true,"City18(Day 4)"
60,6,346.0,441.0,0.0,1,0.0,true,"City16(Day 1) -> City24(Day 3) -> City18(Day 4)"
60,7,532.0,676.0,0.0,1,0.0,true,"City4(Day 2) -> City14(Day 3) -> City18(Day 4)"
60,8,459.0,625.0,0.0,1,0.0,true,"City14(Day 1) -> City22(Day 2) -> City18(Day 4)"
60,9,405.0,576.0,0.0,1,0.0,true,"City4(Day 2) -> City16(Day 3) -> City18(Day 4)"
60,10,341.0,361.0,0.0,1,0.0,true,"City19(Day 0) -> City16(Day 3) -> City18(Day 4)"
60,11,136.0,16.0,0.0,1,0.0,true,"City19(Day 3)"
60,12,309.0,256.0,0.0,1,0.0,true,"City22(Day 3) -> City18(Day 4)"
60,13,543.0,676.0,0.0,2,0.0,true,"City14(Day 1) -> City4(Day 4) -> City18(Day 5)"
60,14,384.0,529.0,0.0,2,0.0,true,"City16(Day 0) -> City18(Day 4) -> City22(Day 5)"
60,15,239.0,225.0,0.0,2,0.0,true,"City16(Day 0) -> City18(Day 4)"
60,16,476.0,625.0,0.0,2,0.0,true,"City14(Day 1) -> City22(Day 2) -> City18(Day 3)"
60,17,169.0,64.0,0.0,2,0.0,true,"City22(Day 5)"
60,18,384.0,529.0,0.0,2,0.0,true,"City16(Day 1) -> City22(Day 2) -> City18(Day 4)"
60,19,168.0,49.0,0.0,2,0.0,true,"City16(Day 1)"
60,20,342.0,361.0,0.0,2,0.0,true,"City19(Day 1) -> City16(Day 3) -> City18(Day 4)"
60,21,310.0,256.0,0.0,2,0.0,true,"City18(Day 4) -> City22(Day 5)"
60,22,234.0,169.0,0.0,2,0.0,true,"City16(Day 0) -> City24(Day 3)"
60,23,348.0,441.0,0.0,2,0.0,true,"City16(Day 0) -> City24(Day 3) -> City18(Day 4)"
60,24,423.0,576.0,0.0,2,0.0,true,"City16(Day 0) -> City14(Day 1) -> City18(Day 4)"
60,25,361.0,441.0,0.0,3,0.0,true,"City16(Day 0) -> City18(Day 1) -> City24(Day 3)"
60,26,258.0,225.0,0.0,3,0.0,true,"City16(Day 1) -> City18(Day 5)"
60,27,386.0,529.0,0.0,3,0.0,true,"City16(Day 0) -> City22(Day 2) -> City18(Day 4)"
60,28,234.0,121.0,0.0,3,0.0,true,"City16(Day 1) -> City19(Day 3)"
60,29,424.0,576.0,0.0,3,0.0,true,"City14(Day 1) -> City16(Day 3) -> City18(Day 4)"
60,30,544.0,676.0,0.0,3,0.0,true,"City4(Day 1) -> City14(Day 2) -> City18(Day 3)"
60,31,352.0,361.0,0.0,3,0.0,true,"City19(Day 2) -> City16(Day 3) -> City18(Day 4)"
60,32,181.0,16.0,0.0,3,0.0,true,"City19(Day 0)"
60,33,343.0,289.0,0.0,3,0.0,true,"City14(Day 1) -> City18(Day 4)"
60,34,315.0,256.0,0.0,3,0.0,true,"City18(Day 2) -> City22(Day 5)"
60,35,190.0,64.0,0.0,3,0.0,true,"City18(Day 5)"
60,36,483.0,625.0,0.0,3,0.0,true,"City14(Day 1) -> City18(Day 3) -> City22(Day 6)"
60,37,192.0,36.0,0.0,4,0.0,true,"City24(Day 3)"
60,38,197.0,49.0,0.0,4,0.0,true,"City16(Day 4)"
60,39,215.0,64.0,0.0,4,0.0,true,"City22(Day 1)"
60,40,356.0,361.0,0.0,4,0.0,true,"City16(Day 0) -> City18(Day 1) -> City19(Day 3)"
60,41,551.0,676.0,0.0,4,0.0,true,"City4(Day 2) -> City14(Day 4) -> City18(Day 5)"
60,42,484.0,625.0,0.0,4,0.0,true,"City4(Day 2) -> City22(Day 3) -> City18(Day 4)"
60,43,426.0,576.0,0.0,4,0.0,true,"City4(Day 2) -> City16(Day 3) -> City18(Day 5)"
60,44,388.0,529.0,0.0,4,0.0,true,"City16(Day 0) -> City18(Day 1) -> City22(Day 5)"
60,45,260.0,225.0,0.0,4,0.0,true,"City16(Day 0) -> City18(Day 5)"
60,46,362.0,441.0,0.0,4,0.0,true,"City16(Day 0) -> City24(Day 2) -> City18(Day 4)"
60,47,188.0,16.0,0.0,4,0.0,true,"City19(Day 6)"
60,48,236.0,121.0,0.0,4,0.0,true,"City16(Day 0) -> City19(Day 3)"
60,49,320.0,256.0,0.0,4,0.0,true,"City22(Day 2) -> City18(Day 4)"
60,50,355.0,289.0,0.0,4,0.0,true,"City16(Day 1) -> City19(Day 2) -> City24(Day 3)"
60,51,392.0,529.0,0.0,5,0.0,true,"City16(Day 1) -> City18(Day 2) -> City22(Day 5)"
60,52,271.0,225.0,0.0,5,0.0,true,"City16(Day 4) -> City18(Day 5)"
60,53,356.0,289.0,0.0,5,0.0,true,"City14(Day 1) -> City18(Day 3)"
60,54,257.0,121.0,0.0,5,0.0,true,"City19(Day 3) -> City16(Day 6)"
60,55,486.0,625.0,0.0,5,0.0,true,"City4(Day 2) -> City18(Day 3) -> City22(Day 5)"
60,56,200.0,49.0,0.0,5,0.0,true,"City16(Day 0)"
60,57,564.0,676.0,0.0,5,0.0,true,"City4(Day 1) -> City14(Day 4) -> City18(Day 5)"
60,58,194.0,36.0,0.0,5,0.0,true,"City24(Day 1)"
60,59,322.0,256.0,0.0,5,0.0,true,"City14(Day 1) -> City16(Day 6)"
60,60,360.0,361.0,0.0,5,0.0,true,"City16(Day 1) -> City18(Day 2) -> City19(Day 3)"
60,61,363.0,441.0,0.0,5,0.0,true,"City16(Day 1) -> City24(Day 3) -> City22(Day 5)"
60,62,268.0,144.0,0.0,5,0.0,true,"City19(Day 3) -> City18(Day 4)"
60,63,269.0,169.0,0.0,5,0.0,true,"City16(Day 2) -> City24(Day 3)"
60,64,257.0,121.0,0.0,5,0.0,true,"City16(Day 1) -> City19(Day 6)"
60,65,435.0,576.0,0.0,5,0.0,true,"City18(Day 4) -> City14(Day 5) -> City16(Day 6)"
60,66,253.0,81.0,0.0,5,0.0,true,"City4(Day 2)"
60,67,322.0,256.0,0.0,5,0.0,true,"City14(Day 4) -> City16(Day 6)"
60,68,224.0,64.0,0.0,5,0.0,true,"City22(Day 6)"
60,69,488.0,625.0,0.0,6,0.0,true,"City14(Day 1) -> City18(Day 4) -> City22(Day 5)"
60,70,284.0,81.0,0.0,6,0.0,true,"City4(Day 5)"
60,71,362.0,361.0,0.0,6,0.0,true,"City16(Day 0) -> City18(Day 2) -> City19(Day 3)"
60,72,297.0,121.0,0.0,6,0.0,true,"City16(Day 1) -> City19(Day 2)"
60,73,362.0,361.0,0.0,6,0.0,true,"City19(Day 0) -> City16(Day 3) -> City18(Day 5)"
60,74,201.0,16.0,0.0,6,0.0,true,"City25(Day 4)"
60,75,309.0,169.0,0.0,6,0.0,true,"City14(Day 1) -> City19(Day 3)"
61,1,382.0,529.0,0.0,1,0.0,true,"City16(Day 1) -> City18(Day 4) -> City22(Day 5)"
61,2,154.0,49.0,0.0,1,0.0,true,"City16(Day 6)"
61,3,232.0,169.0,0.0,1,0.0,true,"City16(Day 1) -> City24(Day 3)"
61,4,237.0,225.0,0.0,1,0.0,true,"City16(Day 1) -> City18(Day 4)"
61,5,405.0,576.0,0.0,1,0.0,true,"City4(Day 2) -> City16(Day 3) -> City18(Day 4)"
61,6,309.0,256.0,0.0,1,0.0,true,"City22(Day 3) -> City18(Day 4)"
61,7,165.0,64.0,0.0,1,0.0,true,"City18(Day 4)"
61,8,459.0,625.0,0.0,1,0.0,true,"City14(Day 1) -> City22(Day 2) -> City18(Day 4)"
61,9,346.0,441.0,0.0,1,0.0,true,"City16(Day 1) -> City24(Day 3) -> City18(Day 4)"
61,10,341.0,361.0,0.0,1,0.0,true,"City19(Day 0) -> City16(Day 3) -> City18(Day 4)"
61,11,136.0,16.0,0.0,1,0.0,true,"City19(Day 3)"
61,12,532.0,676.0,0.0,1,0.0,true,"City4(Day 2) -> City14(Day 3) -> City18(Day 4)"
61,13,543.0,676.0,0.0,2,0.0,true,"City14(Day 1) -> City4(Day 4) -> City18(Day 5)"
61,14,348.0,441.0,0.0,2,0.0,true,"City16(Day 0) -> City24(Day 3) -> City18(Day 4)"
61,15,384.0,529.0,0.0,2,0.0,true,"City16(Day 1) -> City22(Day 2) -> City18(Day 4)"
61,16,234.0,169.0,0.0,2,0.0,true,"City16(Day 0) -> City24(Day 3)"
61,17,239.0,225.0,0.0,2,0.0,true,"City16(Day 0) -> City18(Day 4)"
61,18,310.0,256.0,0.0,2,0.0,true,"City18(Day 4) -> City22(Day 5)"
61,19,169.0,64.0,0.0,2,0.0,true,"City22(Day 5)"
61,20,476.0,625.0,0.0,2,0.0,true,"City14(Day 1) -> City22(Day 2) -> City18(Day 3)"
61,21,342.0,361.0,0.0,2,0.0,true,"City19(Day 1) -> City16(Day 3) -> City18(Day 4)"
61,22,168.0,49.0,0.0,2,0.0,true,"City16(Day 1)"
61,23,384.0,529.0,0.0,2,0.0,true,"City16(Day 0) -> City18(Day 4) -> City22(Day 5)"
61,24,423.0,576.0,0.0,2,0.0,true,"City16(Day 0) -> City14(Day 1) -> City18(Day 4)"
61,25,386.0,529.0,0.0,3,0.0,true,"City16(Day 0) -> City22(Day 2) -> City18(Day 4)"
61,26,352.0,361.0,0.0,3,0.0,true,"City19(Day 2) -> City16(Day 3) -> City18(Day 4)"
61,27,483.0,625.0,0.0,3,0.0,true,"City14(Day 1) -> City18(Day 3) -> City22(Day 6)"
61,28,181.0,16.0,0.0,3,0.0,true,"City19(Day 0)"
61,29,361.0,441.0,0.0,3,0.0,true,"City16(Day 0) -> City18(Day 1) -> City24(Day 3)"
61,30,258.0,225.0,0.0,3,0.0,true,"City16(Day 1) -> City18(Day 5)"
61,31,544.0,676.0,0.0,3,0.0,true,"City4(Day 1) -> City14(Day 2) -> City18(Day 3)"
61,32,234.0,121.0,0.0,3,0.0,true,"City16(Day 1) -> City19(Day 3)"
61,33,424.0,576.0,0.0,3,0.0,true,"City14(Day 1) -> City16(Day 3) -> City18(Day 4)"
61,34,315.0,256.0,0.0,3,0.0,true,"City18(Day 2) -> City22(Day 5)"
61,35,190.0,64.0,0.0,3,0.0,true,"City18(Day 5)"
61,36,343.0,289.0,0.0,3,0.0,true,"City14(Day 1) -> City18(Day 4)"
61,37,426.0,576.0,0.0,4,0.0,true,"City4(Day 2) -> City16(Day 3) -> City18(Day 5)"
61,38,320.0,256.0,0.0,4,0.0,true,"City22(Day 2) -> City18(Day 4)"
61,39,192.0,36.0,0.0,4,0.0,true,"City24(Day 3)"
61,40,236.0,121.0,0.0,4,0.0,true,"City16(Day 0) -> City19(Day 3)"
61,41,356.0,361.0,0.0,4,0.0,true,"City16(Day 0) -> City18(Day 1) -> City19(Day 3)"
61,42,260.0,225.0,0.0,4,0.0,true,"City16(Day 0) -> City18(Day 5)"
61,43,484.0,625.0,0.0,4,0.0,true,"City4(Day 2) -> City22(Day 3) -> City18(Day 4)"
61,44,388.0,529.0,0.0,4,0.0,true,"City16(Day 0) -> City18(Day 1) -> City22(Day 5)"
61,45,188.0,16.0,0.0,4,0.0,true,"City19(Day 6)"
61,46,355.0,289.0,0.0,4,0.0,true,"City16(Day 1) -> City19(Day 2) -> City24(Day 3)"
61,47,551.0,676.0,0.0,4,0.0,true,"City4(Day 2) -> City14(Day 4) -> City18(Day 5)"
61,48,197.0,49.0,0.0,4,0.0,true,"City16(Day 4)"
61,49,362.0,441.0,0.0,4,0.0,true,"City16(Day 0) -> City24(Day 2) -> City18(Day 4)"
61,50,215.0,64.0,0.0,4,0.0,true,"City22(Day 1)"
61,51,194.0,36.0,0.0,5,0.0,true,"City24(Day 1)"
61,52,271.0,225.0,0.0,5,0.0,true,"City16(Day 4) -> City18(Day 5)"
61,53,257.0,121.0,0.0,5,0.0,true,"City19(Day 3) -> City16(Day 6)"
61,54,253.0,81.0,0.0,5,0.0,true,"City4(Day 2)"
61,55,363.0,441.0,0.0,5,0.0,true,"City16(Day 1) -> City24(Day 3) -> City22(Day 5)"
61,56,435.0,576.0,0.0,5,0.0,true,"City18(Day 4) -> City14(Day 5) -> City16(Day 6)"
61,57,224.0,64.0,0.0,5,0.0,true,"City22(Day 6)"
61,58,268.0,144.0,0.0,5,0.0,true,"City19(Day 3) -> City18(Day 4)"
61,59,322.0,256.0,0.0,5,0.0,true,"City14(Day 1) -> City16(Day 6)"
61,60,257.0,121.0,0.0,5,0.0,true,"City16(Day 1) -> City19(Day 6)"
61,61,360.0,361.0,0.0,5,0.0,true,"City16(Day 1) -> City18(Day 2) -> City19(Day 3)"
61,62,322.0,256.0,0.0,5,0.0,true,"City14(Day 4) -> City16(Day 6)"
61,63,269.0,169.0,0.0,5,0.0,true,"City16(Day 2) -> City24(Day 3)"
61,64,486.0,625.0,0.0,5,0.0,true,"City4(Day 2) -> City18(Day 3) -> City22(Day 5)"
61,65,392.0,529.0,0.0,5,0.0,true,"City16(Day 1) -> City18(Day 2) -> City22(Day 5)"
61,66,356.0,289.0,0.0,5,0.0,true,"City14(Day 1) -> City18(Day 3)"
61,67,564.0,676.0,0.0,5,0.0,true,"City4(Day 1) -> City14(Day 4) -> City18(Day 5)"
61,68,200.0,49.0,0.0,5,0.0,true,"City16(Day 0)"
61,69,232.0,49.0,0.0,6,0.0,true,"City16(Day 2)"
61,70,598.0,676.0,0.0,6,0.0,true,"City14(Day 1) -> City18(Day 3) -> City4(Day 6)"
61,71,273.0,81.0,0.0,6,0.0,true,"City14(Day 5)"
61,72,257.0,64.0,0.0,6,0.0,true,"City22(Day 4)"
61,73,488.0,625.0,0.0,6,0.0,true,"City14(Day 1) -> City18(Day 4) -> City22(Day 5)"
61,74,341.0,225.0,0.0,6,0.0,true,"City16(Day 2) -> City18(Day 3)"
61,75,201.0,16.0,0.0,6,0.0,true,"City25(Day 4)"
62,1,237.0,225.0,0.0,1,0.0,true,"City16(Day 1) -> City18(Day 4)"
62,2,346.0,441.0,0.0,1,0.0,true,"City16(Day 1) -> City24(Day 3) -> City18(Day 4)"
62,3,341.0,361.0,0.0,1,0.0,true,"City19(Day 0) -> City16(Day 3) -> City18(Day 4)"
62,4,532.0,676.0,0.0,1,0.0,true,"City4(Day 2) -> City14(Day 3) -> City18(Day 4)"
62,5,309.0,256.0,0.0,1,0.0,true,"City22(Day 3) -> City18(Day 4)"
62,6,165.0,64.0,0.0,1,0.0,true,"City18(Day 4)"
62,7,136.0,16.0,0.0,1,0.0,true,"City19(Day 3)"
62,8,405.0,576.0,0.0,1,0.0,true,"City4(Day 2) -> City16(Day 3) -> City18(Day 4)"
62,9,232.0,169.0,0.0,1,0.0,true,"City16(Day 1) -> City24(Day 3)"
62,10,459.0,625.0,0.0,1,0.0,true,"City14(Day 1) -> City22(Day 2) -> City18(Day 4)"
62,11,154.0,49.0,0.0,1,0.0,true,"City16(Day 6)"
62,12,382.0,529.0,0.0,1,0.0,true,"City16(Day 1) -> City18(Day 4) -> City22(Day 5)"
62,13,169.0,64.0,0.0,2,0.0,true,"City22(Day 5)"
62,14,423.0,576.0,0.0,2,0.0,true,"City16(Day 0) -> City14(Day 1) -> City18(Day 4)"
62,15,384.0,529.0,0.0,2,0.0,true,"City16(Day 1) -> City22(Day 2) -> City18(Day 4)"
62,16,342.0,361.0,0.0,2,0.0,true,"City19(Day 1) -> City16(Day 3) -> City18(Day 4)"
62,17,234.0,169.0,0.0,2,0.0,true,"City16(Day 0) -> City24(Day 3)"
62,18,476.0,625.0,0.0,2,0.0,true,"City14(Day 1) -> City22(Day 2) -> City18(Day 3)"
62,19,310.0,256.0,0.0,2,0.0,true,"City18(Day 4) -> City22(Day 5)"
62,20,239.0,225.0,0.0,2,0.0,true,"City16(Day 0) -> City18(Day 4)"
62,21,384.0,529.0,0.0,2,0.0,true,"City16(Day 0) -> City18(Day 4) -> City22(Day 5)"
62,22,543.0,676.0,0.0,2,0.0,true,"City14(Day 1) -> City4(Day 4) -> City18(Day 5)"
62,23,168.0,49.0,0.0,2,0.0,true,"City16(Day 1)"
62,24,348.0,441.0,0.0,2,0.0,true,"City16(Day 0) -> City24(Day 3) -> City18(Day 4)"
62,25,343.0,289.0,0.0,3,0.0,true,"City14(Day 1) -> City18(Day 4)"
62,26,544.0,676.0,0.0,3,0.0,true,"City4(Day 1) -> City14(Day 2) -> City18(Day 3)"
62,27,386.0,529.0,0.0,3,0.0,true,"City16(Day 0) -> City22(Day 2) -> City18(Day 4)"
62,28,315.0,256.0,0.0,3,0.0,true,"City18(Day 2) -> City22(Day 5)"
62,29,361.0,441.0,0.0,3,0.0,true,"City16(Day 0) -> City18(Day 1) -> City24(Day 3)"
62,30,181.0,16.0,0.0,3,0.0,true,"City19(Day 0)"
62,31,424.0,576.0,0.0,3,0.0,true,"City14(Day 1) -> City16(Day 3) -> City18(Day 4)"
62,32,483.0,625.0,0.0,3,0.0,true,"City14(Day 1) -> City18(Day 3) -> City22(Day 6)"
62,33,190.0,64.0,0.0,3,0.0,true,"City18(Day 5)"
62,34,258.0,225.0,0.0,3,0.0,true,"City16(Day 1) -> City18(Day 5)"
62,35,352.0,361.0,0.0,3,0.0,true,"City19(Day 2) -> City16(Day 3) -> City18(Day 4)"
62,36,234.0,121.0,0.0,3,0.0,true,"City16(Day 1) -> City19(Day 3)"
62,37,320.0,256.0,0.0,4,0.0,true,"City22(Day 2) -> City18(Day 4)"
62,38,188.0,16.0,0.0,4,0.0,true,"City19(Day 6)"
62,39,355.0,289.0,0.0,4,0.0,true,"City16(Day 1) -> City19(Day 2) -> City24(Day 3)"
62,40,260.0,225.0,0.0,4,0.0,true,"City16(Day 0) -> City18(Day 5)"
62,41,192.0,36.0,0.0,4,0.0,true,"City24(Day 3)"
62,42,484.0,625.0,0.0,4,0.0,true,"City4(Day 2) -> City22(Day 3) -> City18(Day 4)"
62,43,388.0,529.0,0.0,4,0.0,true,"City16(Day 0) -> City18(Day 1) -> City22(Day 5)"
62,44,426.0,576.0,0.0,4,0.0,true,"City4(Day 2) -> City16(Day 3) -> City18(Day 5)"
62,45,362.0,441.0,0.0,4,0.0,true,"City16(Day 0) -> City24(Day 2) -> City18(Day 4)"
62,46,215.0,64.0,0.0,4,0.0,true,"City22(Day 1)"
62,47,356.0,361.0,0.0,4,0.0,true,"City16(Day 0) -> City18(Day 1) -> City19(Day 3)"
62,48,551.0,676.0,0.0,4,0.0,true,"City4(Day 2) -> City14(Day 4) -> City18(Day 5)"
62,49,197.0,49.0,0.0,4,0.0,true,"City16(Day 4)"
62,50,236.0,121.0,0.0,4,0.0,true,"City16(Day 0) -> City19(Day 3)"
62,51,356.0,361.0,0.0,4,0.0,true,"City19(Day 3) -> City16(Day 4) -> City18(Day 5)"
62,52,200.0,49.0,0.0,5,0.0,true,"City16(Day 0)"
62,53,435.0,576.0,0.0,5,0.0,true,"City18(Day 4) -> City14(Day 5) -> City16(Day 6)"
62,54,271.0,225.0,0.0,5,0.0,true,"City16(Day 4) -> City18(Day 5)"
62,55,356.0,289.0,0.0,5,0.0,true,"City14(Day 1) -> City18(Day 3)"
62,56,322.0,256.0,0.0,5,0.0,true,"City14(Day 4) -> City16(Day 6)"
62,57,564.0,676.0,0.0,5,0.0,true,"City4(Day 1) -> City14(Day 4) -> City18(Day 5)"
62,58,486.0,625.0,0.0,5,0.0,true,"City4(Day 2) -> City18(Day 3) -> City22(Day 5)"
62,59,253.0,81.0,0.0,5,0.0,true,"City4(Day 2)"
62,60,392.0,529.0,0.0,5,0.0,true,"City16(Day 1) -> City18(Day 2) -> City22(Day 5)"
62,61,224.0,64.0,0.0,5,0.0,true,"City22(Day 6)"
62,62,363.0,441.0,0.0,5,0.0,true,"City16(Day 1) -> City24(Day 3) -> City22(Day 5)"
62,63,322.0,256.0,0.0,5,0.0,true,"City14(Day 1) -> City16(Day 6)"
62,64,257.0,121.0,0.0,5,0.0,true,"City19(Day 3) -> City16(Day 6)"
62,65,194.0,36.0,0.0,5,0.0,true,"City24(Day 1)"
62,66,269.0,169.0,0.0,5,0.0,true,"City16(Day 2) -> City24(Day 3)"
62,67,268.0,144.0,0.0,5,0.0,true,"City19(Day 3) -> City18(Day 4)"
62,68,360.0,361.0,0.0,5,0.0,true,"City16(Day 1) -> City18(Day 2) -> City19(Day 3)"
62,69,257.0,121.0,0.0,5,0.0,true,"City16(Day 1) -> City19(Day 6)"
62,70,326.0,256.0,0.0,6,0.0,true,"City22(Day 1) -> City18(Day 4)"
62,71,576.0,676.0,0.0,6,0.0,true,"City14(Day 1) -> City4(Day 2) -> City18(Day 5)"
62,72,323.0,225.0,0.0,6,0.0,true,"City16(Day 0) -> City18(Day 2)"
62,73,488.0,625.0,0.0,6,0.0,true,"City14(Day 1) -> City18(Day 4) -> City22(Day 5)"
62,74,368.0,441.0,0.0,6,0.0,true,"City16(Day 1) -> City22(Day 2) -> City24(Day 3)"
62,75,451.0,576.0,0.0,6,0.0,true,"City14(Day 1) -> City16(Day 2) -> City18(Day 4)"
63,1,405.0,576.0,0.0,1,0.0,true,"City4(Day 2) -> City16(Day 3) -> City18(Day 4)"
63,2,165.0,64.0,0.0,1,0.0,true,"City18(Day 4)"
63,3,346.0,441.0,0.0,1,0.0,true,"City16(Day 1) -> City24(Day 3) -> City18(Day 4)"
63,4,382.0,529.0,0.0,1,0.0,true,"City16(Day 1) -> City18(Day 4) -> City22(Day 5)"
63,5,309.0,256.0,0.0,1,0.0,true,"City22(Day 3) -> City18(Day 4)"
63,6,232.0,169.0,0.0,1,0.0,true,"City16(Day 1) -> City24(Day 3)"
63,7,341.0,361.0,0.0,1,0.0,true,"City19(Day 0) -> City16(Day 3) -> City18(Day 4)"
63,8,459.0,625.0,0.0,1,0.0,true,"City14(Day 1) -> City22(Day 2) -> City18(Day 4)"
63,9,154.0,49.0,0.0,1,0.0,true,"City16(Day 6)"
63,10,532.0,676.0,0.0,1,0.0,true,"City4(Day 2) -> City14(Day 3) -> City18(Day 4)"
63,11,136.0,16.0,0.0,1,0.0,true,"City19(Day 3)"
63,12,237.0,225.0,0.0,1,0.0,true,"City16(Day 1) -> City18(Day 4)"
63,13,423.0,576.0,0.0,2,0.0,true,"City16(Day 0) -> City14(Day 1) -> City18(Day 4)"
63,14,384.0,529.0,0.0,2,0.0,true,"City16(Day 0) -> City18(Day 4) -> City22(Day 5)"
63,15,476.0,625.0,0.0,2,0.0,true,"City14(Day 1) -> City22(Day 2) -> City18(Day 3)"
63,16,543.0,676.0,0.0,2,0.0,true,"City14(Day 1) -> City4(Day 4) -> City18(Day 5)"
63,17,384.0,529.0,0.0,2,0.0,true,"City16(Day 1) -> City22(Day 2) -> City18(Day 4)"
63,18,342.0,361.0,0.0,2,0.0,true,"City19(Day 1) -> City16(Day 3) -> City18(Day 4)"
63,19,234.0,169.0,0.0,2,0.0,true,"City16(Day 0) -> City24(Day 3)"
63,20,310.0,256.0,0.0,2,0.0,true,"City18(Day 4) -> City22(Day 5)"
63,21,169.0,64.0,0.0,2,0.0,true,"City22(Day 5)"
63,22,239.0,225.0,0.0,2,0.0,true,"City16(Day 0) -> City18(Day 4)"
63,23,168.0,49.0,0.0,2,0.0,true,"City16(Day 1)"
63,24,348.0,441.0,0.0,2,0.0,true,"City16(Day 0) -> City24(Day 3) -> City18(Day 4)"
63,25,360.0,441.0,0.0,3,0.0,true,"City16(Day 1) -> City24(Day 2) -> City18(Day 4)"
63,26,386.0,529.0,0.0,3,0.0,true,"City16(Day 0) -> City22(Day 2) -> City18(Day 4)"
63,27,315.0,256.0,0.0,3,0.0,true,"City18(Day 2) -> City22(Day 5)"
63,28,181.0,16.0,0.0,3,0.0,true,"City19(Day 0)"
63,29,258.0,225.0,0.0,3,0.0,true,"City16(Day 1) -> City18(Day 5)"
63,30,544.0,676.0,0.0,3,0.0,true,"City4(Day 1) -> City14(Day 2) -> City18(Day 3)"
63,31,234.0,121.0,0.0,3,0.0,true,"City16(Day 1) -> City19(Day 3)"
63,32,424.0,576.0,0.0,3,0.0,true,"City14(Day 1) -> City16(Day 3) -> City18(Day 4)"
63,33,483.0,625.0,0.0,3,0.0,true,"City14(Day 1) -> City18(Day 3) -> City22(Day 6)"
63,34,343.0,289.0,0.0,3,0.0,true,"City14(Day 1) -> City18(Day 4)"
63,35,352.0,361.0,0.0,3,0.0,true,"City19(Day 2) -> City16(Day 3) -> City18(Day 4)"
63,36,190.0,64.0,0.0,3,0.0,true,"City18(Day 5)"
63,37,197.0,49.0,0.0,4,0.0,true,"City16(Day 4)"
63,38,356.0,361.0,0.0,4,0.0,true,"City19(Day 3) -> City16(Day 4) -> City18(Day 5)"
63,39,484.0,625.0,0.0,4,0.0,true,"City4(Day 2) -> City22(Day 3) -> City18(Day 4)"
63,40,361.0,441.0,0.0,4,0.0,true,"City16(Day 0) -> City18(Day 1) -> City24(Day 3)"
63,41,192.0,36.0,0.0,4,0.0,true,"City24(Day 3)"
63,42,260.0,225.0,0.0,4,0.0,true,"City16(Day 0) -> City18(Day 5)"
63,43,426.0,576.0,0.0,4,0.0,true,"City4(Day 2) -> City16(Day 3) -> City18(Day 5)"
63,44,188.0,16.0,0.0,4,0.0,true,"City19(Day 6)"
63,45,320.0,256.0,0.0,4,0.0,true,"City22(Day 2) -> City18(Day 4)"
63,46,551.0,676.0,0.0,4,0.0,true,"City4(Day 2) -> City14(Day 4) -> City18(Day 5)"
63,47,236.0,121.0,0.0,4,0.0,true,"City16(Day 0) -> City19(Day 3)"
63,48,355.0,289.0,0.0,4,0.0,true,"City16(Day 1) -> City19(Day 2) -> City24(Day 3)"
63,49,356.0,361.0,0.0,4,0.0,true,"City16(Day 0) -> City18(Day 1) -> City19(Day 3)"
63,50,388.0,529.0,0.0,4,0.0,true,"City16(Day 0) -> City18(Day 1) -> City22(Day 5)"
63,51,215.0,64.0,0.0,4,0.0,true,"City22(Day 1)"
63,52,257.0,121.0,0.0,5,0.0,true,"City19(Day 3) -> City16(Day 6)"
63,53,362.0,441.0,0.0,5,0.0,true,"City16(Day 0) -> City24(Day 2) -> City18(Day 4)"
63,54,486.0,625.0,0.0,5,0.0,true,"City4(Day 2) -> City18(Day 3) -> City22(Day 5)"
63,55,269.0,169.0,0.0,5,0.0,true,"City16(Day 2) -> City24(Day 3)"
63,56,253.0,81.0,0.0,5,0.0,true,"City4(Day 2)"
63,57,322.0,256.0,0.0,5,0.0,true,"City14(Day 4) -> City16(Day 6)"
63,58,356.0,289.0,0.0,5,0.0,true,"City14(Day 1) -> City18(Day 3)"
63,59,271.0,225.0,0.0,5,0.0,true,"City16(Day 4) -> City18(Day 5)"
63,60,435.0,576.0,0.0,5,0.0,true,"City18(Day 4) -> City14(Day 5) -> City16(Day 6)"
63,61,257.0,121.0,0.0,5,0.0,true,"City16(Day 1) -> City19(Day 6)"
63,62,392.0,529.0,0.0,5,0.0,true,"City16(Day 1) -> City18(Day 2) -> City22(Day 5)"
63,63,224.0,64.0,0.0,5,0.0,true,"City22(Day 6)"
63,64,268.0,144.0,0.0,5,0.0,true,"City19(Day 3) -> City18(Day 4)"
63,65,194.0,36.0,0.0,5,0.0,true,"City24(Day 1)"
63,66,322.0,256.0,0.0,5,0.0,true,"City14(Day 1) -> City16(Day 6)"
63,67,200.0,49.0,0.0,5,0.0,true,"City16(Day 0)"
63,68,360.0,361.0,0.0,5,0.0,true,"City16(Day 1) -> City18(Day 2) -> City19(Day 3)"
63,69,564.0,676.0,0.0,5,0.0,true,"City4(Day 1) -> City14(Day 4) -> City18(Day 5)"
63,70,271.0,121.0,0.0,6,0.0,true,"City16(Day 2) -> City19(Day 3)"
63,71,424.0,529.0,0.0,6,0.0,true,"City16(Day 0) -> City22(Day 2) -> City18(Day 5)"
63,72,326.0,256.0,0.0,6,0.0,true,"City22(Day 1) -> City18(Day 4)"
63,73,451.0,576.0,0.0,6,0.0,true,"City14(Day 1) -> City16(Day 2) -> City18(Day 4)"
63,74,323.0,225.0,0.0,6,0.0,true,"City16(Day 0) -> City18(Day 2)"
63,75,305.0,144.0,0.0,6,0.0,true,"City19(Day 0) -> City22(Day 5)"
64,1,346.0,441.0,0.0,1,0.0,true,"City16(Day 1) -> City24(Day 3) -> City18(Day 4)"
64,2,309.0,256.0,0.0,1,0.0,true,"City22(Day 3) -> City18(Day 4)"
64,3,341.0,361.0,0.0,1,0.0,true,"City19(Day 0) -> City16(Day 3) -> City18(Day 4)"
64,4,232.0,169.0,0.0,1,0.0,true,"City16(Day 1) -> City24(Day 3)"
64,5,405.0,576.0,0.0,1,0.0,true,"City4(Day 2) -> City16(Day 3) -> City18(Day 4)"
64,6,459.0,625.0,0.0,1,0.0,true,"City14(Day 1) -> City22(Day 2) -> City18(Day 4)"
64,7,136.0,16.0,0.0,1,0.0,true,"City19(Day 3)"
64,8,165.0,64.0,0.0,1,0.0,true,"City18(Day 4)"
64,9,237.0,225.0,0.0,1,0.0,true,"City16(Day 1) -> City18(Day 4)"
64,10,154.0,49.0,0.0,1,0.0,true,"City16(Day 6)"
64,11,382.0,529.0,0.0,1,0.0,true,"City16(Day 1) -> City18(Day 4) -> City22(Day 5)"
64,12,532.0,676.0,0.0,1,0.0,true,"City4(Day 2) -> City14(Day 3) -> City18(Day 4)"
64,13,234.0,169.0,0.0,2,0.0,true,"City16(Day 0) -> City24(Day 3)"
64,14,168.0,49.0,0.0,2,0.0,true,"City16(Day 1)"
64,15,476.0,625.0,0.0,2,0.0,true,"City14(Day 1) -> City22(Day 2) -> City18(Day 3)"
64,16,423.0,576.0,0.0,2,0.0,true,"City16(Day 0) -> City14(Day 1) -> City18(Day 4)"
64,17,310.0,256.0,0.0,2,0.0,true,"City18(Day 4) -> City22(Day 5)"
64,18,384.0,529.0,0.0,2,0.0,true,"City16(Day 0) -> City18(Day 4) -> City22(Day 5)"
64,19,543.0,676.0,0.0,2,0.0,true,"City14(Day 1) -> City4(Day 4) -> City18(Day 5)"
64,20,239.0,225.0,0.0,2,0.0,true,"City16(Day 0) -> City18(Day 4)"
64,21,384.0,529.0,0.0,2,0.0,true,"City16(Day 1) -> City22(Day 2) -> City18(Day 4)"
64,22,348.0,441.0,0.0,2,0.0,true,"City16(Day 0) -> City24(Day 3) -> City18(Day 4)"
64,23,169.0,64.0,0.0,2,0.0,true,"City22(Day 5)"
64,24,342.0,361.0,0.0,2,0.0,true,"City19(Day 1) -> City16(Day 3) -> City18(Day 4)"
64,25,483.0,625.0,0.0,3,0.0,true,"City14(Day 1) -> City18(Day 3) -> City22(Day 6)"
64,26,258.0,225.0,0.0,3,0.0,true,"City16(Day 1) -> City18(Day 5)"
64,27,343.0,289.0,0.0,3,0.0,true,"City14(Day 1) -> City18(Day 4)"
64,28,181.0,16.0,0.0,3,0.0,true,"City19(Day 0)"
64,29,315.0,256.0,0.0,3,0.0,true,"City18(Day 2) -> City22(Day 5)"
64,30,386.0,529.0,0.0,3,0.0,true,"City16(Day 0) -> City22(Day 2) -> City18(Day 4)"
64,31,360.0,441.0,0.0,3,0.0,true,"City16(Day 1) -> City24(Day 2) -> City18(Day 4)"
64,32,234.0,121.0,0.0,3,0.0,true,"City16(Day 1) -> City19(Day 3)"
64,33,190.0,64.0,0.0,3,0.0,true,"City18(Day 5)"
64,34,352.0,361.0,0.0,3,0.0,true,"City19(Day 2) -> City16(Day 3) -> City18(Day 4)"
64,35,424.0,576.0,0.0,3,0.0,true,"City14(Day 1) -> City16(Day 3) -> City18(Day 4)"
64,36,544.0,676.0,0.0,3,0.0,true,"City4(Day 1) -> City14(Day 2) -> City18(Day 3)"
64,37,320.0,256.0,0.0,4,0.0,true,"City22(Day 2) -> City18(Day 4)"
64,38,426.0,576.0,0.0,4,0.0,true,"City4(Day 2) -> City16(Day 3) -> City18(Day 5)"
64,39,236.0,121.0,0.0,4,0.0,true,"City16(Day 0) -> City19(Day 3)"
64,40,388.0,529.0,0.0,4,0.0,true,"City16(Day 0) -> City18(Day 1) -> City22(Day 5)"
64,41,356.0,361.0,0.0,4,0.0,true,"City16(Day 0) -> City18(Day 1) -> City19(Day 3)"
64,42,188.0,16.0,0.0,4,0.0,true,"City19(Day 6)"
64,43,260.0,225.0,0.0,4,0.0,true,"City16(Day 0) -> City18(Day 5)"
64,44,361.0,441.0,0.0,4,0.0,true,"City16(Day 0) -> City18(Day 1) -> City24(Day 3)"
64,45,355.0,289.0,0.0,4,0.0,true,"City16(Day 1) -> City19(Day 2) -> City24(Day 3)"
64,46,215.0,64.0,0.0,4,0.0,true,"City22(Day 1)"
64,47,551.0,676.0,0.0,4,0.0,true,"City4(Day 2) -> City14(Day 4) -> City18(Day 5)"
64,48,356.0,361.0,0.0,4,0.0,true,"City19(Day 3) -> City16(Day 4) -> City18(Day 5)"
64,49,197.0,49.0,0.0,4,0.0,true,"City16(Day 4)"
64,50,192.0,36.0,0.0,4,0.0,true,"City24(Day 3)"
64,51,484.0,625.0,0.0,4,0.0,true,"City4(Day 2) -> City22(Day 3) -> City18(Day 4)"
64,52,564.0,676.0,0.0,5,0.0,true,"City4(Day 1) -> City14(Day 4) -> City18(Day 5)"
64,53,271.0,225.0,0.0,5,0.0,true,"City16(Day 4) -> City18(Day 5)"
64,54,269.0,169.0,0.0,5,0.0,true,"City16(Day 2) -> City24(Day 3)"
64,55,268.0,144.0,0.0,5,0.0,true,"City19(Day 3) -> City18(Day 4)"
64,56,435.0,576.0,0.0,5,0.0,true,"City18(Day 4) -> City14(Day 5) -> City16(Day 6)"
64,57,322.0,256.0,0.0,5,0.0,true,"City14(Day 1) -> City16(Day 6)"
64,58,486.0,625.0,0.0,5,0.0,true,"City4(Day 2) -> City18(Day 3) -> City22(Day 5)"
64,59,224.0,64.0,0.0,5,0.0,true,"City22(Day 6)"
64,60,194.0,36.0,0.0,5,0.0,true,"City24(Day 1)"
64,61,257.0,121.0,0.0,5,0.0,true,"City19(Day 3) -> City16(Day 6)"
64,62,322.0,256.0,0.0,5,0.0,true,"City14(Day 4) -> City16(Day 6)"
64,63,360.0,361.0,0.0,5,0.0,true,"City16(Day 1) -> City18(Day 2) -> City19(Day 3)"
64,64,392.0,529.0,0.0,5,0.0,true,"City16(Day 1) -> City18(Day 2) -> City22(Day 5)"
64,65,356.0,289.0,0.0,5,0.0,true,"City14(Day 1) -> City18(Day 3)"
64,66,257.0,121.0,0.0,5,0.0,true,"City16(Day 1) -> City19(Day 6)"
64,67,362.0,441.0,0.0,5,0.0,true,"City16(Day 0) -> City24(Day 2) -> City18(Day 4)"
64,68,200.0,49.0,0.0,5,0.0,true,"City16(Day 0)"
64,69,253.0,81.0,0.0,5,0.0,true,"City4(Day 2)"
64,70,366.0,361.0,0.0,6,0.0,true,"City16(Day 1) -> City19(Day 3) -> City18(Day 4)"
64,71,240.0,64.0,0.0,6,0.0,true,"City18(Day 3)"
64,72,451.0,576.0,0.0,6,0.0,true,"City14(Day 1) -> City16(Day 2) -> City18(Day 4)"
64,73,305.0,144.0,0.0,6,0.0,true,"City19(Day 0) -> City22(Day 5)"
64,74,389.0,400.0,0.0,6,0.0,true,"City16(Day 0) -> City14(Day 1) -> City19(Day 3)"
64,75,326.0,256.0,0.0,6,0.0,true,"City22(Day 1) -> City18(Day 4)"
65,1,341.0,361.0,0.0,1,0.0,true,"City19(Day 0) -> City16(Day 3) -> City18(Day 4)"
65,2,459.0,625.0,0.0,1,0.0,true,"City14(Day 1) -> City22(Day 2) -> City18(Day 4)"
65,3,309.0,256.0,0.0,1,0.0,true,"City22(Day 3) -> City18(Day 4)"
65,4,136.0,16.0,0.0,1,0.0,true,"City19(Day 3)"
65,5,232.0,169.0,0.0,1,0.0,true,"City16(Day 1) -> City24(Day 3)"
65,6,154.0,49.0,0.0,1,0.0,true,"City16(Day 6)"
65,7,165.0,64.0,0.0,1,0.0,true,"City18(Day 4)"
65,8,405.0,576.0,0.0,1,0.0,true,"City4(Day 2) -> City16(Day 3) -> City18(Day 4)"
65,9,382.0,529.0,0.0,1,0.0,true,"City16(Day 1) -> City18(Day 4) -> City22(Day 5)"
65,10,346.0,441.0,0.0,1,0.0,true,"City16(Day 1) -> City24(Day 3) -> City18(Day 4)"
65,11,237.0,225.0,0.0,1,0.0,true,"City16(Day 1) -> City18(Day 4)"
65,12,532.0,676.0,0.0,1,0.0,true,"City4(Day 2) -> City14(Day 3) -> City18(Day 4)"
65,13,168.0,49.0,0.0,2,0.0,true,"City16(Day 1)"
65,14,310.0,256.0,0.0,2,0.0,true,"City18(Day 4) -> City22(Day 5)"
65,15,423.0,576.0,0.0,2,0.0,true,"City16(Day 0) -> City14(Day 1) -> City18(Day 4)"
65,16,234.0,169.0,0.0,2,0.0,true,"City16(Day 0) -> City24(Day 3)"
65,17,384.0,529.0,0.0,2,0.0,true,"City16(Day 1) -> City22(Day 2) -> City18(Day 4)"
65,18,348.0,441.0,0.0,2,0.0,true,"City16(Day 0) -> City24(Day 3) -> City18(Day 4)"
65,19,169.0,64.0,0.0,2,0.0,true,"City22(Day 5)"
65,20,476.0,625.0,0.0,2,0.0,true,"City14(Day 1) -> City22(Day 2) -> City18(Day 3)"
65,21,239.0,225.0,0.0,2,0.0,true,"City16(Day 0) -> City18(Day 4)"
65,22,342.0,361.0,0.0,2,0.0,true,"City19(Day 1) -> City16(Day 3) -> City18(Day 4)"
65,23,543.0,676.0,0.0,2,0.0,true,"City14(Day 1) -> City4(Day 4) -> City18(Day 5)"
65,24,384.0,529.0,0.0,2,0.0,true,"City16(Day 0) -> City18(Day 4) -> City22(Day 5)"
65,25,315.0,256.0,0.0,3,0.0,true,"City18(Day 2) -> City22(Day 5)"
65,26,258.0,225.0,0.0,3,0.0,true,"City16(Day 1) -> City18(Day 5)"
65,27,343.0,289.0,0.0,3,0.0,true,"City14(Day 1) -> City18(Day 4)"
65,28,386.0,529.0,0.0,3,0.0,true,"City16(Day 0) -> City22(Day 2) -> City18(Day 4)"
65,29,190.0,64.0,0.0,3,0.0,true,"City18(Day 5)"
65,30,181.0,16.0,0.0,3,0.0,true,"City19(Day 0)"
65,31,483.0,625.0,0.0,3,0.0,true,"City14(Day 1) -> City18(Day 3) -> City22(Day 6)"
65,32,234.0,121.0,0.0,3,0.0,true,"City16(Day 1) -> City19(Day 3)"
65,33,360.0,441.0,0.0,3,0.0,true,"City16(Day 1) -> City24(Day 2) -> City18(Day 4)"
65,34,544.0,676.0,0.0,3,0.0,true,"City4(Day 1) -> City14(Day 2) -> City18(Day 3)"
65,35,352.0,361.0,0.0,3,0.0,true,"City19(Day 2) -> City16(Day 3) -> City18(Day 4)"
65,36,424.0,576.0,0.0,3,0.0,true,"City14(Day 1) -> City16(Day 3) -> City18(Day 4)"
65,37,355.0,289.0,0.0,4,0.0,true,"City16(Day 1) -> City19(Day 2) -> City24(Day 3)"
65,38,356.0,361.0,0.0,4,0.0,true,"City16(Day 0) -> City18(Day 1) -> City19(Day 3)"
65,39,356.0,361.0,0.0,4,0.0,true,"City19(Day 3) -> City16(Day 4) -> City18(Day 5)"
65,40,192.0,36.0,0.0,4,0.0,true,"City24(Day 3)"
65,41,188.0,16.0,0.0,4,0.0,true,"City19(Day 6)"
65,42,551.0,676.0,0.0,4,0.0,true,"City4(Day 2) -> City14(Day 4) -> City18(Day 5)"
65,43,236.0,121.0,0.0,4,0.0,true,"City16(Day 0) -> City19(Day 3)"
65,44,388.0,529.0,0.0,4,0.0,true,"City16(Day 0) -> City18(Day 1) -> City22(Day 5)"
65,45,426.0,576.0,0.0,4,0.0,true,"City4(Day 2) -> City16(Day 3) -> City18(Day 5)"
65,46,484.0,625.0,0.0,4,0.0,true,"City4(Day 2) -> City22(Day 3) -> City18(Day 4)"
65,47,320.0,256.0,0.0,4,0.0,true,"City22(Day 2) -> City18(Day 4)"
65,48,197.0,49.0,0.0,4,0.0,true,"City16(Day 4)"
65,49,260.0,225.0,0.0,4,0.0,true,"City16(Day 0) -> City18(Day 5)"
65,50,361.0,441.0,0.0,4,0.0,true,"City16(Day 0) -> City18(Day 1) -> City24(Day 3)"
65,51,215.0,64.0,0.0,4,0.0,true,"City22(Day 1)"
65,52,257.0,121.0,0.0,5,0.0,true,"City19(Day 3) -> City16(Day 6)"
65,53,269.0,169.0,0.0,5,0.0,true,"City16(Day 2) -> City24(Day 3)"
65,54,360.0,361.0,0.0,5,0.0,true,"City16(Day 1) -> City18(Day 2) -> City19(Day 3)"
65,55,392.0,529.0,0.0,5,0.0,true,"City16(Day 1) -> City18(Day 2) -> City22(Day 5)"
65,56,271.0,225.0,0.0,5,0.0,true,"City16(Day 4) -> City18(Day 5)"
65,57,194.0,36.0,0.0,5,0.0,true,"City24(Day 1)"
65,58,200.0,49.0,0.0,5,0.0,true,"City16(Day 0)"
65,59,322.0,256.0,0.0,5,0.0,true,"City14(Day 1) -> City16(Day 6)"
65,60,362.0,441.0,0.0,5,0.0,true,"City16(Day 0) -> City24(Day 2) -> City18(Day 4)"
65,61,564.0,676.0,0.0,5,0.0,true,"City4(Day 1) -> City14(Day 4) -> City18(Day 5)"
65,62,224.0,64.0,0.0,5,0.0,true,"City22(Day 6)"
65,63,322.0,256.0,0.0,5,0.0,true,"City14(Day 4) -> City16(Day 6)"
65,64,257.0,121.0,0.0,5,0.0,true,"City16(Day 1) -> City19(Day 6)"
65,65,435.0,576.0,0.0,5,0.0,true,"City18(Day 4) -> City14(Day 5) -> City16(Day 6)"
65,66,253.0,81.0,0.0,5,0.0,true,"City4(Day 2)"
65,67,268.0,144.0,0.0,5,0.0,true,"City19(Day 3) -> City18(Day 4)"
65,68,356.0,289.0,0.0,5,0.0,true,"City14(Day 1) -> City18(Day 3)"
65,69,486.0,625.0,0.0,5,0.0,true,"City4(Day 2) -> City18(Day 3) -> City22(Day 5)"
65,70,366.0,361.0,0.0,6,0.0,true,"City16(Day 1) -> City19(Day 3) -> City18(Day 4)"
65,71,538.0,625.0,0.0,6,0.0,true,"City14(Day 1) -> City22(Day 4) -> City18(Day 5)"
65,72,240.0,64.0,0.0,6,0.0,true,"City18(Day 3)"
65,73,285.0,225.0,0.0,6,0.0,true,"City16(Day 0) -> City18(Day 1)"
65,74,451.0,576.0,0.0,6,0.0,true,"City14(Day 1) -> City16(Day 2) -> City18(Day 4)"
65,75,259.0,121.0,0.0,6,0.0,true,"City16(Day 0) -> City19(Day 6)"
66,1,346.0,441.0,0.0,1,0.0,true,"City16(Day 1) -> City24(Day 3) -> City18(Day 4)"
66,2,309.0,256.0,0.0,1,0.0,true,"City22(Day 3) -> City18(Day 4)"
66,3,165.0,64.0,0.0,1,0.0,true,"City18(Day 4)"
66,4,136.0,16.0,0.0,1,0.0,true,"City19(Day 3)"
66,5,459.0,625.0,0.0,1,0.0,true,"City14(Day 1) -> City22(Day 2) -> City18(Day 4)"
66,6,405.0,576.0,0.0,1,0.0,true,"City4(Day 2) -> City16(Day 3) -> City18(Day 4)"
66,7,341.0,361.0,0.0,1,0.0,true,"City19(Day 0) -> City16(Day 3) -> City18(Day 4)"
66,8,532.0,676.0,0.0,1,0.0,true,"City4(Day 2) -> City14(Day 3) -> City18(Day 4)"
66,9,382.0,529.0,0.0,1,0.0,true,"City16(Day 1) -> City18(Day 4) -> City22(Day 5)"
66,10,232.0,169.0,0.0,1,0.0,true,"City16(Day 1) -> City24(Day 3)"
66,11,154.0,49.0,0.0,1,0.0,true,"City16(Day 6)"
66,12,237.0,225.0,0.0,1,0.0,true,"City16(Day 1) -> City18(Day 4)"
66,13,476.0,625.0,0.0,2,0.0,true,"City14(Day 1) -> City22(Day 2) -> City18(Day 3)"
66,14,169.0,64.0,0.0,2,0.0,true,"City22(Day 5)"
66,15,168.0,49.0,0.0,2,0.0,true,"City16(Day 1)"
66,16,310.0,256.0,0.0,2,0.0,true,"City18(Day 4) -> City22(Day 5)"
66,17,234.0,169.0,0.0,2,0.0,true,"City16(Day 0) -> City24(Day 3)"
66,18,384.0,529.0,0.0,2,0.0,true,"City16(Day 0) -> City18(Day 4) -> City22(Day 5)"
66,19,239.0,225.0,0.0,2,0.0,true,"City16(Day 0) -> City18(Day 4)"
66,20,342.0,361.0,0.0,2,0.0,true,"City19(Day 1) -> City16(Day 3) -> City18(Day 4)"
66,21,384.0,529.0,0.0,2,0.0,true,"City16(Day 1) -> City22(Day 2) -> City18(Day 4)"
66,22,348.0,441.0,0.0,2,0.0,true,"City16(Day 0) -> City24(Day 3) -> City18(Day 4)"
66,23,423.0,576.0,0.0,2,0.0,true,"City16(Day 0) -> City14(Day 1) -> City18(Day 4)"
66,24,543.0,676.0,0.0,2,0.0,true,"City14(Day 1) -> City4(Day 4) -> City18(Day 5)"
66,25,343.0,289.0,0.0,3,0.0,true,"City14(Day 1) -> City18(Day 4)"
66,26,315.0,256.0,0.0,3,0.0,true,"City18(Day 2) -> City22(Day 5)"
66,27,352.0,361.0,0.0,3,0.0,true,"City19(Day 2) -> City16(Day 3) -> City18(Day 4)"
66,28,258.0,225.0,0.0,3,0.0,true,"City16(Day 1) -> City18(Day 5)"
66,29,544.0,676.0,0.0,3,0.0,true,"City4(Day 1) -> City14(Day 2) -> City18(Day 3)"
66,30,483.0,625.0,0.0,3,0.0,true,"City14(Day 1) -> City18(Day 3) -> City22(Day 6)"
66,31,181.0,16.0,0.0,3,0.0,true,"City19(Day 0)"
66,32,234.0,121.0,0.0,3,0.0,true,"City16(Day 1) -> City19(Day 3)"
66,33,190.0,64.0,0.0,3,0.0,true,"City18(Day 5)"
66,34,386.0,529.0,0.0,3,0.0,true,"City16(Day 0) -> City22(Day 2) -> City18(Day 4)"
66,35,360.0,441.0,0.0,3,0.0,true,"City16(Day 1) -> City24(Day 2) -> City18(Day 4)"
66,36,424.0,576.0,0.0,3,0.0,true,"City14(Day 1) -> City16(Day 3) -> City18(Day 4)"
66,37,260.0,225.0,0.0,4,0.0,true,"City16(Day 0) -> City18(Day 5)"
66,38,188.0,16.0,0.0,4,0.0,true,"City19(Day 6)"
66,39,236.0,121.0,0.0,4,0.0,true,"City16(Day 0) -> City19(Day 3)"
66,40,197.0,49.0,0.0,4,0.0,true,"City16(Day 4)"
66,41,355.0,289.0,0.0,4,0.0,true,"City16(Day 1) -> City19(Day 2) -> City24(Day 3)"
66,42,356.0,361.0,0.0,4,0.0,true,"City16(Day 0) -> City18(Day 1) -> City19(Day 3)"
66,43,215.0,64.0,0.0,4,0.0,true,"City22(Day 1)"
66,44,320.0,256.0,0.0,4,0.0,true,"City22(Day 2) -> City18(Day 4)"
66,45,356.0,361.0,0.0,4,0.0,true,"City19(Day 3) -> City16(Day 4) -> City18(Day 5)"
66,46,192.0,36.0,0.0,4,0.0,true,"City24(Day 3)"
66,47,361.0,441.0,0.0,4,0.0,true,"City16(Day 0) -> City18(Day 1) -> City24(Day 3)"
66,48,551.0,676.0,0.0,4,0.0,true,"City4(Day 2) -> City14(Day 4) -> City18(Day 5)"
66,49,484.0,625.0,0.0,4,0.0,true,"City4(Day 2) -> City22(Day 3) -> City18(Day 4)"
66,50,426.0,576.0,0.0,4,0.0,true,"City4(Day 2) -> City16(Day 3) -> City18(Day 5)"
66,51,388.0,529.0,0.0,4,0.0,true,"City16(Day 0) -> City18(Day 1) -> City22(Day 5)"
66,52,322.0,256.0,0.0,5,0.0,true,"City14(Day 1) -> City16(Day 6)"
66,53,271.0,225.0,0.0,5,0.0,true,"City16(Day 4) -> City18(Day 5)"
66,54,322.0,256.0,0.0,5,0.0,true,"City14(Day 4) -> City16(Day 6)"
66,55,268.0,144.0,0.0,5,0.0,true,"City19(Day 3) -> City18(Day 4)"
66,56,486.0,625.0,0.0,5,0.0,true,"City4(Day 2) -> City18(Day 3) -> City22(Day 5)"
66,57,360.0,361.0,0.0,5,0.0,true,"City16(Day 1) -> City18(Day 2) -> City19(Day 3)"
66,58,257.0,121.0,0.0,5,0.0,true,"City19(Day 3) -> City16(Day 6)"
66,59,253.0,81.0,0.0,5,0.0,true,"City4(Day 2)"
66,60,200.0,49.0,0.0,5,0.0,true,"City16(Day 0)"
66,61,362.0,441.0,0.0,5,0.0,true,"City16(Day 0) -> City24(Day 2) -> City18(Day 4)"
66,62,356.0,289.0,0.0,5,0.0,true,"City14(Day 1) -> City18(Day 3)"
66,63,257.0,121.0,0.0,5,0.0,true,"City16(Day 1) -> City19(Day 6)"
66,64,564.0,676.0,0.0,5,0.0,true,"City4(Day 1) -> City14(Day 4) -> City18(Day 5)"
66,65,224.0,64.0,0.0,5,0.0,true,"City22(Day 6)"
66,66,269.0,169.0,0.0,5,0.0,true,"City16(Day 2) -> City24(Day 3)"
66,67,392.0,529.0,0.0,5,0.0,true,"City16(Day 1) -> City18(Day 2) -> City22(Day 5)"
66,68,435.0,576.0,0.0,5,0.0,true,"City18(Day 4) -> City14(Day 5) -> City16(Day 6)"
66,69,194.0,36.0,0.0,5,0.0,true,"City24(Day 1)"
66,70,451.0,576.0,0.0,6,0.0,true,"City14(Day 1) -> City16(Day 2) -> City18(Day 4)"
66,71,366.0,361.0,0.0,6,0.0,true,"City16(Day 1) -> City19(Day 3) -> City18(Day 4)"
66,72,518.0,625.0,0.0,6,0.0,true,"City22(Day 1) -> City18(Day 3) -> City14(Day 5)"
66,73,274.0,225.0,0.0,6,0.0,true,"City16(Day 2) -> City18(Day 4)"
66,74,394.0,529.0,0.0,6,0.0,true,"City16(Day 0) -> City18(Day 2) -> City22(Day 5)"
66,75,259.0,121.0,0.0,6,0.0,true,"City16(Day 0) -> City19(Day 6)"
67,1,459.0,625.0,0.0,1,0.0,true,"City14(Day 1) -> City22(Day 2) -> City18(Day 4)"
67,2,232.0,169.0,0.0,1,0.0,true,"City16(Day 1) -> City24(Day 3)"
67,3,346.0,441.0,0.0,1,0.0,true,"City16(Day 1) -> City24(Day 3) -> City18(Day 4)"
67,4,165.0,64.0,0.0,1,0.0,true,"City18(Day 4)"
67,5,382.0,529.0,0.0,1,0.0,true,"City16(Day 1) -> City18(Day 4) -> City22(Day 5)"
67,6,309.0,256.0,0.0,1,0.0,true,"City22(Day 3) -> City18(Day 4)"
67,7,237.0,225.0,0.0,1,0.0,true,"City16(Day 1) -> City18(Day 4)"
67,8,532.0,676.0,0.0,1,0.0,true,"City4(Day 2) -> City14(Day 3) -> City18(Day 4)"
67,9,136.0,16.0,0.0,1,0.0,true,"City19(Day 3)"
67,10,154.0,49.0,0.0,1,0.0,true,"City16(Day 6)"
67,11,341.0,361.0,0.0,1,0.0,true,"City19(Day 0) -> City16(Day 3) -> City18(Day 4)"
67,12,405.0,576.0,0.0,1,0.0,true,"City4(Day 2) -> City16(Day 3) -> City18(Day 4)"
67,13,423.0,576.0,0.0,2,0.0,true,"City16(Day 0) -> City14(Day 1) -> City18(Day 4)"
67,14,348.0,441.0,0.0,2,0.0,true,"City16(Day 0) -> City24(Day 3) -> City18(Day 4)"
67,15,234.0,169.0,0.0,2,0.0,true,"City16(Day 0) -> City24(Day 3)"
67,16,384.0,529.0,0.0,2,0.0,true,"City16(Day 0) -> City18(Day 4) -> City22(Day 5)"
67,17,310.0,256.0,0.0,2,0.0,true,"City18(Day 4) -> City22(Day 5)"
67,18,342.0,361.0,0.0,2,0.0,true,"City19(Day 1) -> City16(Day 3) -> City18(Day 4)"
67,19,169.0,64.0,0.0,2,0.0,true,"City22(Day 5)"
67,20,239.0,225.0,0.0,2,0.0,true,"City16(Day 0) -> City18(Day 4)"
67,21,476.0,625.0,0.0,2,0.0,true,"City14(Day 1) -> City22(Day 2) -> City18(Day 3)"
67,22,543.0,676.0,0.0,2,0.0,true,"City14(Day 1) -> City4(Day 4) -> City18(Day 5)"
67,23,168.0,49.0,0.0,2,0.0,true,"City16(Day 1)"
67,24,384.0,529.0,0.0,2,0.0,true,"City16(Day 1) -> City22(Day 2) -> City18(Day 4)"
67,25,190.0,64.0,0.0,3,0.0,true,"City18(Day 5)"
67,26,483.0,625.0,0.0,3,0.0,true,"City14(Day 1) -> City18(Day 3) -> City22(Day 6)"
67,27,315.0,256.0,0.0,3,0.0,true,"City18(Day 2) -> City22(Day 5)"
67,28,181.0,16.0,0.0,3,0.0,true,"City19(Day 0)"
67,29,234.0,121.0,0.0,3,0.0,true,"City16(Day 1) -> City19(Day 3)"
67,30,424.0,576.0,0.0,3,0.0,true,"City14(Day 1) -> City16(Day 3) -> City18(Day 4)"
67,31,360.0,441.0,0.0,3,0.0,true,"City16(Day 1) -> City24(Day 2) -> City18(Day 4)"
67,32,386.0,529.0,0.0,3,0.0,true,"City16(Day 0) -> City22(Day 2) -> City18(Day 4)"
67,33,544.0,676.0,0.0,3,0.0,true,"City4(Day 1) -> City14(Day 2) -> City18(Day 3)"
67,34,258.0,225.0,0.0,3,0.0,true,"City16(Day 1) -> City18(Day 5)"
67,35,343.0,289.0,0.0,3,0.0,true,"City14(Day 1) -> City18(Day 4)"
67,36,352.0,361.0,0.0,3,0.0,true,"City19(Day 2) -> City16(Day 3) -> City18(Day 4)"
67,37,236.0,121.0,0.0,4,0.0,true,"City16(Day 0) -> City19(Day 3)"
67,38,426.0,576.0,0.0,4,0.0,true,"City4(Day 2) -> City16(Day 3) -> City18(Day 5)"
67,39,551.0,676.0,0.0,4,0.0,true,"City4(Day 2) -> City14(Day 4) -> City18(Day 5)"
67,40,484.0,625.0,0.0,4,0.0,true,"City4(Day 2) -> City22(Day 3) -> City18(Day 4)"
67,41,260.0,225.0,0.0,4,0.0,true,"City16(Day 0) -> City18(Day 5)"
67,42,356.0,361.0,0.0,4,0.0,true,"City16(Day 0) -> City18(Day 1) -> City19(Day 3)"
67,43,356.0,361.0,0.0,4,0.0,true,"City19(Day 3) -> City16(Day 4) -> City18(Day 5)"
67,44,388.0,529.0,0.0,4,0.0,true,"City16(Day 0) -> City18(Day 1) -> City22(Day 5)"
67,45,197.0,49.0,0.0,4,0.0,true,"City16(Day 4)"
67,46,188.0,16.0,0.0,4,0.0,true,"City19(Day 6)"
67,47,361.0,441.0,0.0,4,0.0,true,"City16(Day 0) -> City18(Day 1) -> City24(Day 3)"
67,48,215.0,64.0,0.0,4,0.0,true,"City22(Day 1)"
67,49,355.0,289.0,0.0,4,0.0,true,"City16(Day 1) -> City19(Day 2) -> City24(Day 3)"
67,50,320.0,256.0,0.0,4,0.0,true,"City22(Day 2) -> City18(Day 4)"
67,51,192.0,36.0,0.0,4,0.0,true,"City24(Day 3)"
67,52,257.0,121.0,0.0,5,0.0,true,"City16(Day 1) -> City19(Day 6)"
67,53,360.0,361.0,0.0,5,0.0,true,"City16(Day 1) -> City18(Day 2) -> City19(Day 3)"
67,54,564.0,676.0,0.0,5,0.0,true,"City4(Day 1) -> City14(Day 4) -> City18(Day 5)"
67,55,194.0,36.0,0.0,5,0.0,true,"City24(Day 1)"
67,56,362.0,441.0,0.0,5,0.0,true,"City16(Day 0) -> City24(Day 2) -> City18(Day 4)"
67,57,356.0,289.0,0.0,5,0.0,true,"City14(Day 1) -> City18(Day 3)"
67,58,392.0,529.0,0.0,5,0.0,true,"City16(Day 1) -> City18(Day 2) -> City22(Day 5)"
67,59,322.0,256.0,0.0,5,0.0,true,"City14(Day 4) -> City16(Day 6)"
67,60,269.0,169.0,0.0,5,0.0,true,"City16(Day 2) -> City24(Day 3)"
67,61,271.0,225.0,0.0,5,0.0,true,"City16(Day 4) -> City18(Day 5)"
67,62,435.0,576.0,0.0,5,0.0,true,"City18(Day 4) -> City14(Day 5) -> City16(Day 6)"
67,63,253.0,81.0,0.0,5,0.0,true,"City4(Day 2)"
67,64,257.0,121.0,0.0,5,0.0,true,"City19(Day 3) -> City16(Day 6)"
67,65,200.0,49.0,0.0,5,0.0,true,"City16(Day 0)"
67,66,322.0,256.0,0.0,5,0.0,true,"City14(Day 1) -> City16(Day 6)"
67,67,486.0,625.0,0.0,5,0.0,true,"City4(Day 2) -> City18(Day 3) -> City22(Day 5)"
67,68,268.0,144.0,0.0,5,0.0,true,"City19(Day 3) -> City18(Day 4)"
67,69,224.0,64.0,0.0,5,0.0,true,"City22(Day 6)"
67,70,244.0,64.0,0.0,6,0.0,true,"City18(Day 2)"
67,71,394.0,529.0,0.0,6,0.0,true,"City16(Day 0) -> City18(Day 2) -> City22(Day 5)"
67,72,366.0,361.0,0.0,6,0.0,true,"City16(Day 1) -> City19(Day 3) -> City18(Day 4)"
67,73,518.0,625.0,0.0,6,0.0,true,"City22(Day 1) -> City18(Day 3) -> City14(Day 5)"
67,74,451.0,576.0,0.0,6,0.0,true,"City14(Day 1) -> City16(Day 2) -> City18(Day 4)"
67,75,259.0,121.0,0.0,6,0.0,true,"City16(Day 0) -> City19(Day 6)"
68,1,154.0,49.0,0.0,1,0.0,true,"City16(Day 6)"
68,2,346.0,441.0,0.0,1,0.0,true,"City16(Day 1) -> City24(Day 3) -> City18(Day 4)"
68,3,382.0,529.0,0.0,1,0.0,true,"City16(Day 1) -> City18(Day 4) -> City22(Day 5)"
68,4,237.0,225.0,0.0,1,0.0,true,"City16(Day 1) -> City18(Day 4)"
68,5,309.0,256.0,0.0,1,0.0,true,"City22(Day 3) -> City18(Day 4)"
68,6,459.0,625.0,0.0,1,0.0,true,"City14(Day 1) -> City22(Day 2) -> City18(Day 4)"
68,7,136.0,16.0,0.0,1,0.0,true,"City19(Day 3)"
68,8,532.0,676.0,0.0,1,0.0,true,"City4(Day 2) -> City14(Day 3) -> City18(Day 4)"
68,9,232.0,169.0,0.0,1,0.0,true,"City16(Day 1) -> City24(Day 3)"
68,10,405.0,576.0,0.0,1,0.0,true,"City4(Day 2) -> City16(Day 3) -> City18(Day 4)"
68,11,165.0,64.0,0.0,1,0.0,true,"City18(Day 4)"
68,12,341.0,361.0,0.0,1,0.0,true,"City19(Day 0) -> City16(Day 3) -> City18(Day 4)"
68,13,384.0,529.0,0.0,2,0.0,true,"City16(Day 1) -> City22(Day 2) -> City18(Day 4)"
68,14,310.0,256.0,0.0,2,0.0,true,"City18(Day 4) -> City22(Day 5)"
68,15,543.0,676.0,0.0,2,0.0,true,"City14(Day 1) -> City4(Day 4) -> City18(Day 5)"
68,16,348.0,441.0,0.0,2,0.0,true,"City16(Day 0) -> City24(Day 3) -> City18(Day 4)"
68,17,476.0,625.0,0.0,2,0.0,true,"City14(Day 1) -> City22(Day 2) -> City18(Day 3)"
68,18,342.0,361.0,0.0,2,0.0,true,"City19(Day 1) -> City16(Day 3) -> City18(Day 4)"
68,19,169.0,64.0,0.0,2,0.0,true,"City22(Day 5)"
68,20,234.0,169.0,0.0,2,0.0,true,"City16(Day 0) -> City24(Day 3)"
68,21,239.0,225.0,0.0,2,0.0,true,"City16(Day 0) -> City18(Day 4)"
68,22,168.0,49.0,0.0,2,0.0,true,"City16(Day 1)"
68,23,423.0,576.0,0.0,2,0.0,true,"City16(Day 0) -> City14(Day 1) -> City18(Day 4)"
68,24,384.0,529.0,0.0,2,0.0,true,"City16(Day 0) -> City18(Day 4) -> City22(Day 5)"
68,25,258.0,225.0,0.0,3,0.0,true,"City16(Day 1) -> City18(Day 5)"
68,26,343.0,289.0,0.0,3,0.0,true,"City14(Day 1) -> City18(Day 4)"
68,27,315.0,256.0,0.0,3,0.0,true,"City18(Day 2) -> City22(Day 5)"
68,28,544.0,676.0,0.0,3,0.0,true,"City4(Day 1) -> City14(Day 2) -> City18(Day 3)"
68,29,234.0,121.0,0.0,3,0.0,true,"City16(Day 1) -> City19(Day 3)"
68,30,352.0,361.0,0.0,3,0.0,true,"City19(Day 2) -> City16(Day 3) -> City18(Day 4)"
68,31,360.0,441.0,0.0,3,0.0,true,"City16(Day 1) -> City24(Day 2) -> City18(Day 4)"
68,32,483.0,625.0,0.0,3,0.0,true,"City14(Day 1) -> City18(Day 3) -> City22(Day 6)"
68,33,190.0,64.0,0.0,3,0.0,true,"City18(Day 5)"
68,34,181.0,16.0,0.0,3,0.0,true,"City19(Day 0)"
68,35,424.0,576.0,0.0,3,0.0,true,"City14(Day 1) -> City16(Day 3) -> City18(Day 4)"
68,36,386.0,529.0,0.0,3,0.0,true,"City16(Day 0) -> City22(Day 2) -> City18(Day 4)"
68,37,355.0,289.0,0.0,4,0.0,true,"City16(Day 1) -> City19(Day 2) -> City24(Day 3)"
68,38,215.0,64.0,0.0,4,0.0,true,"City22(Day 1)"
68,39,192.0,36.0,0.0,4,0.0,true,"City24(Day 3)"
68,40,426.0,576.0,0.0,4,0.0,true,"City4(Day 2) -> City16(Day 3) -> City18(Day 5)"
68,41,236.0,121.0,0.0,4,0.0,true,"City16(Day 0) -> City19(Day 3)"
68,42,551.0,676.0,0.0,4,0.0,true,"City4(Day 2) -> City14(Day 4) -> City18(Day 5)"
68,43,197.0,49.0,0.0,4,0.0,true,"City16(Day 4)"
68,44,188.0,16.0,0.0,4,0.0,true,"City19(Day 6)"
68,45,484.0,625.0,0.0,4,0.0,true,"City4(Day 2) -> City22(Day 3) -> City18(Day 4)"
68,46,361.0,441.0,0.0,4,0.0,true,"City16(Day 0) -> City18(Day 1) -> City24(Day 3)"
68,47,356.0,361.0,0.0,4,0.0,true,"City19(Day 3) -> City16(Day 4) -> City18(Day 5)"
68,48,388.0,529.0,0.0,4,0.0,true,"City16(Day 0) -> City18(Day 1) -> City22(Day 5)"
68,49,356.0,361.0,0.0,4,0.0,true,"City16(Day 0) -> City18(Day 1) -> City19(Day 3)"
68,50,260.0,225.0,0.0,4,0.0,true,"City16(Day 0) -> City18(Day 5)"
68,51,320.0,256.0,0.0,4,0.0,true,"City22(Day 2) -> City18(Day 4)"
68,52,271.0,225.0,0.0,5,0.0,true,"City16(Day 4) -> City18(Day 5)"
68,53,269.0,169.0,0.0,5,0.0,true,"City16(Day 2) -> City24(Day 3)"
68,54,200.0,49.0,0.0,5,0.0,true,"City16(Day 0)"
68,55,435.0,576.0,0.0,5,0.0,true,"City18(Day 4) -> City14(Day 5) -> City16(Day 6)"
68,56,253.0,81.0,0.0,5,0.0,true,"City4(Day 2)"
68,57,486.0,625.0,0.0,5,0.0,true,"City4(Day 2) -> City18(Day 3) -> City22(Day 5)"
68,58,564.0,676.0,0.0,5,0.0,true,"City4(Day 1) -> City14(Day 4) -> City18(Day 5)"
68,59,257.0,121.0,0.0,5,0.0,true,"City16(Day 1) -> City19(Day 6)"
68,60,224.0,64.0,0.0,5,0.0,true,"City22(Day 6)"
68,61,268.0,144.0,0.0,5,0.0,true,"City19(Day 3) -> City18(Day 4)"
68,62,194.0,36.0,0.0,5,0.0,true,"City24(Day 1)"
68,63,322.0,256.0,0.0,5,0.0,true,"City14(Day 1) -> City16(Day 6)"
68,64,360.0,361.0,0.0,5,0.0,true,"City16(Day 1) -> City18(Day 2) -> City19(Day 3)"
68,65,322.0,256.0,0.0,5,0.0,true,"City14(Day 4) -> City16(Day 6)"
68,66,257.0,121.0,0.0,5,0.0,true,"City19(Day 3) -> City16(Day 6)"
68,67,356.0,289.0,0.0,5,0.0,true,"City14(Day 1) -> City18(Day 3)"
68,68,392.0,529.0,0.0,5,0.0,true,"City16(Day 1) -> City18(Day 2) -> City22(Day 5)"
68,69,362.0,441.0,0.0,5,0.0,true,"City16(Day 0) -> City24(Day 2) -> City18(Day 4)"
68,70,244.0,64.0,0.0,6,0.0,true,"City18(Day 2)"
68,71,518.0,625.0,0.0,6,0.0,true,"City22(Day 1) -> City18(Day 3) -> City14(Day 5)"
68,72,304.0,225.0,0.0,6,0.0,true,"City16(Day 1) -> City18(Day 3)"
68,73,436.0,576.0,0.0,6,0.0,true,"City16(Day 0) -> City14(Day 1) -> City18(Day 3)"
68,74,366.0,361.0,0.0,6,0.0,true,"City16(Day 1) -> City19(Day 3) -> City18(Day 4)"
68,75,593.0,676.0,0.0,6,0.0,true,"City14(Day 1) -> City4(Day 3) -> City18(Day 5)"
69,1,346.0,441.0,0.0,1,0.0,true,"City16(Day 1) -> City24(Day 3) -> City18(Day 4)"
69,2,532.0,676.0,0.0,1,0.0,true,"City4(Day 2) -> City14(Day 3) -> City18(Day 4)"
69,3,459.0,625.0,0.0,1,0.0,true,"City14(Day 1) -> City22(Day 2) -> City18(Day 4)"
69,4,136.0,16.0,0.0,1,0.0,true,"City19(Day 3)"
69,5,237.0,225.0,0.0,1,0.0,true,"City16(Day 1) -> City18(Day 4)"
69,6,165.0,64.0,0.0,1,0.0,true,"City18(Day 4)"
69,7,232.0,169.0,0.0,1,0.0,true,"City16(Day 1) -> City24(Day 3)"
69,8,382.0,529.0,0.0,1,0.0,true,"City16(Day 1) -> City18(Day 4) -> City22(Day 5)"
69,9,154.0,49.0,0.0,1,0.0,true,"City16(Day 6)"
69,10,405.0,576.0,0.0,1,0.0,true,"City4(Day 2) -> City16(Day 3) -> City18(Day 4)"
69,11,309.0,256.0,0.0,1,0.0,true,"City22(Day 3) -> City18(Day 4)"
69,12,341.0,361.0,0.0,1,0.0,true,"City19(Day 0) -> City16(Day 3) -> City18(Day 4)"
69,13,348.0,441.0,0.0,2,0.0,true,"City16(Day 0) -> City24(Day 3) -> City18(Day 4)"
69,14,342.0,361.0,0.0,2,0.0,true,"City19(Day 1) -> City16(Day 3) -> City18(Day 4)"
69,15,169.0,64.0,0.0,2,0.0,true,"City22(Day 5)"
69,16,543.0,676.0,0.0,2,0.0,true,"City14(Day 1) -> City4(Day 4) -> City18(Day 5)"
69,17,168.0,49.0,0.0,2,0.0,true,"City16(Day 1)"
69,18,423.0,576.0,0.0,2,0.0,true,"City16(Day 0) -> City14(Day 1) -> City18(Day 4)"
69,19,239.0,225.0,0.0,2,0.0,true,"City16(Day 0) -> City18(Day 4)"
69,20,310.0,256.0,0.0,2,0.0,true,"City18(Day 4) -> City22(Day 5)"
69,21,234.0,169.0,0.0,2,0.0,true,"City16(Day 0) -> City24(Day 3)"
69,22,384.0,529.0,0.0,2,0.0,true,"City16(Day 0) -> City18(Day 4) -> City22(Day 5)"
69,23,384.0,529.0,0.0,2,0.0,true,"City16(Day 1) -> City22(Day 2) -> City18(Day 4)"
69,24,476.0,625.0,0.0,2,0.0,true,"City14(Day 1) -> City22(Day 2) -> City18(Day 3)"
69,25,386.0,529.0,0.0,3,0.0,true,"City16(Day 0) -> City22(Day 2) -> City18(Day 4)"
69,26,258.0,225.0,0.0,3,0.0,true,"City16(Day 1) -> City18(Day 5)"
69,27,424.0,576.0,0.0,3,0.0,true,"City14(Day 1) -> City16(Day 3) -> City18(Day 4)"
69,28,190.0,64.0,0.0,3,0.0,true,"City18(Day 5)"
69,29,352.0,361.0,0.0,3,0.0,true,"City19(Day 2) -> City16(Day 3) -> City18(Day 4)"
69,30,315.0,256.0,0.0,3,0.0,true,"City18(Day 2) -> City22(Day 5)"
69,31,234.0,121.0,0.0,3,0.0,true,"City16(Day 1) -> City19(Day 3)"
69,32,360.0,441.0,0.0,3,0.0,true,"City16(Day 1) -> City24(Day 2) -> City18(Day 4)"
69,33,483.0,625.0,0.0,3,0.0,true,"City14(Day 1) -> City18(Day 3) -> City22(Day 6)"
69,34,181.0,16.0,0.0,3,0.0,true,"City19(Day 0)"
69,35,343.0,289.0,0.0,3,0.0,true,"City14(Day 1) -> City18(Day 4)"
69,36,544.0,676.0,0.0,3,0.0,true,"City4(Day 1) -> City14(Day 2) -> City18(Day 3)"
69,37,426.0,576.0,0.0,4,0.0,true,"City4(Day 2) -> City16(Day 3) -> City18(Day 5)"
69,38,388.0,529.0,0.0,4,0.0,true,"City16(Day 0) -> City18(Day 1) -> City22(Day 5)"
69,39,356.0,361.0,0.0,4,0.0,true,"City19(Day 3) -> City16(Day 4) -> City18(Day 5)"
69,40,192.0,36.0,0.0,4,0.0,true,"City24(Day 3)"
69,41,551.0,676.0,0.0,4,0.0,true,"City4(Day 2) -> City14(Day 4) -> City18(Day 5)"
69,42,361.0,441.0,0.0,4,0.0,true,"City16(Day 0) -> City18(Day 1) -> City24(Day 3)"
69,43,236.0,121.0,0.0,4,0.0,true,"City16(Day 0) -> City19(Day 3)"
69,44,355.0,289.0,0.0,4,0.0,true,"City16(Day 1) -> City19(Day 2) -> City24(Day 3)"
69,45,215.0,64.0,0.0,4,0.0,true,"City22(Day 1)"
69,46,197.0,49.0,0.0,4,0.0,true,"City16(Day 4)"
69,47,320.0,256.0,0.0,4,0.0,true,"City22(Day 2) -> City18(Day 4)"
69,48,484.0,625.0,0.0,4,0.0,true,"City4(Day 2) -> City22(Day 3) -> City18(Day 4)"
69,49,260.0,225.0,0.0,4,0.0,true,"City16(Day 0) -> City18(Day 5)"
69,50,188.0,16.0,0.0,4,0.0,true,"City19(Day 6)"
69,51,356.0,361.0,0.0,4,0.0,true,"City16(Day 0) -> City18(Day 1) -> City19(Day 3)"
69,52,253.0,81.0,0.0,5,0.0,true,"City4(Day 2)"
69,53,435.0,576.0,0.0,5,0.0,true,"City18(Day 4) -> City14(Day 5) -> City16(Day 6)"
69,54,224.0,64.0,0.0,5,0.0,true,"City22(Day 6)"
69,55,360.0,361.0,0.0,5,0.0,true,"City16(Day 1) -> City18(Day 2) -> City19(Day 3)"
69,56,200.0,49.0,0.0,5,0.0,true,"City16(Day 0)"
69,57,271.0,225.0,0.0,5,0.0,true,"City16(Day 4) -> City18(Day 5)"
69,58,392.0,529.0,0.0,5,0.0,true,"City16(Day 1) -> City18(Day 2) -> City22(Day 5)"
69,59,269.0,169.0,0.0,5,0.0,true,"City16(Day 2) -> City24(Day 3)"
69,60,564.0,676.0,0.0,5,0.0,true,"City4(Day 1) -> City14(Day 4) -> City18(Day 5)"
69,61,486.0,625.0,0.0,5,0.0,true,"City4(Day 2) -> City18(Day 3) -> City22(Day 5)"
69,62,194.0,36.0,0.0,5,0.0,true,"City24(Day 1)"
69,63,257.0,121.0,0.0,5,0.0,true,"City16(Day 1) -> City19(Day 6)"
69,64,322.0,256.0,0.0,5,0.0,true,"City14(Day 4) -> City16(Day 6)"
69,65,356.0,289.0,0.0,5,0.0,true,"City14(Day 1) -> City18(Day 3)"
69,66,322.0,256.0,0.0,5,0.0,true,"City14(Day 1) -> City16(Day 6)"
69,67,362.0,441.0,0.0,5,0.0,true,"City16(Day 0) -> City24(Day 2) -> City18(Day 4)"
69,68,257.0,121.0,0.0,5,0.0,true,"City19(Day 3) -> City16(Day 6)"
69,69,268.0,144.0,0.0,5,0.0,true,"City19(Day 3) -> City18(Day 4)"
69,70,271.0,121.0,0.0,6,0.0,true,"City16(Day 2) -> City19(Day 3)"
69,71,402.0,441.0,0.0,6,0.0,true,"City24(Day 2) -> City18(Day 4) -> City16(Day 5)"
69,72,304.0,225.0,0.0,6,0.0,true,"City16(Day 1) -> City18(Day 3)"
69,73,436.0,576.0,0.0,6,0.0,true,"City16(Day 0) -> City14(Day 1) -> City18(Day 3)"
69,74,593.0,676.0,0.0,6,0.0,true,"City14(Day 1) -> City4(Day 3) -> City18(Day 5)"
69,75,230.0,64.0,0.0,6,0.0,true,"City18(Day 1)"
70,1,405.0,576.0,0.0,1,0.0,true,"City4(Day 2) -> City16(Day 3) -> City18(Day 4)"
70,2,382.0,529.0,0.0,1,0.0,true,"City16(Day 1) -> City18(Day 4) -> City22(Day 5)"
70,3,154.0,49.0,0.0,1,0.0,true,"City16(Day 6)"
70,4,165.0,64.0,0.0,1,0.0,true,"City18(Day 4)"
70,5,136.0,16.0,0.0,1,0.0,true,"City19(Day 3)"
70,6,232.0,169.0,0.0,1,0.0,true,"City16(Day 1) -> City24(Day 3)"
70,7,309.0,256.0,0.0,1,0.0,true,"City22(Day 3) -> City18(Day 4)"
70,8,532.0,676.0,0.0,1,0.0,true,"City4(Day 2) -> City14(Day 3) -> City18(Day 4)"
70,9,459.0,625.0,0.0,1,0.0,true,"City14(Day 1) -> City22(Day 2) -> City18(Day 4)"
70,10,346.0,441.0,0.0,1,0.0,true,"City16(Day 1) -> City24(Day 3) -> City18(Day 4)"
70,11,341.0,361.0,0.0,1,0.0,true,"City19(Day 0) -> City16(Day 3) -> City18(Day 4)"
70,12,237.0,225.0,0.0,1,0.0,true,"City16(Day 1) -> City18(Day 4)"
70,13,234.0,169.0,0.0,2,0.0,true,"City16(Day 0) -> City24(Day 3)"
70,14,310.0,256.0,0.0,2,0.0,true,"City18(Day 4) -> City22(Day 5)"
70,15,239.0,225.0,0.0,2,0.0,true,"City16(Day 0) -> City18(Day 4)"
70,16,169.0,64.0,0.0,2,0.0,true,"City22(Day 5)"
70,17,384.0,529.0,0.0,2,0.0,true,"City16(Day 0) -> City18(Day 4) -> City22(Day 5)"
70,18,423.0,576.0,0.0,2,0.0,true,"City16(Day 0) -> City14(Day 1) -> City18(Day 4)"
70,19,342.0,361.0,0.0,2,0.0,true,"City19(Day 1) -> City16(Day 3) -> City18(Day 4)"
70,20,543.0,676.0,0.0,2,0.0,true,"City14(Day 1) -> City4(Day 4) -> City18(Day 5)"
70,21,384.0,529.0,0.0,2,0.0,true,"City16(Day 1) -> City22(Day 2) -> City18(Day 4)"
70,22,168.0,49.0,0.0,2,0.0,true,"City16(Day 1)"
70,23,476.0,625.0,0.0,2,0.0,true,"City14(Day 1) -> City22(Day 2) -> City18(Day 3)"
70,24,348.0,441.0,0.0,2,0.0,true,"City16(Day 0) -> City24(Day 3) -> City18(Day 4)"
70,25,258.0,225.0,0.0,3,0.0,true,"City16(Day 1) -> City18(Day 5)"
70,26,190.0,64.0,0.0,3,0.0,true,"City18(Day 5)"
70,27,483.0,625.0,0.0,3,0.0,true,"City14(Day 1) -> City18(Day 3) -> City22(Day 6)"
70,28,181.0,16.0,0.0,3,0.0,true,"City19(Day 0)"
70,29,315.0,256.0,0.0,3,0.0,true,"City18(Day 2) -> City22(Day 5)"
70,30,352.0,361.0,0.0,3,0.0,true,"City19(Day 2) -> City16(Day 3) -> City18(Day 4)"
70,31,360.0,441.0,0.0,3,0.0,true,"City16(Day 1) -> City24(Day 2) -> City18(Day 4)"
70,32,544.0,676.0,0.0,3,0.0,true,"City4(Day 1) -> City14(Day 2) -> City18(Day 3)"
70,33,386.0,529.0,0.0,3,0.0,true,"City16(Day 0) -> City22(Day 2) -> City18(Day 4)"
70,34,424.0,576.0,0.0,3,0.0,true,"City14(Day 1) -> City16(Day 3) -> City18(Day 4)"
70,35,343.0,289.0,0.0,3,0.0,true,"City14(Day 1) -> City18(Day 4)"
70,36,234.0,121.0,0.0,3,0.0,true,"City16(Day 1) -> City19(Day 3)"
70,37,356.0,361.0,0.0,4,0.0,true,"City16(Day 0) -> City18(Day 1) -> City19(Day 3)"
70,38,215.0,64.0,0.0,4,0.0,true,"City22(Day 1)"
70,39,356.0,361.0,0.0,4,0.0,true,"City19(Day 3) -> City16(Day 4) -> City18(Day 5)"
70,40,355.0,289.0,0.0,4,0.0,true,"City16(Day 1) -> City19(Day 2) -> City24(Day 3)"
70,41,320.0,256.0,0.0,4,0.0,true,"City22(Day 2) -> City18(Day 4)"
70,42,551.0,676.0,0.0,4,0.0,true,"City4(Day 2) -> City14(Day 4) -> City18(Day 5)"
70,43,188.0,16.0,0.0,4,0.0,true,"City19(Day 6)"
70,44,426.0,576.0,0.0,4,0.0,true,"City4(Day 2) -> City16(Day 3) -> City18(Day 5)"
70,45,260.0,225.0,0.0,4,0.0,true,"City16(Day 0) -> City18(Day 5)"
70,46,361.0,441.0,0.0,4,0.0,true,"City16(Day 0) -> City18(Day 1) -> City24(Day 3)"
70,47,192.0,36.0,0.0,4,0.0,true,"City24(Day 3)"
70,48,197.0,49.0,0.0,4,0.0,true,"City16(Day 4)"
70,49,484.0,625.0,0.0,4,0.0,true,"City4(Day 2) -> City22(Day 3) -> City18(Day 4)"
70,50,236.0,121.0,0.0,4,0.0,true,"City16(Day 0) -> City19(Day 3)"
70,51,388.0,529.0,0.0,4,0.0,true,"City16(Day 0) -> City18(Day 1) -> City22(Day 5)"
70,52,253.0,81.0,0.0,5,0.0,true,"City4(Day 2)"
70,53,362.0,441.0,0.0,5,0.0,true,"City16(Day 0) -> City24(Day 2) -> City18(Day 4)"
70,54,257.0,121.0,0.0,5,0.0,true,"City19(Day 3) -> City16(Day 6)"
70,55,194.0,36.0,0.0,5,0.0,true,"City24(Day 1)"
70,56,269.0,169.0,0.0,5,0.0,true,"City16(Day 2) -> City24(Day 3)"
70,57,257.0,121.0,0.0,5,0.0,true,"City16(Day 1) -> City19(Day 6)"
70,58,435.0,576.0,0.0,5,0.0,true,"City18(Day 4) -> City14(Day 5) -> City16(Day 6)"
70,59,224.0,64.0,0.0,5,0.0,true,"City22(Day 6)"
70,60,392.0,529.0,0.0,5,0.0,true,"City16(Day 1) -> City18(Day 2) -> City22(Day 5)"
70,61,486.0,625.0,0.0,5,0.0,true,"City4(Day 2) -> City18(Day 3) -> City22(Day 5)"
70,62,200.0,49.0,0.0,5,0.0,true,"City16(Day 0)"
70,63,322.0,256.0,0.0,5,0.0,true,"City14(Day 1) -> City16(Day 6)"
70,64,564.0,676.0,0.0,5,0.0,true,"City4(Day 1) -> City14(Day 4) -> City18(Day 5)"
70,65,271.0,225.0,0.0,5,0.0,true,"City16(Day 4) -> City18(Day 5)"
70,66,356.0,289.0,0.0,5,0.0,true,"City14(Day 1) -> City18(Day 3)"
70,67,360.0,361.0,0.0,5,0.0,true,"City16(Day 1) -> City18(Day 2) -> City19(Day 3)"
70,68,322.0,256.0,0.0,5,0.0,true,"City14(Day 4) -> City16(Day 6)"
70,69,268.0,144.0,0.0,5,0.0,true,"City19(Day 3) -> City18(Day 4)"
70,70,499.0,625.0,0.0,6,0.0,true,"City14(Day 1) -> City22(Day 3) -> City18(Day 4)"
70,71,299.0,225.0,0.0,6,0.0,true,"City22(Day 4) -> City16(Day 5)"
70,72,230.0,64.0,0.0,6,0.0,true,"City18(Day 1)"
70,73,332.0,256.0,0.0,6,0.0,true,"City18(Day 4) -> City22(Day 6)"
70,74,436.0,576.0,0.0,6,0.0,true,"City16(Day 0) -> City14(Day 1) -> City18(Day 3)"
70,75,271.0,121.0,0.0,6,0.0,true,"City16(Day 2) -> City19(Day 3)"
71,1,136.0,16.0,0.0,1,0.0,true,"City19(Day 3)"
71,2,232.0,169.0,0.0,1,0.0,true,"City16(Day 1) -> City24(Day 3)"
71,3,165.0,64.0,0.0,1,0.0,true,"City18(Day 4)"
71,4,532.0,676.0,0.0,1,0.0,true,"City4(Day 2) -> City14(Day 3) -> City18(Day 4)"
71,5,309.0,256.0,0.0,1,0.0,true,"City22(Day 3) -> City18(Day 4)"
71,6,405.0,576.0,0.0,1,0.0,true,"City4(Day 2) -> City16(Day 3) -> City18(Day 4)"
71,7,382.0,529.0,0.0,1,0.0,true,"City16(Day 1) -> City18(Day 4) -> City22(Day 5)"
71,8,237.0,225.0,0.0,1,0.0,true,"City16(Day 1) -> City18(Day 4)"
71,9,459.0,625.0,0.0,1,0.0,true,"City14(Day 1) -> City22(Day 2) -> City18(Day 4)"
71,10,346.0,441.0,0.0,1,0.0,true,"City16(Day 1) -> City24(Day 3) -> City18(Day 4)"
71,11,154.0,49.0,0.0,1,0.0,true,"City16(Day 6)"
71,12,341.0,361.0,0.0,1,0.0,true,"City19(Day 0) -> City16(Day 3) -> City18(Day 4)"
71,13,310.0,256.0,0.0,2,0.0,true,"City18(Day 4) -> City22(Day 5)"
71,14,168.0,49.0,0.0,2,0.0,true,"City16(Day 1)"
71,15,169.0,64.0,0.0,2,0.0,true,"City22(Day 5)"
71,16,239.0,225.0,0.0,2,0.0,true,"City16(Day 0) -> City18(Day 4)"
71,17,543.0,676.0,0.0,2,0.0,true,"City14(Day 1) -> City4(Day 4) -> City18(Day 5)"
71,18,384.0,529.0,0.0,2,0.0,true,"City16(Day 1) -> City22(Day 2) -> City18(Day 4)"
71,19,342.0,361.0,0.0,2,0.0,true,"City19(Day 1) -> City16(Day 3) -> City18(Day 4)"
71,20,423.0,576.0,0.0,2,0.0,true,"City16(Day 0) -> City14(Day 1) -> City18(Day 4)"
71,21,476.0,625.0,0.0,2,0.0,true,"City14(Day 1) -> City22(Day 2) -> City18(Day 3)"
71,22,234.0,169.0,0.0,2,0.0,true,"City16(Day 0) -> City24(Day 3)"
71,23,348.0,441.0,0.0,2,0.0,true,"City16(Day 0) -> City24(Day 3) -> City18(Day 4)"
71,24,384.0,529.0,0.0,2,0.0,true,"City16(Day 0) -> City18(Day 4) -> City22(Day 5)"
71,25,386.0,529.0,0.0,3,0.0,true,"City16(Day 0) -> City22(Day 2) -> City18(Day 4)"
71,26,343.0,289.0,0.0,3,0.0,true,"City14(Day 1) -> City18(Day 4)"
71,27,258.0,225.0,0.0,3,0.0,true,"City16(Day 1) -> City18(Day 5)"
71,28,315.0,256.0,0.0,3,0.0,true,"City18(Day 2) -> City22(Day 5)"
71,29,234.0,121.0,0.0,3,0.0,true,"City16(Day 1) -> City19(Day 3)"
71,30,181.0,16.0,0.0,3,0.0,true,"City19(Day 0)"
71,31,190.0,64.0,0.0,3,0.0,true,"City18(Day 5)"
71,32,424.0,576.0,0.0,3,0.0,true,"City14(Day 1) -> City16(Day 3) -> City18(Day 4)"
71,33,352.0,361.0,0.0,3,0.0,true,"City19(Day 2) -> City16(Day 3) -> City18(Day 4)"
71,34,544.0,676.0,0.0,3,0.0,true,"City4(Day 1) -> City14(Day 2) -> City18(Day 3)"
71,35,483.0,625.0,0.0,3,0.0,true,"City14(Day 1) -> City18(Day 3) -> City22(Day 6)"
71,36,360.0,441.0,0.0,3,0.0,true,"City16(Day 1) -> City24(Day 2) -> City18(Day 4)"
71,37,484.0,625.0,0.0,4,0.0,true,"City4(Day 2) -> City22(Day 3) -> City18(Day 4)"
71,38,355.0,289.0,0.0,4,0.0,true,"City16(Day 1) -> City19(Day 2) -> City24(Day 3)"
71,39,426.0,576.0,0.0,4,0.0,true,"City4(Day 2) -> City16(Day 3) -> City18(Day 5)"
71,40,260.0,225.0,0.0,4,0.0,true,"City16(Day 0) -> City18(Day 5)"
71,41,215.0,64.0,0.0,4,0.0,true,"City22(Day 1)"
71,42,188.0,16.0,0.0,4,0.0,true,"City19(Day 6)"
71,43,551.0,676.0,0.0,4,0.0,true,"City4(Day 2) -> City14(Day 4) -> City18(Day 5)"
71,44,197.0,49.0,0.0,4,0.0,true,"City16(Day 4)"
71,45,236.0,121.0,0.0,4,0.0,true,"City16(Day 0) -> City19(Day 3)"
71,46,388.0,529.0,0.0,4,0.0,true,"City16(Day 0) -> City18(Day 1) -> City22(Day 5)"
71,47,361.0,441.0,0.0,4,0.0,true,"City16(Day 0) -> City18(Day 1) -> City24(Day 3)"
71,48,320.0,256.0,0.0,4,0.0,true,"City22(Day 2) -> City18(Day 4)"
71,49,192.0,36.0,0.0,4,0.0,true,"City24(Day 3)"
71,50,356.0,361.0,0.0,4,0.0,true,"City19(Day 3) -> City16(Day 4) -> City18(Day 5)"
71,51,356.0,361.0,0.0,4,0.0,true,"City16(Day 0) -> City18(Day 1) -> City19(Day 3)"
71,52,486.0,625.0,0.0,5,0.0,true,"City4(Day 2) -> City18(Day 3) -> City22(Day 5)"
71,53,435.0,576.0,0.0,5,0.0,true,"City18(Day 4) -> City14(Day 5) -> City16(Day 6)"
71,54,322.0,256.0,0.0,5,0.0,true,"City14(Day 1) -> City16(Day 6)"
71,55,564.0,676.0,0.0,5,0.0,true,"City4(Day 1) -> City14(Day 4) -> City18(Day 5)"
71,56,257.0,121.0,0.0,5,0.0,true,"City19(Day 3) -> City16(Day 6)"
71,57,253.0,81.0,0.0,5,0.0,true,"City4(Day 2)"
71,58,257.0,121.0,0.0,5,0.0,true,"City16(Day 1) -> City19(Day 6)"
71,59,224.0,64.0,0.0,5,0.0,true,"City22(Day 6)"
71,60,360.0,361.0,0.0,5,0.0,true,"City16(Day 1) -> City18(Day 2) -> City19(Day 3)"
71,61,200.0,49.0,0.0,5,0.0,true,"City16(Day 0)"
71,62,356.0,289.0,0.0,5,0.0,true,"City14(Day 1) -> City18(Day 3)"
71,63,271.0,225.0,0.0,5,0.0,true,"City16(Day 4) -> City18(Day 5)"
71,64,268.0,144.0,0.0,5,0.0,true,"City19(Day 3) -> City18(Day 4)"
71,65,322.0,256.0,0.0,5,0.0,true,"City14(Day 4) -> City16(Day 6)"
71,66,392.0,529.0,0.0,5,0.0,true,"City16(Day 1) -> City18(Day 2) -> City22(Day 5)"
71,67,194.0,36.0,0.0,5,0.0,true,"City24(Day 1)"
71,68,269.0,169.0,0.0,5,0.0,true,"City16(Day 2) -> City24(Day 3)"
71,69,362.0,441.0,0.0,5,0.0,true,"City16(Day 0) -> City24(Day 2) -> City18(Day 4)"
71,70,230.0,64.0,0.0,6,0.0,true,"City18(Day 1)"
71,71,499.0,625.0,0.0,6,0.0,true,"City14(Day 1) -> City22(Day 3) -> City18(Day 4)"
71,72,332.0,256.0,0.0,6,0.0,true,"City18(Day 4) -> City22(Day 6)"
71,73,271.0,121.0,0.0,6,0.0,true,"City16(Day 2) -> City19(Day 3)"
71,74,397.0,529.0,0.0,6,0.0,true,"City16(Day 0) -> City22(Day 3) -> City18(Day 4)"
71,75,436.0,576.0,0.0,6,0.0,true,"City16(Day 0) -> City14(Day 1) -> City18(Day 3)"
72,1,341.0,361.0,0.0,1,0.0,true,"City19(Day 0) -> City16(Day 3) -> City18(Day 4)"
72,2,237.0,225.0,0.0,1,0.0,true,"City16(Day 1) -> City18(Day 4)"
72,3,165.0,64.0,0.0,1,0.0,true,"City18(Day 4)"
72,4,232.0,169.0,0.0,1,0.0,true,"City16(Day 1) -> City24(Day 3)"
72,5,405.0,576.0,0.0,1,0.0,true,"City4(Day 2) -> City16(Day 3) -> City18(Day 4)"
72,6,309.0,256.0,0.0,1,0.0,true,"City22(Day 3) -> City18(Day 4)"
72,7,459.0,625.0,0.0,1,0.0,true,"City14(Day 1) -> City22(Day 2) -> City18(Day 4)"
72,8,532.0,676.0,0.0,1,0.0,true,"City4(Day 2) -> City14(Day 3) -> City18(Day 4)"
72,9,382.0,529.0,0.0,1,0.0,true,"City16(Day 1) -> City18(Day 4) -> City22(Day 5)"
72,10,136.0,16.0,0.0,1,0.0,true,"City19(Day 3)"
72,11,154.0,49.0,0.0,1,0.0,true,"City16(Day 6)"
72,12,346.0,441.0,0.0,1,0.0,true,"City16(Day 1) -> City24(Day 3) -> City18(Day 4)"
72,13,234.0,169.0,0.0,2,0.0,true,"City16(Day 0) -> City24(Day 3)"
72,14,342.0,361.0,0.0,2,0.0,true,"City19(Day 1) -> City16(Day 3) -> City18(Day 4)"
72,15,310.0,256.0,0.0,2,0.0,true,"City18(Day 4) -> City22(Day 5)"
72,16,384.0,529.0,0.0,2,0.0,true,"City16(Day 1) -> City22(Day 2) -> City18(Day 4)"
72,17,384.0,529.0,0.0,2,0.0,true,"City16(Day 0) -> City18(Day 4) -> City22(Day 5)"
72,18,348.0,441.0,0.0,2,0.0,true,"City16(Day 0) -> City24(Day 3) -> City18(Day 4)"
72,19,168.0,49.0,0.0,2,0.0,true,"City16(Day 1)"
72,20,543.0,676.0,0.0,2,0.0,true,"City14(Day 1) -> City4(Day 4) -> City18(Day 5)"
72,21,423.0,576.0,0.0,2,0.0,true,"City16(Day 0) -> City14(Day 1) -> City18(Day 4)"
72,22,476.0,625.0,0.0,2,0.0,true,"City14(Day 1) -> City22(Day 2) -> City18(Day 3)"
72,23,169.0,64.0,0.0,2,0.0,true,"City22(Day 5)"
72,24,239.0,225.0,0.0,2,0.0,true,"City16(Day 0) -> City18(Day 4)"
72,25,386.0,529.0,0.0,3,0.0,true,"City16(Day 0) -> City22(Day 2) -> City18(Day 4)"
72,26,343.0,289.0,0.0,3,0.0,true,"City14(Day 1) -> City18(Day 4)"
72,27,352.0,361.0,0.0,3,0.0,true,"City19(Day 2) -> City16(Day 3) -> City18(Day 4)"
72,28,258.0,225.0,0.0,3,0.0,true,"City16(Day 1) -> City18(Day 5)"
72,29,483.0,625.0,0.0,3,0.0,true,"City14(Day 1) -> City18(Day 3) -> City22(Day 6)"
72,30,190.0,64.0,0.0,3,0.0,true,"City18(Day 5)"
72,31,315.0,256.0,0.0,3,0.0,true,"City18(Day 2) -> City22(Day 5)"
72,32,424.0,576.0,0.0,3,0.0,true,"City14(Day 1) -> City16(Day 3) -> City18(Day 4)"
72,33,544.0,676.0,0.0,3,0.0,true,"City4(Day 1) -> City14(Day 2) -> City18(Day 3)"
72,34,234.0,121.0,0.0,3,0.0,true,"City16(Day 1) -> City19(Day 3)"
72,35,181.0,16.0,0.0,3,0.0,true,"City19(Day 0)"
72,36,360.0,441.0,0.0,3,0.0,true,"City16(Day 1) -> City24(Day 2) -> City18(Day 4)"
72,37,215.0,64.0,0.0,4,0.0,true,"City22(Day 1)"
72,38,388.0,529.0,0.0,4,0.0,true,"City16(Day 0) -> City18(Day 1) -> City22(Day 5)"
72,39,355.0,289.0,0.0,4,0.0,true,"City16(Day 1) -> City19(Day 2) -> City24(Day 3)"
72,40,484.0,625.0,0.0,4,0.0,true,"City4(Day 2) -> City22(Day 3) -> City18(Day 4)"
72,41,361.0,441.0,0.0,4,0.0,true,"City16(Day 0) -> City18(Day 1) -> City24(Day 3)"
72,42,356.0,361.0,0.0,4,0.0,true,"City16(Day 0) -> City18(Day 1) -> City19(Day 3)"
72,43,426.0,576.0,0.0,4,0.0,true,"City4(Day 2) -> City16(Day 3) -> City18(Day 5)"
72,44,188.0,16.0,0.0,4,0.0,true,"City19(Day 6)"
72,45,320.0,256.0,0.0,4,0.0,true,"City22(Day 2) -> City18(Day 4)"
72,46,236.0,121.0,0.0,4,0.0,true,"City16(Day 0) -> City19(Day 3)"
72,47,551.0,676.0,0.0,4,0.0,true,"City4(Day 2) -> City14(Day 4) -> City18(Day 5)"
72,48,260.0,225.0,0.0,4,0.0,true,"City16(Day 0) -> City18(Day 5)"
72,49,192.0,36.0,0.0,4,0.0,true,"City24(Day 3)"
72,50,356.0,361.0,0.0,4,0.0,true,"City19(Day 3) -> City16(Day 4) -> City18(Day 5)"
72,51,197.0,49.0,0.0,4,0.0,true,"City16(Day 4)"
72,52,269.0,169.0,0.0,5,0.0,true,"City16(Day 2) -> City24(Day 3)"
72,53,194.0,36.0,0.0,5,0.0,true,"City24(Day 1)"
72,54,322.0,256.0,0.0,5,0.0,true,"City14(Day 1) -> City16(Day 6)"
72,55,257.0,121.0,0.0,5,0.0,true,"City19(Day 3) -> City16(Day 6)"
72,56,271.0,225.0,0.0,5,0.0,true,"City16(Day 4) -> City18(Day 5)"
72,57,486.0,625.0,0.0,5,0.0,true,"City4(Day 2) -> City18(Day 3) -> City22(Day 5)"
72,58,200.0,49.0,0.0,5,0.0,true,"City16(Day 0)"
72,59,564.0,676.0,0.0,5,0.0,true,"City4(Day 1) -> City14(Day 4) -> City18(Day 5)"
72,60,257.0,121.0,0.0,5,0.0,true,"City16(Day 1) -> City19(Day 6)"
72,61,253.0,81.0,0.0,5,0.0,true,"City4(Day 2)"
72,62,224.0,64.0,0.0,5,0.0,true,"City22(Day 6)"
72,63,360.0,361.0,0.0,5,0.0,true,"City16(Day 1) -> City18(Day 2) -> City19(Day 3)"
72,64,435.0,576.0,0.0,5,0.0,true,"City18(Day 4) -> City14(Day 5) -> City16(Day 6)"
72,65,362.0,441.0,0.0,5,0.0,true,"City16(Day 0) -> City24(Day 2) -> City18(Day 4)"
72,66,392.0,529.0,0.0,5,0.0,true,"City16(Day 1) -> City18(Day 2) -> City22(Day 5)"
72,67,356.0,289.0,0.0,5,0.0,true,"City14(Day 1) -> City18(Day 3)"
72,68,268.0,144.0,0.0,5,0.0,true,"City19(Day 3) -> City18(Day 4)"
72,69,322.0,256.0,0.0,5,0.0,true,"City14(Day 4) -> City16(Day 6)"
72,70,271.0,121.0,0.0,6,0.0,true,"City16(Day 2) -> City19(Day 3)"
72,71,370.0,441.0,0.0,6,0.0,true,"City16(Day 0) -> City22(Day 2) -> City24(Day 3)"
72,72,283.0,225.0,0.0,6,0.0,true,"City22(Day 5) -> City16(Day 6)"
72,73,488.0,625.0,0.0,6,0.0,true,"City14(Day 1) -> City18(Day 4) -> City22(Day 5)"
72,74,332.0,256.0,0.0,6,0.0,true,"City18(Day 4) -> City22(Day 6)"
72,75,436.0,576.0,0.0,6,0.0,true,"City16(Day 0) -> City14(Day 1) -> City18(Day 3)"
73,1,136.0,16.0,0.0,1,0.0,true,"City19(Day 3)"
73,2,341.0,361.0,0.0,1,0.0,true,"City19(Day 0) -> City16(Day 3) -> City18(Day 4)"
73,3,532.0,676.0,0.0,1,0.0,true,"City4(Day 2) -> City14(Day 3) -> City18(Day 4)"
73,4,405.0,576.0,0.0,1,0.0,true,"City4(Day 2) -> City16(Day 3) -> City18(Day 4)"
73,5,237.0,225.0,0.0,1,0.0,true,"City16(Day 1) -> City18(Day 4)"
73,6,232.0,169.0,0.0,1,0.0,true,"City16(Day 1) -> City24(Day 3)"
73,7,309.0,256.0,0.0,1,0.0,true,"City22(Day 3) -> City18(Day 4)"
73,8,346.0,441.0,0.0,1,0.0,true,"City16(Day 1) -> City24(Day 3) -> City18(Day 4)"
73,9,382.0,529.0,0.0,1,0.0,true,"City16(Day 1) -> City18(Day 4) -> City22(Day 5)"
73,10,154.0,49.0,0.0,1,0.0,true,"City16(Day 6)"
73,11,459.0,625.0,0.0,1,0.0,true,"City14(Day 1) -> City22(Day 2) -> City18(Day 4)"
73,12,165.0,64.0,0.0,1,0.0,true,"City18(Day 4)"
73,13,310.0,256.0,0.0,2,0.0,true,"City18(Day 4) -> City22(Day 5)"
73,14,168.0,49.0,0.0,2,0.0,true,"City16(Day 1)"
73,15,239.0,225.0,0.0,2,0.0,true,"City16(Day 0) -> City18(Day 4)"
73,16,423.0,576.0,0.0,2,0.0,true,"City16(Day 0) -> City14(Day 1) -> City18(Day 4)"
73,17,348.0,441.0,0.0,2,0.0,true,"City16(Day 0) -> City24(Day 3) -> City18(Day 4)"
73,18,461.0,625.0,0.0,2,0.0,true,"City14(Day 1) -> City18(Day 3) -> City22(Day 5)"
73,19,543.0,676.0,0.0,2,0.0,true,"City14(Day 1) -> City4(Day 4) -> City18(Day 5)"
73,20,169.0,64.0,0.0,2,0.0,true,"City22(Day 5)"
73,21,342.0,361.0,0.0,2,0.0,true,"City19(Day 1) -> City16(Day 3) -> City18(Day 4)"
73,22,384.0,529.0,0.0,2,0.0,true,"City16(Day 0) -> City18(Day 4) -> City22(Day 5)"
73,23,384.0,529.0,0.0,2,0.0,true,"City16(Day 1) -> City22(Day 2) -> City18(Day 4)"
73,24,234.0,169.0,0.0,2,0.0,true,"City16(Day 0) -> City24(Day 3)"
73,25,476.0,625.0,0.0,3,0.0,true,"City14(Day 1) -> City22(Day 2) -> City18(Day 3)"
73,26,544.0,676.0,0.0,3,0.0,true,"City4(Day 1) -> City14(Day 2) -> City18(Day 3)"
73,27,181.0,16.0,0.0,3,0.0,true,"City19(Day 0)"
73,28,315.0,256.0,0.0,3,0.0,true,"City18(Day 2) -> City22(Day 5)"
73,29,343.0,289.0,0.0,3,0.0,true,"City14(Day 1) -> City18(Day 4)"
73,30,424.0,576.0,0.0,3,0.0,true,"City14(Day 1) -> City16(Day 3) -> City18(Day 4)"
73,31,352.0,361.0,0.0,3,0.0,true,"City19(Day 2) -> City16(Day 3) -> City18(Day 4)"
73,32,190.0,64.0,0.0,3,0.0,true,"City18(Day 5)"
73,33,258.0,225.0,0.0,3,0.0,true,"City16(Day 1) -> City18(Day 5)"
73,34,234.0,121.0,0.0,3,0.0,true,"City16(Day 1) -> City19(Day 3)"
73,35,386.0,529.0,0.0,3,0.0,true,"City16(Day 0) -> City22(Day 2) -> City18(Day 4)"
73,36,360.0,441.0,0.0,3,0.0,true,"City16(Day 1) -> City24(Day 2) -> City18(Day 4)"
73,37,260.0,225.0,0.0,4,0.0,true,"City16(Day 0) -> City18(Day 5)"
73,38,188.0,16.0,0.0,4,0.0,true,"City19(Day 6)"
73,39,361.0,441.0,0.0,4,0.0,true,"City16(Day 0) -> City18(Day 1) -> City24(Day 3)"
73,40,197.0,49.0,0.0,4,0.0,true,"City16(Day 4)"
73,41,551.0,676.0,0.0,4,0.0,true,"City4(Day 2) -> City14(Day 4) -> City18(Day 5)"
73,42,388.0,529.0,0.0,4,0.0,true,"City16(Day 0) -> City18(Day 1) -> City22(Day 5)"
73,43,426.0,576.0,0.0,4,0.0,true,"City4(Day 2) -> City16(Day 3) -> City18(Day 5)"
73,44,483.0,625.0,0.0,4,0.0,true,"City14(Day 1) -> City18(Day 3) -> City22(Day 6)"
73,45,192.0,36.0,0.0,4,0.0,true,"City24(Day 3)"
73,46,355.0,289.0,0.0,4,0.0,true,"City16(Day 1) -> City19(Day 2) -> City24(Day 3)"
73,47,356.0,361.0,0.0,4,0.0,true,"City19(Day 3) -> City16(Day 4) -> City18(Day 5)"
73,48,356.0,361.0,0.0,4,0.0,true,"City16(Day 0) -> City18(Day 1) -> City19(Day 3)"
73,49,320.0,256.0,0.0,4,0.0,true,"City22(Day 2) -> City18(Day 4)"
73,50,236.0,121.0,0.0,4,0.0,true,"City16(Day 0) -> City19(Day 3)"
73,51,215.0,64.0,0.0,4,0.0,true,"City22(Day 1)"
73,52,271.0,225.0,0.0,5,0.0,true,"City16(Day 4) -> City18(Day 5)"
73,53,257.0,121.0,0.0,5,0.0,true,"City19(Day 3) -> City16(Day 6)"
73,54,269.0,169.0,0.0,5,0.0,true,"City16(Day 2) -> City24(Day 3)"
73,55,362.0,441.0,0.0,5,0.0,true,"City16(Day 0) -> City24(Day 2) -> City18(Day 4)"
73,56,360.0,361.0,0.0,5,0.0,true,"City16(Day 1) -> City18(Day 2) -> City19(Day 3)"
73,57,253.0,81.0,0.0,5,0.0,true,"City4(Day 2)"
73,58,194.0,36.0,0.0,5,0.0,true,"City24(Day 1)"
73,59,257.0,121.0,0.0,5,0.0,true,"City16(Day 1) -> City19(Day 6)"
73,60,200.0,49.0,0.0,5,0.0,true,"City16(Day 0)"
73,61,268.0,144.0,0.0,5,0.0,true,"City19(Day 3) -> City18(Day 4)"
73,62,356.0,289.0,0.0,5,0.0,true,"City14(Day 1) -> City18(Day 3)"
73,63,322.0,256.0,0.0,5,0.0,true,"City14(Day 4) -> City16(Day 6)"
73,64,392.0,529.0,0.0,5,0.0,true,"City16(Day 1) -> City18(Day 2) -> City22(Day 5)"
73,65,322.0,256.0,0.0,5,0.0,true,"City14(Day 1) -> City16(Day 6)"
73,66,224.0,64.0,0.0,5,0.0,true,"City22(Day 6)"
73,67,435.0,576.0,0.0,5,0.0,true,"City18(Day 4) -> City14(Day 5) -> City16(Day 6)"
73,68,564.0,676.0,0.0,5,0.0,true,"City4(Day 1) -> City14(Day 4) -> City18(Day 5)"
73,69,484.0,625.0,0.0,5,0.0,true,"City4(Day 2) -> City22(Day 3) -> City18(Day 4)"
73,70,332.0,256.0,0.0,6,0.0,true,"City18(Day 4) -> City22(Day 6)"
73,71,274.0,225.0,0.0,6,0.0,true,"City16(Day 2) -> City18(Day 4)"
73,72,436.0,576.0,0.0,6,0.0,true,"City16(Day 0) -> City14(Day 1) -> City18(Day 3)"
73,73,271.0,121.0,0.0,6,0.0,true,"City16(Day 2) -> City19(Day 3)"
73,74,404.0,529.0,0.0,6,0.0,true,"City16(Day 1) -> City18(Day 4) -> City22(Day 6)"
73,75,486.0,625.0,0.0,6,0.0,true,"City4(Day 2) -> City18(Day 3) -> City22(Day 5)"
74,1,165.0,64.0,0.0,1,0.0,true,"City18(Day 4)"
74,2,232.0,169.0,0.0,1,0.0,true,"City16(Day 1) -> City24(Day 3)"
74,3,532.0,676.0,0.0,1,0.0,true,"City4(Day 2) -> City14(Day 3) -> City18(Day 4)"
74,4,136.0,16.0,0.0,1,0.0,true,"City19(Day 3)"
74,5,382.0,529.0,0.0,1,0.0,true,"City16(Day 1) -> City18(Day 4) -> City22(Day 5)"
74,6,341.0,361.0,0.0,1,0.0,true,"City19(Day 0) -> City16(Day 3) -> City18(Day 4)"
74,7,309.0,256.0,0.0,1,0.0,true,"City22(Day 3) -> City18(Day 4)"
74,8,459.0,625.0,0.0,1,0.0,true,"City14(Day 1) -> City22(Day 2) -> City18(Day 4)"
74,9,346.0,441.0,0.0,1,0.0,true,"City16(Day 1) -> City24(Day 3) -> City18(Day 4)"
74,10,405.0,576.0,0.0,1,0.0,true,"City4(Day 2) -> City16(Day 3) -> City18(Day 4)"
74,11,237.0,225.0,0.0,1,0.0,true,"City16(Day 1) -> City18(Day 4)"
74,12,154.0,49.0,0.0,1,0.0,true,"City16(Day 6)"
74,13,169.0,64.0,0.0,2,0.0,true,"City22(Day 5)"
74,14,423.0,576.0,0.0,2,0.0,true,"City16(Day 0) -> City14(Day 1) -> City18(Day 4)"
74,15,342.0,361.0,0.0,2,0.0,true,"City19(Day 1) -> City16(Day 3) -> City18(Day 4)"
74,16,239.0,225.0,0.0,2,0.0,true,"City16(Day 0) -> City18(Day 4)"
74,17,234.0,169.0,0.0,2,0.0,true,"City16(Day 0) -> City24(Day 3)"
74,18,310.0,256.0,0.0,2,0.0,true,"City18(Day 4) -> City22(Day 5)"
74,19,153.0,16.0,0.0,2,0.0,true,"City12(Day 3)"
74,20,384.0,529.0,0.0,2,0.0,true,"City16(Day 0) -> City18(Day 4) -> City22(Day 5)"
74,21,384.0,529.0,0.0,2,0.0,true,"City16(Day 1) -> City22(Day 2) -> City18(Day 4)"
74,22,348.0,441.0,0.0,2,0.0,true,"City16(Day 0) -> City24(Day 3) -> City18(Day 4)"
74,23,461.0,625.0,0.0,2,0.0,true,"City14(Day 1) -> City18(Day 3) -> City22(Day 5)"
74,24,543.0,676.0,0.0,2,0.0,true,"City14(Day 1) -> City4(Day 4) -> City18(Day 5)"
74,25,168.0,49.0,0.0,2,0.0,true,"City16(Day 1)"
74,26,190.0,64.0,0.0,3,0.0,true,"City18(Day 5)"
74,27,181.0,16.0,0.0,3,0.0,true,"City19(Day 0)"
74,28,315.0,256.0,0.0,3,0.0,true,"City18(Day 2) -> City22(Day 5)"
74,29,343.0,289.0,0.0,3,0.0,true,"City14(Day 1) -> City18(Day 4)"
74,30,258.0,225.0,0.0,3,0.0,true,"City16(Day 1) -> City18(Day 5)"
74,31,360.0,441.0,0.0,3,0.0,true,"City16(Day 1) -> City24(Day 2) -> City18(Day 4)"
74,32,544.0,676.0,0.0,3,0.0,true,"City4(Day 1) -> City14(Day 2) -> City18(Day 3)"
74,33,476.0,625.0,0.0,3,0.0,true,"City14(Day 1) -> City22(Day 2) -> City18(Day 3)"
74,34,424.0,576.0,0.0,3,0.0,true,"City14(Day 1) -> City16(Day 3) -> City18(Day 4)"
74,35,234.0,121.0,0.0,3,0.0,true,"City16(Day 1) -> City19(Day 3)"
74,36,352.0,361.0,0.0,3,0.0,true,"City19(Day 2) -> City16(Day 3) -> City18(Day 4)"
74,37,386.0,529.0,0.0,3,0.0,true,"City16(Day 0) -> City22(Day 2) -> City18(Day 4)"
74,38,236.0,121.0,0.0,4,0.0,true,"City16(Day 0) -> City19(Day 3)"
74,39,188.0,16.0,0.0,4,0.0,true,"City19(Day 6)"
74,40,426.0,576.0,0.0,4,0.0,true,"City4(Day 2) -> City16(Day 3) -> City18(Day 5)"
74,41,388.0,529.0,0.0,4,0.0,true,"City16(Day 0) -> City18(Day 1) -> City22(Day 5)"
74,42,356.0,361.0,0.0,4,0.0,true,"City19(Day 3) -> City16(Day 4) -> City18(Day 5)"
74,43,260.0,225.0,0.0,4,0.0,true,"City16(Day 0) -> City18(Day 5)"
74,44,320.0,256.0,0.0,4,0.0,true,"City22(Day 2) -> City18(Day 4)"
74,45,361.0,441.0,0.0,4,0.0,true,"City16(Day 0) -> City18(Day 1) -> City24(Day 3)"
74,46,355.0,289.0,0.0,4,0.0,true,"City16(Day 1) -> City19(Day 2) -> City24(Day 3)"
74,47,551.0,676.0,0.0,4,0.0,true,"City4(Day 2) -> City14(Day 4) -> City18(Day 5)"
74,48,197.0,49.0,0.0,4,0.0,true,"City16(Day 4)"
74,49,192.0,36.0,0.0,4,0.0,true,"City24(Day 3)"
74,50,483.0,625.0,0.0,4,0.0,true,"City14(Day 1) -> City18(Day 3) -> City22(Day 6)"
74,51,215.0,64.0,0.0,4,0.0,true,"City22(Day 1)"
74,52,356.0,361.0,0.0,4,0.0,true,"City16(Day 0) -> City18(Day 1) -> City19(Day 3)"
74,53,200.0,49.0,0.0,5,0.0,true,"City16(Day 0)"
74,54,224.0,64.0,0.0,5,0.0,true,"City22(Day 6)"
74,55,253.0,81.0,0.0,5,0.0,true,"City4(Day 2)"
74,56,257.0,121.0,0.0,5,0.0,true,"City19(Day 3) -> City16(Day 6)"
74,57,484.0,625.0,0.0,5,0.0,true,"City4(Day 2) -> City22(Day 3) -> City18(Day 4)"
74,58,322.0,256.0,0.0,5,0.0,true,"City14(Day 1) -> City16(Day 6)"
74,59,268.0,144.0,0.0,5,0.0,true,"City19(Day 3) -> City18(Day 4)"
74,60,360.0,361.0,0.0,5,0.0,true,"City16(Day 1) -> City18(Day 2) -> City19(Day 3)"
74,61,564.0,676.0,0.0,5,0.0,true,"City4(Day 1) -> City14(Day 4) -> City18(Day 5)"
74,62,356.0,289.0,0.0,5,0.0,true,"City14(Day 1) -> City18(Day 3)"
74,63,257.0,121.0,0.0,5,0.0,true,"City16(Day 1) -> City19(Day 6)"
74,64,269.0,169.0,0.0,5,0.0,true,"City16(Day 2) -> City24(Day 3)"
74,65,435.0,576.0,0.0,5,0.0,true,"City18(Day 4) -> City14(Day 5) -> City16(Day 6)"
74,66,194.0,36.0,0.0,5,0.0,true,"City24(Day 1)"
74,67,322.0,256.0,0.0,5,0.0,true,"City14(Day 4) -> City16(Day 6)"
74,68,392.0,529.0,0.0,5,0.0,true,"City16(Day 1) -> City18(Day 2) -> City22(Day 5)"
74,69,362.0,441.0,0.0,5,0.0,true,"City16(Day 0) -> City24(Day 2) -> City18(Day 4)"
74,70,271.0,225.0,0.0,5,0.0,true,"City16(Day 4) -> City18(Day 5)"
74,71,396.0,289.0,0.0,6,0.0,true,"City16(Day 1) -> City24(Day 3) -> City19(Day 6)"
74,72,398.0,361.0,0.0,6,0.0,true,"City16(Day 1) -> City18(Day 4) -> City19(Day 6)"
74,73,234.0,64.0,0.0,6,0.0,true,"City18(Day 0)"
74,74,436.0,576.0,0.0,6,0.0,true,"City16(Day 0) -> City14(Day 1) -> City18(Day 3)"
74,75,404.0,529.0,0.0,6,0.0,true,"City16(Day 1) -> City18(Day 4) -> City22(Day 6)"
75,1,346.0,441.0,0.0,1,0.0,true,"City16(Day 1) -> City24(Day 3) -> City18(Day 4)"
75,2,232.0,169.0,0.0,1,0.0,true,"City16(Day 1) -> City24(Day 3)"
75,3,532.0,676.0,0.0,1,0.0,true,"City4(Day 2) -> City14(Day 3) -> City18(Day 4)"
75,4,154.0,49.0,0.0,1,0.0,true,"City16(Day 6)"
75,5,136.0,16.0,0.0,1,0.0,true,"City19(Day 3)"
75,6,341.0,361.0,0.0,1,0.0,true,"City19(Day 0) -> City16(Day 3) -> City18(Day 4)"
75,7,165.0,64.0,0.0,1,0.0,true,"City18(Day 4)"
75,8,405.0,576.0,0.0,1,0.0,true,"City4(Day 2) -> City16(Day 3) -> City18(Day 4)"
75,9,309.0,256.0,0.0,1,0.0,true,"City22(Day 3) -> City18(Day 4)"
75,10,237.0,225.0,0.0,1,0.0,true,"City16(Day 1) -> City18(Day 4)"
75,11,382.0,529.0,0.0,1,0.0,true,"City16(Day 1) -> City18(Day 4) -> City22(Day 5)"
75,12,459.0,625.0,0.0,1,0.0,true,"City14(Day 1) -> City22(Day 2) -> City18(Day 4)"
75,13,169.0,64.0,0.0,2,0.0,true,"City22(Day 5)"
75,14,168.0,49.0,0.0,2,0.0,true,"City16(Day 1)"
75,15,310.0,256.0,0.0,2,0.0,true,"City18(Day 4) -> City22(Day 5)"
75,16,461.0,625.0,0.0,2,0.0,true,"City14(Day 1) -> City18(Day 3) -> City22(Day 5)"
75,17,348.0,441.0,0.0,2,0.0,true,"City16(Day 0) -> City24(Day 3) -> City18(Day 4)"
75,18,384.0,529.0,0.0,2,0.0,true,"City16(Day 1) -> City22(Day 2) -> City18(Day 4)"
75,19,342.0,361.0,0.0,2,0.0,true,"City19(Day 1) -> City16(Day 3) -> City18(Day 4)"
75,20,543.0,676.0,0.0,2,0.0,true,"City14(Day 1) -> City4(Day 4) -> City18(Day 5)"
75,21,234.0,169.0,0.0,2,0.0,true,"City16(Day 0) -> City24(Day 3)"
75,22,423.0,576.0,0.0,2,0.0,true,"City16(Day 0) -> City14(Day 1) -> City18(Day 4)"
75,23,239.0,225.0,0.0,2,0.0,true,"City16(Day 0) -> City18(Day 4)"
75,24,153.0,16.0,0.0,2,0.0,true,"City12(Day 3)"
75,25,384.0,529.0,0.0,2,0.0,true,"City16(Day 0) -> City18(Day 4) -> City22(Day 5)"
75,26,386.0,529.0,0.0,3,0.0,true,"City16(Day 0) -> City22(Day 2) -> City18(Day 4)"
75,27,234.0,121.0,0.0,3,0.0,true,"City16(Day 1) -> City19(Day 3)"
75,28,190.0,64.0,0.0,3,0.0,true,"City18(Day 5)"
75,29,424.0,576.0,0.0,3,0.0,true,"City14(Day 1) -> City16(Day 3) -> City18(Day 4)"
75,30,476.0,625.0,0.0,3,0.0,true,"City14(Day 1) -> City22(Day 2) -> City18(Day 3)"
75,31,181.0,16.0,0.0,3,0.0,true,"City19(Day 0)"
75,32,258.0,225.0,0.0,3,0.0,true,"City16(Day 1) -> City18(Day 5)"
75,33,352.0,361.0,0.0,3,0.0,true,"City19(Day 2) -> City16(Day 3) -> City18(Day 4)"
75,34,315.0,256.0,0.0,3,0.0,true,"City18(Day 2) -> City22(Day 5)"
75,35,343.0,289.0,0.0,3,0.0,true,"City14(Day 1) -> City18(Day 4)"
75,36,544.0,676.0,0.0,3,0.0,true,"City4(Day 1) -> City14(Day 2) -> City18(Day 3)"
75,37,360.0,441.0,0.0,3,0.0,true,"City16(Day 1) -> City24(Day 2) -> City18(Day 4)"
75,38,483.0,625.0,0.0,4,0.0,true,"City14(Day 1) -> City18(Day 3) -> City22(Day 6)"
75,39,320.0,256.0,0.0,4,0.0,true,"City22(Day 2) -> City18(Day 4)"
75,40,188.0,16.0,0.0,4,0.0,true,"City19(Day 6)"
75,41,236.0,121.0,0.0,4,0.0,true,"City16(Day 0) -> City19(Day 3)"
75,42,426.0,576.0,0.0,4,0.0,true,"City4(Day 2) -> City16(Day 3) -> City18(Day 5)"
75,43,361.0,441.0,0.0,4,0.0,true,"City16(Day 0) -> City18(Day 1) -> City24(Day 3)"
75,44,388.0,529.0,0.0,4,0.0,true,"City16(Day 0) -> City18(Day 1) -> City22(Day 5)"
75,45,356.0,361.0,0.0,4,0.0,true,"City19(Day 3) -> City16(Day 4) -> City18(Day 5)"
75,46,355.0,289.0,0.0,4,0.0,true,"City16(Day 1) -> City19(Day 2) -> City24(Day 3)"
75,47,260.0,225.0,0.0,4,0.0,true,"City16(Day 0) -> City18(Day 5)"
75,48,197.0,49.0,0.0,4,0.0,true,"City16(Day 4)"
75,49,192.0,36.0,0.0,4,0.0,true,"City24(Day 3)"
75,50,551.0,676.0,0.0,4,0.0,true,"City4(Day 2) -> City14(Day 4) -> City18(Day 5)"
75,51,356.0,361.0,0.0,4,0.0,true,"City16(Day 0) -> City18(Day 1) -> City19(Day 3)"
75,52,215.0,64.0,0.0,4,0.0,true,"City22(Day 1)"
75,53,356.0,289.0,0.0,5,0.0,true,"City14(Day 1) -> City18(Day 3)"
75,54,392.0,529.0,0.0,5,0.0,true,"City16(Day 1) -> City18(Day 2) -> City22(Day 5)"
75,55,435.0,576.0,0.0,5,0.0,true,"City18(Day 4) -> City14(Day 5) -> City16(Day 6)"
75,56,257.0,121.0,0.0,5,0.0,true,"City19(Day 3) -> City16(Day 6)"
75,57,269.0,169.0,0.0,5,0.0,true,"City16(Day 2) -> City24(Day 3)"
75,58,484.0,625.0,0.0,5,0.0,true,"City4(Day 2) -> City22(Day 3) -> City18(Day 4)"
75,59,362.0,441.0,0.0,5,0.0,true,"City16(Day 0) -> City24(Day 2) -> City18(Day 4)"
75,60,564.0,676.0,0.0,5,0.0,true,"City4(Day 1) -> City14(Day 4) -> City18(Day 5)"
75,61,271.0,225.0,0.0,5,0.0,true,"City16(Day 4) -> City18(Day 5)"
75,62,322.0,256.0,0.0,5,0.0,true,"City14(Day 1) -> City16(Day 6)"
75,63,360.0,361.0,0.0,5,0.0,true,"City16(Day 1) -> City18(Day 2) -> City19(Day 3)"
75,64,257.0,121.0,0.0,5,0.0,true,"City16(Day 1) -> City19(Day 6)"
75,65,224.0,64.0,0.0,5,0.0,true,"City22(Day 6)"
75,66,200.0,49.0,0.0,5,0.0,true,"City16(Day 0)"
75,67,253.0,81.0,0.0,5,0.0,true,"City4(Day 2)"
75,68,194.0,36.0,0.0,5,0.0,true,"City24(Day 1)"
75,69,268.0,144.0,0.0,5,0.0,true,"City19(Day 3) -> City18(Day 4)"
75,70,322.0,256.0,0.0,5,0.0,true,"City14(Day 4) -> City16(Day 6)"
75,71,332.0,256.0,0.0,6,0.0,true,"City18(Day 4) -> City22(Day 6)"
75,72,227.0,16.0,0.0,6,0.0,true,"City19(Day 4)"
75,73,234.0,64.0,0.0,6,0.0,true,"City18(Day 0)"
75,74,298.0,169.0,0.0,6,0.0,true,"City16(Day 1) -> City24(Day 6)"
75,75,404.0,529.0,0.0,6,0.0,true,"City16(Day 1) -> City18(Day 4) -> City22(Day 6)"
76,1,405.0,576.0,0.0,1,0.0,true,"City4(Day 2) -> City16(Day 3) -> City18(Day 4)"
76,2,346.0,441.0,0.0,1,0.0,true,"City16(Day 1) -> City24(Day 3) -> City18(Day 4)"
76,3,341.0,361.0,0.0,1,0.0,true,"City19(Day 0) -> City16(Day 3) -> City18(Day 4)"
76,4,309.0,256.0,0.0,1,0.0,true,"City22(Day 3) -> City18(Day 4)"
76,5,154.0,49.0,0.0,1,0.0,true,"City16(Day 6)"
76,6,232.0,169.0,0.0,1,0.0,true,"City16(Day 1) -> City24(Day 3)"
76,7,459.0,625.0,0.0,1,0.0,true,"City14(Day 1) -> City22(Day 2) -> City18(Day 4)"
76,8,136.0,16.0,0.0,1,0.0,true,"City19(Day 3)"
76,9,237.0,225.0,0.0,1,0.0,true,"City16(Day 1) -> City18(Day 4)"
76,10,165.0,64.0,0.0,1,0.0,true,"City18(Day 4)"
76,11,382.0,529.0,0.0,1,0.0,true,"City16(Day 1) -> City18(Day 4) -> City22(Day 5)"
76,12,532.0,676.0,0.0,1,0.0,true,"City4(Day 2) -> City14(Day 3) -> City18(Day 4)"
76,13,384.0,529.0,0.0,2,0.0,true,"City16(Day 1) -> City22(Day 2) -> City18(Day 4)"
76,14,234.0,169.0,0.0,2,0.0,true,"City16(Day 0) -> City24(Day 3)"
76,15,461.0,625.0,0.0,2,0.0,true,"City14(Day 1) -> City18(Day 3) -> City22(Day 5)"
76,16,384.0,529.0,0.0,2,0.0,true,"City16(Day 0) -> City18(Day 4) -> City22(Day 5)"
76,17,543.0,676.0,0.0,2,0.0,true,"City14(Day 1) -> City4(Day 4) -> City18(Day 5)"
76,18,239.0,225.0,0.0,2,0.0,true,"City16(Day 0) -> City18(Day 4)"
76,19,168.0,49.0,0.0,2,0.0,true,"City16(Day 1)"
76,20,169.0,64.0,0.0,2,0.0,true,"City22(Day 5)"
76,21,342.0,361.0,0.0,2,0.0,true,"City19(Day 1) -> City16(Day 3) -> City18(Day 4)"
76,22,348.0,441.0,0.0,2,0.0,true,"City16(Day 0) -> City24(Day 3) -> City18(Day 4)"
76,23,153.0,16.0,0.0,2,0.0,true,"City12(Day 3)"
76,24,423.0,576.0,0.0,2,0.0,true,"City16(Day 0) -> City14(Day 1) -> City18(Day 4)"
76,25,310.0,256.0,0.0,2,0.0,true,"City18(Day 4) -> City22(Day 5)"
76,26,190.0,64.0,0.0,3,0.0,true,"City18(Day 5)"
76,27,258.0,225.0,0.0,3,0.0,true,"City16(Day 1) -> City18(Day 5)"
76,28,234.0,121.0,0.0,3,0.0,true,"City16(Day 1) -> City19(Day 3)"
76,29,181.0,16.0,0.0,3,0.0,true,"City19(Day 0)"
76,30,360.0,441.0,0.0,3,0.0,true,"City16(Day 1) -> City24(Day 2) -> City18(Day 4)"
76,31,343.0,289.0,0.0,3,0.0,true,"City14(Day 1) -> City18(Day 4)"
76,32,386.0,529.0,0.0,3,0.0,true,"City16(Day 0) -> City22(Day 2) -> City18(Day 4)"
76,33,315.0,256.0,0.0,3,0.0,true,"City18(Day 2) -> City22(Day 5)"
76,34,352.0,361.0,0.0,3,0.0,true,"City19(Day 2) -> City16(Day 3) -> City18(Day 4)"
76,35,476.0,625.0,0.0,3,0.0,true,"City14(Day 1) -> City22(Day 2) -> City18(Day 3)"
76,36,424.0,576.0,0.0,3,0.0,true,"City14(Day 1) -> City16(Day 3) -> City18(Day 4)"
76,37,544.0,676.0,0.0,3,0.0,true,"City4(Day 1) -> City14(Day 2) -> City18(Day 3)"
76,38,361.0,441.0,0.0,4,0.0,true,"City16(Day 0) -> City18(Day 1) -> City24(Day 3)"
76,39,197.0,49.0,0.0,4,0.0,true,"City16(Day 4)"
76,40,260.0,225.0,0.0,4,0.0,true,"City16(Day 0) -> City18(Day 5)"
76,41,356.0,361.0,0.0,4,0.0,true,"City16(Day 0) -> City18(Day 1) -> City19(Day 3)"
76,42,356.0,361.0,0.0,4,0.0,true,"City19(Day 3) -> City16(Day 4) -> City18(Day 5)"
76,43,355.0,289.0,0.0,4,0.0,true,"City16(Day 1) -> City19(Day 2) -> City24(Day 3)"
76,44,483.0,625.0,0.0,4,0.0,true,"City14(Day 1) -> City18(Day 3) -> City22(Day 6)"
76,45,192.0,36.0,0.0,4,0.0,true,"City24(Day 3)"
76,46,215.0,64.0,0.0,4,0.0,true,"City22(Day 1)"
76,47,236.0,121.0,0.0,4,0.0,true,"City16(Day 0) -> City19(Day 3)"
76,48,388.0,529.0,0.0,4,0.0,true,"City16(Day 0) -> City18(Day 1) -> City22(Day 5)"
76,49,188.0,16.0,0.0,4,0.0,true,"City19(Day 6)"
76,50,545.0,676.0,0.0,4,0.0,true,"City4(Day 1) -> City14(Day 3) -> City18(Day 4)"
76,51,320.0,256.0,0.0,4,0.0,true,"City22(Day 2) -> City18(Day 4)"
76,52,426.0,576.0,0.0,4,0.0,true,"City4(Day 2) -> City16(Day 3) -> City18(Day 5)"
76,53,269.0,169.0,0.0,5,0.0,true,"City16(Day 2) -> City24(Day 3)"
76,54,253.0,81.0,0.0,5,0.0,true,"City4(Day 2)"
76,55,191.0,16.0,0.0,5,0.0,true,"City12(Day 1)"
76,56,551.0,676.0,0.0,5,0.0,true,"City4(Day 2) -> City14(Day 4) -> City18(Day 5)"
76,57,194.0,36.0,0.0,5,0.0,true,"City24(Day 1)"
76,58,362.0,441.0,0.0,5,0.0,true,"City16(Day 0) -> City24(Day 2) -> City18(Day 4)"
76,59,392.0,529.0,0.0,5,0.0,true,"City16(Day 1) -> City18(Day 2) -> City22(Day 5)"
76,60,224.0,64.0,0.0,5,0.0,true,"City22(Day 6)"
76,61,360.0,361.0,0.0,5,0.0,true,"City16(Day 1) -> City18(Day 2) -> City19(Day 3)"
76,62,268.0,144.0,0.0,5,0.0,true,"City19(Day 3) -> City18(Day 4)"
76,63,484.0,625.0,0.0,5,0.0,true,"City4(Day 2) -> City22(Day 3) -> City18(Day 4)"
76,64,271.0,225.0,0.0,5,0.0,true,"City16(Day 4) -> City18(Day 5)"
76,65,200.0,49.0,0.0,5,0.0,true,"City16(Day 0)"
76,66,322.0,256.0,0.0,5,0.0,true,"City14(Day 1) -> City16(Day 6)"
76,67,356.0,289.0,0.0,5,0.0,true,"City14(Day 1) -> City18(Day 3)"
76,68,257.0,121.0,0.0,5,0.0,true,"City19(Day 3) -> City16(Day 6)"
76,69,257.0,121.0,0.0,5,0.0,true,"City16(Day 1) -> City19(Day 6)"
76,70,322.0,256.0,0.0,5,0.0,true,"City14(Day 4) -> City16(Day 6)"
76,71,435.0,576.0,0.0,5,0.0,true,"City18(Day 4) -> City14(Day 5) -> City16(Day 6)"
76,72,332.0,256.0,0.0,6,0.0,true,"City18(Day 4) -> City22(Day 6)"
76,73,454.0,576.0,0.0,6,0.0,true,"City16(Day 0) -> City18(Day 1) -> City14(Day 3)"
76,74,365.0,441.0,0.0,6,0.0,true,"City16(Day 1) -> City18(Day 2) -> City24(Day 3)"
76,75,321.0,225.0,0.0,6,0.0,true,"City16(Day 1) -> City18(Day 2)"
77,1,232.0,169.0,0.0,1,0.0,true,"City16(Day 1) -> City24(Day 3)"
77,2,136.0,16.0,0.0,1,0.0,true,"City19(Day 3)"
77,3,531.0,676.0,0.0,1,0.0,true,"City4(Day 1) -> City14(Day 2) -> City18(Day 4)"
77,4,405.0,576.0,0.0,1,0.0,true,"City4(Day 2) -> City16(Day 3) -> City18(Day 4)"
77,5,382.0,529.0,0.0,1,0.0,true,"City16(Day 1) -> City18(Day 4) -> City22(Day 5)"
77,6,154.0,49.0,0.0,1,0.0,true,"City16(Day 6)"
77,7,309.0,256.0,0.0,1,0.0,true,"City22(Day 3) -> City18(Day 4)"
77,8,165.0,64.0,0.0,1,0.0,true,"City18(Day 4)"
77,9,346.0,441.0,0.0,1,0.0,true,"City16(Day 1) -> City24(Day 3) -> City18(Day 4)"
77,10,459.0,625.0,0.0,1,0.0,true,"City14(Day 1) -> City22(Day 2) -> City18(Day 4)"
77,11,341.0,361.0,0.0,1,0.0,true,"City19(Day 0) -> City16(Day 3) -> City18(Day 4)"
77,12,237.0,225.0,0.0,1,0.0,true,"City16(Day 1) -> City18(Day 4)"
77,13,310.0,256.0,0.0,2,0.0,true,"City18(Day 4) -> City22(Day 5)"
77,14,384.0,529.0,0.0,2,0.0,true,"City16(Day 1) -> City22(Day 2) -> City18(Day 4)"
77,15,384.0,529.0,0.0,2,0.0,true,"City16(Day 0) -> City18(Day 4) -> City22(Day 5)"
77,16,342.0,361.0,0.0,2,0.0,true,"City19(Day 1) -> City16(Day 3) -> City18(Day 4)"
77,17,461.0,625.0,0.0,2,0.0,true,"City14(Day 1) -> City18(Day 3) -> City22(Day 5)"
77,18,348.0,441.0,0.0,2,0.0,true,"City16(Day 0) -> City24(Day 3) -> City18(Day 4)"
77,19,153.0,16.0,0.0,2,0.0,true,"City12(Day 3)"
77,20,532.0,676.0,0.0,2,0.0,true,"City4(Day 2) -> City14(Day 3) -> City18(Day 4)"
77,21,239.0,225.0,0.0,2,0.0,true,"City16(Day 0) -> City18(Day 4)"
77,22,423.0,576.0,0.0,2,0.0,true,"City16(Day 0) -> City14(Day 1) -> City18(Day 4)"
77,23,168.0,49.0,0.0,2,0.0,true,"City16(Day 1)"
77,24,169.0,64.0,0.0,2,0.0,true,"City22(Day 5)"
77,25,234.0,169.0,0.0,2,0.0,true,"City16(Day 0) -> City24(Day 3)"
77,26,190.0,64.0,0.0,3,0.0,true,"City18(Day 5)"
77,27,234.0,121.0,0.0,3,0.0,true,"City16(Day 1) -> City19(Day 3)"
77,28,343.0,289.0,0.0,3,0.0,true,"City14(Day 1) -> City18(Day 4)"
77,29,315.0,256.0,0.0,3,0.0,true,"City18(Day 2) -> City22(Day 5)"
77,30,352.0,361.0,0.0,3,0.0,true,"City19(Day 2) -> City16(Day 3) -> City18(Day 4)"
77,31,543.0,676.0,0.0,3,0.0,true,"City14(Day 1) -> City4(Day 4) -> City18(Day 5)"
77,32,258.0,225.0,0.0,3,0.0,true,"City16(Day 1) -> City18(Day 5)"
77,33,360.0,441.0,0.0,3,0.0,true,"City16(Day 1) -> City24(Day 2) -> City18(Day 4)"
77,34,476.0,625.0,0.0,3,0.0,true,"City14(Day 1) -> City22(Day 2) -> City18(Day 3)"
77,35,424.0,576.0,0.0,3,0.0,true,"City14(Day 1) -> City16(Day 3) -> City18(Day 4)"
77,36,181.0,16.0,0.0,3,0.0,true,"City19(Day 0)"
77,37,386.0,529.0,0.0,3,0.0,true,"City16(Day 0) -> City22(Day 2) -> City18(Day 4)"
77,38,356.0,361.0,0.0,4,0.0,true,"City16(Day 0) -> City18(Day 1) -> City19(Day 3)"
77,39,215.0,64.0,0.0,4,0.0,true,"City22(Day 1)"
77,40,188.0,16.0,0.0,4,0.0,true,"City19(Day 6)"
77,41,197.0,49.0,0.0,4,0.0,true,"City16(Day 4)"
77,42,483.0,625.0,0.0,4,0.0,true,"City14(Day 1) -> City18(Day 3) -> City22(Day 6)"
77,43,236.0,121.0,0.0,4,0.0,true,"City16(Day 0) -> City19(Day 3)"
77,44,355.0,289.0,0.0,4,0.0,true,"City16(Day 1) -> City19(Day 2) -> City24(Day 3)"
77,45,260.0,225.0,0.0,4,0.0,true,"City16(Day 0) -> City18(Day 5)"
77,46,192.0,36.0,0.0,4,0.0,true,"City24(Day 3)"
77,47,544.0,676.0,0.0,4,0.0,true,"City4(Day 1) -> City14(Day 2) -> City18(Day 3)"
77,48,388.0,529.0,0.0,4,0.0,true,"City16(Day 0) -> City18(Day 1) -> City22(Day 5)"
77,49,361.0,441.0,0.0,4,0.0,true,"City16(Day 0) -> City18(Day 1) -> City24(Day 3)"
77,50,356.0,361.0,0.0,4,0.0,true,"City19(Day 3) -> City16(Day 4) -> City18(Day 5)"
77,51,426.0,576.0,0.0,4,0.0,true,"City4(Day 2) -> City16(Day 3) -> City18(Day 5)"
77,52,320.0,256.0,0.0,4,0.0,true,"City22(Day 2) -> City18(Day 4)"
77,53,545.0,676.0,0.0,5,0.0,true,"City4(Day 1) -> City14(Day 3) -> City18(Day 4)"
77,54,253.0,81.0,0.0,5,0.0,true,"City4(Day 2)"
77,55,224.0,64.0,0.0,5,0.0,true,"City22(Day 6)"
77,56,268.0,144.0,0.0,5,0.0,true,"City19(Day 3) -> City18(Day 4)"
77,57,356.0,289.0,0.0,5,0.0,true,"City14(Day 1) -> City18(Day 3)"
77,58,257.0,121.0,0.0,5,0.0,true,"City19(Day 3) -> City16(Day 6)"
77,59,200.0,49.0,0.0,5,0.0,true,"City16(Day 0)"
77,60,484.0,625.0,0.0,5,0.0,true,"City4(Day 2) -> City22(Day 3) -> City18(Day 4)"
77,61,191.0,16.0,0.0,5,0.0,true,"City12(Day 1)"
77,62,362.0,441.0,0.0,5,0.0,true,"City16(Day 0) -> City24(Day 2) -> City18(Day 4)"
77,63,269.0,169.0,0.0,5,0.0,true,"City16(Day 2) -> City24(Day 3)"
77,64,194.0,36.0,0.0,5,0.0,true,"City24(Day 1)"
77,65,435.0,576.0,0.0,5,0.0,true,"City18(Day 4) -> City14(Day 5) -> City16(Day 6)"
77,66,271.0,225.0,0.0,5,0.0,true,"City16(Day 4) -> City18(Day 5)"
77,67,392.0,529.0,0.0,5,0.0,true,"City16(Day 1) -> City18(Day 2) -> City22(Day 5)"
77,68,360.0,361.0,0.0,5,0.0,true,"City16(Day 1) -> City18(Day 2) -> City19(Day 3)"
77,69,257.0,121.0,0.0,5,0.0,true,"City16(Day 1) -> City19(Day 6)"
77,70,322.0,256.0,0.0,5,0.0,true,"City14(Day 4) -> City16(Day 6)"
77,71,322.0,256.0,0.0,5,0.0,true,"City14(Day 1) -> City16(Day 6)"
77,72,270.0,121.0,0.0,6,0.0,true,"City16(Day 4) -> City19(Day 6)"
77,73,332.0,256.0,0.0,6,0.0,true,"City18(Day 4) -> City22(Day 6)"
77,74,321.0,225.0,0.0,6,0.0,true,"City16(Day 1) -> City18(Day 2)"
77,75,440.0,576.0,0.0,6,0.0,true,"City16(Day 0) -> City14(Day 1) -> City18(Day 5)"
78,1,165.0,64.0,0.0,1,0.0,true,"City18(Day 4)"
78,2,136.0,16.0,0.0,1,0.0,true,"City19(Day 3)"
78,3,232.0,169.0,0.0,1,0.0,true,"City16(Day 1) -> City24(Day 3)"
78,4,341.0,361.0,0.0,1,0.0,true,"City19(Day 0) -> City16(Day 3) -> City18(Day 4)"
78,5,459.0,625.0,0.0,1,0.0,true,"City14(Day 1) -> City22(Day 2) -> City18(Day 4)"
78,6,346.0,441.0,0.0,1,0.0,true,"City16(Day 1) -> City24(Day 3) -> City18(Day 4)"
78,7,405.0,576.0,0.0,1,0.0,true,"City4(Day 2) -> City16(Day 3) -> City18(Day 4)"
78,8,154.0,49.0,0.0,1,0.0,true,"City16(Day 6)"
78,9,309.0,256.0,0.0,1,0.0,true,"City22(Day 3) -> City18(Day 4)"
78,10,531.0,676.0,0.0,1,0.0,true,"City4(Day 1) -> City14(Day 2) -> City18(Day 4)"
78,11,237.0,225.0,0.0,1,0.0,true,"City16(Day 1) -> City18(Day 4)"
78,12,382.0,529.0,0.0,1,0.0,true,"City16(Day 1) -> City18(Day 4) -> City22(Day 5)"
78,13,423.0,576.0,0.0,2,0.0,true,"City16(Day 0) -> City14(Day 1) -> City18(Day 4)"
78,14,239.0,225.0,0.0,2,0.0,true,"City16(Day 0) -> City18(Day 4)"
78,15,384.0,529.0,0.0,2,0.0,true,"City16(Day 1) -> City22(Day 2) -> City18(Day 4)"
78,16,348.0,441.0,0.0,2,0.0,true,"City16(Day 0) -> City24(Day 3) -> City18(Day 4)"
78,17,342.0,361.0,0.0,2,0.0,true,"City19(Day 1) -> City16(Day 3) -> City18(Day 4)"
78,18,532.0,676.0,0.0,2,0.0,true,"City4(Day 2) -> City14(Day 3) -> City18(Day 4)"
78,19,234.0,169.0,0.0,2,0.0,true,"City16(Day 0) -> City24(Day 3)"
78,20,461.0,625.0,0.0,2,0.0,true,"City14(Day 1) -> City18(Day 3) -> City22(Day 5)"
78,21,310.0,256.0,0.0,2,0.0,true,"City18(Day 4) -> City22(Day 5)"
78,22,384.0,529.0,0.0,2,0.0,true,"City16(Day 0) -> City18(Day 4) -> City22(Day 5)"
78,23,153.0,16.0,0.0,2,0.0,true,"City12(Day 3)"
78,24,169.0,64.0,0.0,2,0.0,true,"City22(Day 5)"
78,25,168.0,49.0,0.0,2,0.0,true,"City16(Day 1)"
78,26,315.0,256.0,0.0,3,0.0,true,"City18(Day 2) -> City22(Day 5)"
78,27,543.0,676.0,0.0,3,0.0,true,"City14(Day 1) -> City4(Day 4) -> City18(Day 5)"
78,28,424.0,576.0,0.0,3,0.0,true,"City14(Day 1) -> City16(Day 3) -> City18(Day 4)"
78,29,352.0,361.0,0.0,3,0.0,true,"City19(Day 2) -> City16(Day 3) -> City18(Day 4)"
78,30,343.0,289.0,0.0,3,0.0,true,"City14(Day 1) -> City18(Day 4)"
78,31,234.0,121.0,0.0,3,0.0,true,"City16(Day 1) -> City19(Day 3)"
78,32,190.0,64.0,0.0,3,0.0,true,"City18(Day 5)"
78,33,386.0,529.0,0.0,3,0.0,true,"City16(Day 0) -> City22(Day 2) -> City18(Day 4)"
78,34,258.0,225.0,0.0,3,0.0,true,"City16(Day 1) -> City18(Day 5)"
78,35,476.0,625.0,0.0,3,0.0,true,"City14(Day 1) -> City22(Day 2) -> City18(Day 3)"
78,36,360.0,441.0,0.0,3,0.0,true,"City16(Day 1) -> City24(Day 2) -> City18(Day 4)"
78,37,181.0,16.0,0.0,3,0.0,true,"City19(Day 0)"
78,38,192.0,36.0,0.0,4,0.0,true,"City24(Day 3)"
78,39,483.0,625.0,0.0,4,0.0,true,"City14(Day 1) -> City18(Day 3) -> City22(Day 6)"
78,40,197.0,49.0,0.0,4,0.0,true,"City16(Day 4)"
78,41,188.0,16.0,0.0,4,0.0,true,"City19(Day 6)"
78,42,426.0,576.0,0.0,4,0.0,true,"City4(Day 2) -> City16(Day 3) -> City18(Day 5)"
78,43,361.0,441.0,0.0,4,0.0,true,"City16(Day 0) -> City18(Day 1) -> City24(Day 3)"
78,44,544.0,676.0,0.0,4,0.0,true,"City4(Day 1) -> City14(Day 2) -> City18(Day 3)"
78,45,356.0,361.0,0.0,4,0.0,true,"City19(Day 3) -> City16(Day 4) -> City18(Day 5)"
78,46,236.0,121.0,0.0,4,0.0,true,"City16(Day 0) -> City19(Day 3)"
78,47,388.0,529.0,0.0,4,0.0,true,"City16(Day 0) -> City18(Day 1) -> City22(Day 5)"
78,48,320.0,256.0,0.0,4,0.0,true,"City22(Day 2) -> City18(Day 4)"
78,49,355.0,289.0,0.0,4,0.0,true,"City16(Day 1) -> City19(Day 2) -> City24(Day 3)"
78,50,260.0,225.0,0.0,4,0.0,true,"City16(Day 0) -> City18(Day 5)"
78,51,356.0,361.0,0.0,4,0.0,true,"City16(Day 0) -> City18(Day 1) -> City19(Day 3)"
78,52,215.0,64.0,0.0,4,0.0,true,"City22(Day 1)"
78,53,362.0,441.0,0.0,5,0.0,true,"City16(Day 0) -> City24(Day 2) -> City18(Day 4)"
78,54,435.0,576.0,0.0,5,0.0,true,"City18(Day 4) -> City14(Day 5) -> City16(Day 6)"
78,55,356.0,289.0,0.0,5,0.0,true,"City14(Day 1) -> City18(Day 3)"
78,56,322.0,256.0,0.0,5,0.0,true,"City14(Day 1) -> City16(Day 6)"
78,57,269.0,169.0,0.0,5,0.0,true,"City16(Day 2) -> City24(Day 3)"
78,58,194.0,36.0,0.0,5,0.0,true,"City24(Day 1)"
78,59,271.0,225.0,0.0,5,0.0,true,"City16(Day 4) -> City18(Day 5)"
78,60,265.0,144.0,0.0,5,0.0,true,"City19(Day 3) -> City22(Day 6)"
78,61,392.0,529.0,0.0,5,0.0,true,"City16(Day 1) -> City18(Day 2) -> City22(Day 5)"
78,62,200.0,49.0,0.0,5,0.0,true,"City16(Day 0)"
78,63,257.0,121.0,0.0,5,0.0,true,"City19(Day 3) -> City16(Day 6)"
78,64,484.0,625.0,0.0,5,0.0,true,"City4(Day 2) -> City22(Day 3) -> City18(Day 4)"
78,65,545.0,676.0,0.0,5,0.0,true,"City4(Day 1) -> City14(Day 3) -> City18(Day 4)"
78,66,191.0,16.0,0.0,5,0.0,true,"City12(Day 1)"
78,67,224.0,64.0,0.0,5,0.0,true,"City22(Day 6)"
78,68,257.0,121.0,0.0,5,0.0,true,"City16(Day 1) -> City19(Day 6)"
78,69,253.0,81.0,0.0,5,0.0,true,"City4(Day 2)"
78,70,360.0,361.0,0.0,5,0.0,true,"City16(Day 1) -> City18(Day 2) -> City19(Day 3)"
78,71,322.0,256.0,0.0,5,0.0,true,"City14(Day 4) -> City16(Day 6)"
78,72,240.0,64.0,0.0,6,0.0,true,"City18(Day 3)"
78,73,285.0,225.0,0.0,6,0.0,true,"City16(Day 0) -> City18(Day 1)"
78,74,362.0,361.0,0.0,6,0.0,true,"City12(Day 3) -> City16(Day 4) -> City18(Day 5)"
78,75,223.0,36.0,0.0,6,0.0,true,"City24(Day 5)"
79,1,237.0,225.0,0.0,1,0.0,true,"City16(Day 1) -> City18(Day 4)"
79,2,309.0,256.0,0.0,1,0.0,true,"City22(Day 3) -> City18(Day 4)"
79,3,232.0,169.0,0.0,1,0.0,true,"City16(Day 1) -> City24(Day 3)"
79,4,136.0,16.0,0.0,1,0.0,true,"City19(Day 3)"
79,5,346.0,441.0,0.0,1,0.0,true,"City16(Day 1) -> City24(Day 3) -> City18(Day 4)"
79,6,405.0,576.0,0.0,1,0.0,true,"City4(Day 2) -> City16(Day 3) -> City18(Day 4)"
79,7,154.0,49.0,0.0,1,0.0,true,"City16(Day 6)"
79,8,341.0,361.0,0.0,1,0.0,true,"City19(Day 0) -> City16(Day 3) -> City18(Day 4)"
79,9,382.0,529.0,0.0,1,0.0,true,"City16(Day 1) -> City18(Day 4) -> City22(Day 5)"
79,10,459.0,625.0,0.0,1,0.0,true,"City14(Day 1) -> City22(Day 2) -> City18(Day 4)"
79,11,165.0,64.0,0.0,1,0.0,true,"City18(Day 4)"
79,12,531.0,676.0,0.0,1,0.0,true,"City4(Day 1) -> City14(Day 2) -> City18(Day 4)"
79,13,234.0,169.0,0.0,2,0.0,true,"City16(Day 0) -> City24(Day 3)"
79,14,169.0,64.0,0.0,2,0.0,true,"City22(Day 5)"
79,15,310.0,256.0,0.0,2,0.0,true,"City18(Day 4) -> City22(Day 5)"
79,16,423.0,576.0,0.0,2,0.0,true,"City16(Day 0) -> City14(Day 1) -> City18(Day 4)"
79,17,153.0,16.0,0.0,2,0.0,true,"City12(Day 3)"
79,18,384.0,529.0,0.0,2,0.0,true,"City16(Day 1) -> City22(Day 2) -> City18(Day 4)"
79,19,168.0,49.0,0.0,2,0.0,true,"City16(Day 1)"
79,20,532.0,676.0,0.0,2,0.0,true,"City4(Day 2) -> City14(Day 3) -> City18(Day 4)"
79,21,461.0,625.0,0.0,2,0.0,true,"City14(Day 1) -> City18(Day 3) -> City22(Day 5)"
79,22,384.0,529.0,0.0,2,0.0,true,"City16(Day 0) -> City18(Day 4) -> City22(Day 5)"
79,23,348.0,441.0,0.0,2,0.0,true,"City16(Day 0) -> City24(Day 3) -> City18(Day 4)"
79,24,342.0,361.0,0.0,2,0.0,true,"City19(Day 1) -> City16(Day 3) -> City18(Day 4)"
79,25,239.0,225.0,0.0,2,0.0,true,"City16(Day 0) -> City18(Day 4)"
79,26,258.0,225.0,0.0,3,0.0,true,"City16(Day 1) -> City18(Day 5)"
79,27,543.0,676.0,0.0,3,0.0,true,"City14(Day 1) -> City4(Day 4) -> City18(Day 5)"
79,28,234.0,121.0,0.0,3,0.0,true,"City16(Day 1) -> City19(Day 3)"
79,29,360.0,441.0,0.0,3,0.0,true,"City16(Day 1) -> City24(Day 2) -> City18(Day 4)"
79,30,386.0,529.0,0.0,3,0.0,true,"City16(Day 0) -> City22(Day 2) -> City18(Day 4)"
79,31,424.0,576.0,0.0,3,0.0,true,"City14(Day 1) -> City16(Day 3) -> City18(Day 4)"
79,32,343.0,289.0,0.0,3,0.0,true,"City14(Day 1) -> City18(Day 4)"
79,33,352.0,361.0,0.0,3,0.0,true,"City19(Day 2) -> City16(Day 3) -> City18(Day 4)"
79,34,190.0,64.0,0.0,3,0.0,true,"City18(Day 5)"
79,35,315.0,256.0,0.0,3,0.0,true,"City18(Day 2) -> City22(Day 5)"
79,36,181.0,16.0,0.0,3,0.0,true,"City19(Day 0)"
79,37,476.0,625.0,0.0,3,0.0,true,"City14(Day 1) -> City22(Day 2) -> City18(Day 3)"
79,38,356.0,361.0,0.0,4,0.0,true,"City19(Day 3) -> City16(Day 4) -> City18(Day 5)"
79,39,361.0,441.0,0.0,4,0.0,true,"City16(Day 0) -> City18(Day 1) -> City24(Day 3)"
79,40,544.0,676.0,0.0,4,0.0,true,"City4(Day 1) -> City14(Day 2) -> City18(Day 3)"
79,41,188.0,16.0,0.0,4,0.0,true,"City19(Day 6)"
79,42,320.0,256.0,0.0,4,0.0,true,"City22(Day 2) -> City18(Day 4)"
79,43,388.0,529.0,0.0,4,0.0,true,"City16(Day 0) -> City18(Day 1) -> City22(Day 5)"
79,44,192.0,36.0,0.0,4,0.0,true,"City24(Day 3)"
79,45,215.0,64.0,0.0,4,0.0,true,"City22(Day 1)"
79,46,483.0,625.0,0.0,4,0.0,true,"City14(Day 1) -> City18(Day 3) -> City22(Day 6)"
79,47,260.0,225.0,0.0,4,0.0,true,"City16(Day 0) -> City18(Day 5)"
79,48,355.0,289.0,0.0,4,0.0,true,"City16(Day 1) -> City19(Day 2) -> City24(Day 3)"
79,49,197.0,49.0,0.0,4,0.0,true,"City16(Day 4)"
79,50,356.0,361.0,0.0,4,0.0,true,"City16(Day 0) -> City18(Day 1) -> City19(Day 3)"
79,51,236.0,121.0,0.0,4,0.0,true,"City16(Day 0) -> City19(Day 3)"
79,52,426.0,576.0,0.0,4,0.0,true,"City4(Day 2) -> City16(Day 3) -> City18(Day 5)"
79,53,322.0,256.0,0.0,5,0.0,true,"City14(Day 1) -> City16(Day 6)"
79,54,253.0,81.0,0.0,5,0.0,true,"City4(Day 2)"
79,55,257.0,121.0,0.0,5,0.0,true,"City16(Day 1) -> City19(Day 6)"
79,56,265.0,144.0,0.0,5,0.0,true,"City19(Day 3) -> City22(Day 6)"
79,57,392.0,529.0,0.0,5,0.0,true,"City16(Day 1) -> City18(Day 2) -> City22(Day 5)"
79,58,322.0,256.0,0.0,5,0.0,true,"City14(Day 4) -> City16(Day 6)"
79,59,545.0,676.0,0.0,5,0.0,true,"City4(Day 1) -> City14(Day 3) -> City18(Day 4)"
79,60,200.0,49.0,0.0,5,0.0,true,"City16(Day 0)"
79,61,360.0,361.0,0.0,5,0.0,true,"City16(Day 1) -> City18(Day 2) -> City19(Day 3)"
79,62,362.0,441.0,0.0,5,0.0,true,"City16(Day 0) -> City24(Day 2) -> City18(Day 4)"
79,63,194.0,36.0,0.0,5,0.0,true,"City24(Day 1)"
79,64,271.0,225.0,0.0,5,0.0,true,"City16(Day 4) -> City18(Day 5)"
79,65,257.0,121.0,0.0,5,0.0,true,"City19(Day 3) -> City16(Day 6)"
79,66,224.0,64.0,0.0,5,0.0,true,"City22(Day 6)"
79,67,484.0,625.0,0.0,5,0.0,true,"City4(Day 2) -> City22(Day 3) -> City18(Day 4)"
79,68,356.0,289.0,0.0,5,0.0,true,"City14(Day 1) -> City18(Day 3)"
79,69,191.0,16.0,0.0,5,0.0,true,"City12(Day 1)"
79,70,435.0,576.0,0.0,5,0.0,true,"City18(Day 4) -> City14(Day 5) -> City16(Day 6)"
79,71,269.0,169.0,0.0,5,0.0,true,"City16(Day 2) -> City24(Day 3)"
79,72,240.0,64.0,0.0,6,0.0,true,"City18(Day 3)"
79,73,391.0,441.0,0.0,6,0.0,true,"City16(Day 1) -> City24(Day 3) -> City18(Day 5)"
79,74,362.0,361.0,0.0,6,0.0,true,"City12(Day 3) -> City16(Day 4) -> City18(Day 5)"
79,75,406.0,529.0,0.0,6,0.0,true,"City16(Day 0) -> City18(Day 4) -> City22(Day 6)"
80,1,346.0,441.0,0.0,1,0.0,true,"City16(Day 1) -> City24(Day 3) -> City18(Day 4)"
80,2,165.0,64.0,0.0,1,0.0,true,"City18(Day 4)"
80,3,382.0,529.0,0.0,1,0.0,true,"City16(Day 1) -> City18(Day 4) -> City22(Day 5)"
80,4,136.0,16.0,0.0,1,0.0,true,"City19(Day 3)"
80,5,232.0,169.0,0.0,1,0.0,true,"City16(Day 1) -> City24(Day 3)"
80,6,341.0,361.0,0.0,1,0.0,true,"City19(Day 0) -> City16(Day 3) -> City18(Day 4)"
80,7,459.0,625.0,0.0,1,0.0,true,"City14(Day 1) -> City22(Day 2) -> City18(Day 4)"
80,8,531.0,676.0,0.0,1,0.0,true,"City4(Day 1) -> City14(Day 2) -> City18(Day 4)"
80,9,154.0,49.0,0.0,1,0.0,true,"City16(Day 6)"
80,10,237.0,225.0,0.0,1,0.0,true,"City16(Day 1) -> City18(Day 4)"
80,11,309.0,256.0,0.0,1,0.0,true,"City22(Day 3) -> City18(Day 4)"
80,12,405.0,576.0,0.0,1,0.0,true,"City4(Day 2) -> City16(Day 3) -> City18(Day 4)"
80,13,384.0,529.0,0.0,2,0.0,true,"City16(Day 0) -> City18(Day 4) -> City22(Day 5)"
80,14,169.0,64.0,0.0,2,0.0,true,"City22(Day 5)"
80,15,532.0,676.0,0.0,2,0.0,true,"City4(Day 2) -> City14(Day 3) -> City18(Day 4)"
80,16,423.0,576.0,0.0,2,0.0,true,"City16(Day 0) -> City14(Day 1) -> City18(Day 4)"
80,17,234.0,169.0,0.0,2,0.0,true,"City16(Day 0) -> City24(Day 3)"
80,18,239.0,225.0,0.0,2,0.0,true,"City16(Day 0) -> City18(Day 4)"
80,19,310.0,256.0,0.0,2,0.0,true,"City18(Day 4) -> City22(Day 5)"
80,20,348.0,441.0,0.0,2,0.0,true,"City16(Day 0) -> City24(Day 3) -> City18(Day 4)"
80,21,461.0,625.0,0.0,2,0.0,true,"City14(Day 1) -> City18(Day 3) -> City22(Day 5)"
80,22,342.0,361.0,0.0,2,0.0,true,"City19(Day 1) -> City16(Day 3) -> City18(Day 4)"
80,23,153.0,16.0,0.0,2,0.0,true,"City12(Day 3)"
80,24,384.0,529.0,0.0,2,0.0,true,"City16(Day 1) -> City22(Day 2) -> City18(Day 4)"
80,25,168.0,49.0,0.0,2,0.0,true,"City16(Day 1)"
80,26,181.0,16.0,0.0,3,0.0,true,"City19(Day 0)"
80,27,424.0,576.0,0.0,3,0.0,true,"City14(Day 1) -> City16(Day 3) -> City18(Day 4)"
80,28,234.0,121.0,0.0,3,0.0,true,"City16(Day 1) -> City19(Day 3)"
80,29,343.0,289.0,0.0,3,0.0,true,"City14(Day 1) -> City18(Day 4)"
80,30,258.0,225.0,0.0,3,0.0,true,"City16(Day 1) -> City18(Day 5)"
80,31,386.0,529.0,0.0,3,0.0,true,"City16(Day 0) -> City22(Day 2) -> City18(Day 4)"
80,32,315.0,256.0,0.0,3,0.0,true,"City18(Day 2) -> City22(Day 5)"
80,33,360.0,441.0,0.0,3,0.0,true,"City16(Day 1) -> City24(Day 2) -> City18(Day 4)"
80,34,352.0,361.0,0.0,3,0.0,true,"City19(Day 2) -> City16(Day 3) -> City18(Day 4)"
80,35,190.0,64.0,0.0,3,0.0,true,"City18(Day 5)"
80,36,543.0,676.0,0.0,3,0.0,true,"City14(Day 1) -> City4(Day 4) -> City18(Day 5)"
80,37,476.0,625.0,0.0,3,0.0,true,"City14(Day 1) -> City22(Day 2) -> City18(Day 3)"
80,38,188.0,16.0,0.0,4,0.0,true,"City19(Day 6)"
80,39,426.0,576.0,0.0,4,0.0,true,"City4(Day 2) -> City16(Day 3) -> City18(Day 5)"
80,40,355.0,289.0,0.0,4,0.0,true,"City16(Day 1) -> City19(Day 2) -> City24(Day 3)"
80,41,236.0,121.0,0.0,4,0.0,true,"City16(Day 0) -> City19(Day 3)"
80,42,260.0,225.0,0.0,4,0.0,true,"City16(Day 0) -> City18(Day 5)"
80,43,388.0,529.0,0.0,4,0.0,true,"City16(Day 0) -> City18(Day 1) -> City22(Day 5)"
80,44,356.0,361.0,0.0,4,0.0,true,"City16(Day 0) -> City18(Day 1) -> City19(Day 3)"
80,45,215.0,64.0,0.0,4,0.0,true,"City22(Day 1)"
80,46,544.0,676.0,0.0,4,0.0,true,"City4(Day 1) -> City14(Day 2) -> City18(Day 3)"
80,47,356.0,361.0,0.0,4,0.0,true,"City19(Day 3) -> City16(Day 4) -> City18(Day 5)"
80,48,361.0,441.0,0.0,4,0.0,true,"City16(Day 0) -> City18(Day 1) -> City24(Day 3)"
80,49,192.0,36.0,0.0,4,0.0,true,"City24(Day 3)"
80,50,483.0,625.0,0.0,4,0.0,true,"City14(Day 1) -> City18(Day 3) -> City22(Day 6)"
80,51,197.0,49.0,0.0,4,0.0,true,"City16(Day 4)"
80,52,320.0,256.0,0.0,4,0.0,true,"City22(Day 2) -> City18(Day 4)"
80,53,253.0,81.0,0.0,5,0.0,true,"City4(Day 2)"
80,54,257.0,121.0,0.0,5,0.0,true,"City19(Day 3) -> City16(Day 6)"
80,55,484.0,625.0,0.0,5,0.0,true,"City4(Day 2) -> City22(Day 3) -> City18(Day 4)"
80,56,269.0,169.0,0.0,5,0.0,true,"City16(Day 2) -> City24(Day 3)"
80,57,224.0,64.0,0.0,5,0.0,true,"City22(Day 6)"
80,58,545.0,676.0,0.0,5,0.0,true,"City4(Day 1) -> City14(Day 3) -> City18(Day 4)"
80,59,265.0,144.0,0.0,5,0.0,true,"City19(Day 3) -> City22(Day 6)"
80,60,360.0,361.0,0.0,5,0.0,true,"City16(Day 1) -> City18(Day 2) -> City19(Day 3)"
80,61,271.0,225.0,0.0,5,0.0,true,"City16(Day 4) -> City18(Day 5)"
80,62,392.0,529.0,0.0,5,0.0,true,"City16(Day 1) -> City18(Day 2) -> City22(Day 5)"
80,63,356.0,289.0,0.0,5,0.0,true,"City14(Day 1) -> City18(Day 3)"
80,64,322.0,256.0,0.0,5,0.0,true,"City14(Day 4) -> City16(Day 6)"
80,65,191.0,16.0,0.0,5,0.0,true,"City12(Day 1)"
80,66,200.0,49.0,0.0,5,0.0,true,"City16(Day 0)"
80,67,257.0,121.0,0.0,5,0.0,true,"City16(Day 1) -> City19(Day 6)"
80,68,194.0,36.0,0.0,5,0.0,true,"City24(Day 1)"
80,69,362.0,441.0,0.0,5,0.0,true,"City16(Day 0) -> City24(Day 2) -> City18(Day 4)"
80,70,322.0,256.0,0.0,5,0.0,true,"City14(Day 1) -> City16(Day 6)"
80,71,435.0,576.0,0.0,5,0.0,true,"City18(Day 4) -> City14(Day 5) -> City16(Day 6)"
80,72,535.0,625.0,0.0,6,0.0,true,"City16(Day 1) -> City4(Day 2) -> City14(Day 3)"
80,73,226.0,16.0,0.0,6,0.0,true,"City19(Day 2)"
80,74,406.0,529.0,0.0,6,0.0,true,"City16(Day 0) -> City18(Day 4) -> City22(Day 6)"
80,75,232.0,49.0,0.0,6,0.0,true,"City16(Day 2)"
81,1,154.0,49.0,0.0,1,0.0,true,"City16(Day 6)"
81,2,459.0,625.0,0.0,1,0.0,true,"City14(Day 1) -> City22(Day 2) -> City18(Day 4)"
81,3,382.0,529.0,0.0,1,0.0,true,"City16(Day 1) -> City18(Day 4) -> City22(Day 5)"
81,4,405.0,576.0,0.0,1,0.0,true,"City4(Day 2) -> City16(Day 3) -> City18(Day 4)"
81,5,237.0,225.0,0.0,1,0.0,true,"City16(Day 1) -> City18(Day 4)"
81,6,232.0,169.0,0.0,1,0.0,true,"City16(Day 1) -> City24(Day 3)"
81,7,136.0,16.0,0.0,1,0.0,true,"City19(Day 3)"
81,8,346.0,441.0,0.0,1,0.0,true,"City16(Day 1) -> City24(Day 3) -> City18(Day 4)"
81,9,165.0,64.0,0.0,1,0.0,true,"City18(Day 4)"
81,10,309.0,256.0,0.0,1,0.0,true,"City22(Day 3) -> City18(Day 4)"
81,11,341.0,361.0,0.0,1,0.0,true,"City19(Day 0) -> City16(Day 3) -> City18(Day 4)"
81,12,531.0,676.0,0.0,1,0.0,true,"City4(Day 1) -> City14(Day 2) -> City18(Day 4)"
81,13,234.0,169.0,0.0,2,0.0,true,"City16(Day 0) -> City24(Day 3)"
81,14,310.0,256.0,0.0,2,0.0,true,"City18(Day 4) -> City22(Day 5)"
81,15,348.0,441.0,0.0,2,0.0,true,"City16(Day 0) -> City24(Day 3) -> City18(Day 4)"
81,16,384.0,529.0,0.0,2,0.0,true,"City16(Day 0) -> City18(Day 4) -> City22(Day 5)"
81,17,169.0,64.0,0.0,2,0.0,true,"City22(Day 5)"
81,18,423.0,576.0,0.0,2,0.0,true,"City16(Day 0) -> City14(Day 1) -> City18(Day 4)"
81,19,153.0,16.0,0.0,2,0.0,true,"City12(Day 3)"
81,20,168.0,49.0,0.0,2,0.0,true,"City16(Day 1)"
81,21,342.0,361.0,0.0,2,0.0,true,"City19(Day 1) -> City16(Day 3) -> City18(Day 4)"
81,22,239.0,225.0,0.0,2,0.0,true,"City16(Day 0) -> City18(Day 4)"
81,23,384.0,529.0,0.0,2,0.0,true,"City16(Day 1) -> City22(Day 2) -> City18(Day 4)"
81,24,532.0,676.0,0.0,2,0.0,true,"City4(Day 2) -> City14(Day 3) -> City18(Day 4)"
81,25,461.0,625.0,0.0,2,0.0,true,"City14(Day 1) -> City18(Day 3) -> City22(Day 5)"
81,26,315.0,256.0,0.0,3,0.0,true,"City18(Day 2) -> City22(Day 5)"
81,27,352.0,361.0,0.0,3,0.0,true,"City19(Day 2) -> City16(Day 3) -> City18(Day 4)"
81,28,360.0,441.0,0.0,3,0.0,true,"City16(Day 1) -> City24(Day 2) -> City18(Day 4)"
81,29,343.0,289.0,0.0,3,0.0,true,"City14(Day 1) -> City18(Day 4)"
81,30,543.0,676.0,0.0,3,0.0,true,"City14(Day 1) -> City4(Day 4) -> City18(Day 5)"
81,31,258.0,225.0,0.0,3,0.0,true,"City16(Day 1) -> City18(Day 5)"
81,32,190.0,64.0,0.0,3,0.0,true,"City18(Day 5)"
81,33,424.0,576.0,0.0,3,0.0,true,"City14(Day 1) -> City16(Day 3) -> City18(Day 4)"
81,34,386.0,529.0,0.0,3,0.0,true,"City16(Day 0) -> City22(Day 2) -> City18(Day 4)"
81,35,181.0,16.0,0.0,3,0.0,true,"City19(Day 0)"
81,36,234.0,121.0,0.0,3,0.0,true,"City16(Day 1) -> City19(Day 3)"
81,37,476.0,625.0,0.0,3,0.0,true,"City14(Day 1) -> City22(Day 2) -> City18(Day 3)"
81,38,356.0,361.0,0.0,4,0.0,true,"City16(Day 0) -> City18(Day 1) -> City19(Day 3)"
81,39,236.0,121.0,0.0,4,0.0,true,"City16(Day 0) -> City19(Day 3)"
81,40,188.0,16.0,0.0,4,0.0,true,"City19(Day 6)"
81,41,388.0,529.0,0.0,4,0.0,true,"City16(Day 0) -> City18(Day 1) -> City22(Day 5)"
81,42,361.0,441.0,0.0,4,0.0,true,"City16(Day 0) -> City18(Day 1) -> City24(Day 3)"
81,43,320.0,256.0,0.0,4,0.0,true,"City22(Day 2) -> City18(Day 4)"
81,44,426.0,576.0,0.0,4,0.0,true,"City4(Day 2) -> City16(Day 3) -> City18(Day 5)"
81,45,356.0,361.0,0.0,4,0.0,true,"City19(Day 3) -> City16(Day 4) -> City18(Day 5)"
81,46,215.0,64.0,0.0,4,0.0,true,"City22(Day 1)"
81,47,260.0,225.0,0.0,4,0.0,true,"City16(Day 0) -> City18(Day 5)"
81,48,192.0,36.0,0.0,4,0.0,true,"City24(Day 3)"
81,49,197.0,49.0,0.0,4,0.0,true,"City16(Day 4)"
81,50,483.0,625.0,0.0,4,0.0,true,"City14(Day 1) -> City18(Day 3) -> City22(Day 6)"
81,51,544.0,676.0,0.0,4,0.0,true,"City4(Day 1) -> City14(Day 2) -> City18(Day 3)"
81,52,355.0,289.0,0.0,4,0.0,true,"City16(Day 1) -> City19(Day 2) -> City24(Day 3)"
81,53,545.0,676.0,0.0,5,0.0,true,"City4(Day 1) -> City14(Day 3) -> City18(Day 4)"
81,54,265.0,144.0,0.0,5,0.0,true,"City19(Day 3) -> City22(Day 6)"
81,55,322.0,256.0,0.0,5,0.0,true,"City14(Day 4) -> City16(Day 6)"
81,56,269.0,169.0,0.0,5,0.0,true,"City16(Day 2) -> City24(Day 3)"
81,57,322.0,256.0,0.0,5,0.0,true,"City14(Day 1) -> City16(Day 6)"
81,58,253.0,81.0,0.0,5,0.0,true,"City4(Day 2)"
81,59,356.0,289.0,0.0,5,0.0,true,"City14(Day 1) -> City18(Day 3)"
81,60,271.0,225.0,0.0,5,0.0,true,"City16(Day 4) -> City18(Day 5)"
81,61,191.0,16.0,0.0,5,0.0,true,"City12(Day 1)"
81,62,435.0,576.0,0.0,5,0.0,true,"City18(Day 4) -> City14(Day 5) -> City16(Day 6)"
81,63,360.0,361.0,0.0,5,0.0,true,"City16(Day 1) -> City18(Day 2) -> City19(Day 3)"
81,64,257.0,121.0,0.0,5,0.0,true,"City16(Day 1) -> City19(Day 6)"
81,65,392.0,529.0,0.0,5,0.0,true,"City16(Day 1) -> City18(Day 2) -> City22(Day 5)"
81,66,224.0,64.0,0.0,5,0.0,true,"City22(Day 6)"
81,67,484.0,625.0,0.0,5,0.0,true,"City4(Day 2) -> City22(Day 3) -> City18(Day 4)"
81,68,200.0,49.0,0.0,5,0.0,true,"City16(Day 0)"
81,69,257.0,121.0,0.0,5,0.0,true,"City19(Day 3) -> City16(Day 6)"
81,70,194.0,36.0,0.0,5,0.0,true,"City24(Day 1)"
81,71,362.0,441.0,0.0,5,0.0,true,"City16(Day 0) -> City24(Day 2) -> City18(Day 4)"
81,72,406.0,529.0,0.0,6,0.0,true,"City16(Day 0) -> City18(Day 4) -> City22(Day 6)"
81,73,333.0,256.0,0.0,6,0.0,true,"City18(Day 1) -> City22(Day 5)"
81,74,467.0,576.0,0.0,6,0.0,true,"City14(Day 1) -> City18(Day 3) -> City16(Day 5)"
81,75,535.0,625.0,0.0,6,0.0,true,"City16(Day 1) -> City4(Day 2) -> City14(Day 3)"
82,1,136.0,16.0,0.0,1,0.0,true,"City19(Day 3)"
82,2,165.0,64.0,0.0,1,0.0,true,"City18(Day 4)"
82,3,309.0,256.0,0.0,1,0.0,true,"City22(Day 3) -> City18(Day 4)"
82,4,382.0,529.0,0.0,1,0.0,true,"City16(Day 1) -> City18(Day 4) -> City22(Day 5)"
82,5,531.0,676.0,0.0,1,0.0,true,"City4(Day 1) -> City14(Day 2) -> City18(Day 4)"
82,6,154.0,49.0,0.0,1,0.0,true,"City16(Day 6)"
82,7,341.0,361.0,0.0,1,0.0,true,"City19(Day 0) -> City16(Day 3) -> City18(Day 4)"
82,8,346.0,441.0,0.0,1,0.0,true,"City16(Day 1) -> City24(Day 3) -> City18(Day 4)"
82,9,405.0,576.0,0.0,1,0.0,true,"City4(Day 2) -> City16(Day 3) -> City18(Day 4)"
82,10,237.0,225.0,0.0,1,0.0,true,"City16(Day 1) -> City18(Day 4)"
82,11,459.0,625.0,0.0,1,0.0,true,"City14(Day 1) -> City22(Day 2) -> City18(Day 4)"
82,12,232.0,169.0,0.0,1,0.0,true,"City16(Day 1) -> City24(Day 3)"
82,13,384.0,529.0,0.0,2,0.0,true,"City16(Day 1) -> City22(Day 2) -> City18(Day 4)"
82,14,310.0,256.0,0.0,2,0.0,true,"City18(Day 4) -> City22(Day 5)"
82,15,342.0,361.0,0.0,2,0.0,true,"City19(Day 1) -> City16(Day 3) -> City18(Day 4)"
82,16,234.0,169.0,0.0,2,0.0,true,"City16(Day 0) -> City24(Day 3)"
82,17,169.0,64.0,0.0,2,0.0,true,"City22(Day 5)"
82,18,461.0,625.0,0.0,2,0.0,true,"City14(Day 1) -> City18(Day 3) -> City22(Day 5)"
82,19,423.0,576.0,0.0,2,0.0,true,"City16(Day 0) -> City14(Day 1) -> City18(Day 4)"
82,20,153.0,16.0,0.0,2,0.0,true,"City12(Day 3)"
82,21,348.0,441.0,0.0,2,0.0,true,"City16(Day 0) -> City24(Day 3) -> City18(Day 4)"
82,22,384.0,529.0,0.0,2,0.0,true,"City16(Day 0) -> City18(Day 4) -> City22(Day 5)"
82,23,168.0,49.0,0.0,2,0.0,true,"City16(Day 1)"
82,24,239.0,225.0,0.0,2,0.0,true,"City16(Day 0) -> City18(Day 4)"
82,25,532.0,676.0,0.0,2,0.0,true,"City4(Day 2) -> City14(Day 3) -> City18(Day 4)"
82,26,424.0,576.0,0.0,3,0.0,true,"City14(Day 1) -> City16(Day 3) -> City18(Day 4)"
82,27,315.0,256.0,0.0,3,0.0,true,"City18(Day 2) -> City22(Day 5)"
82,28,352.0,361.0,0.0,3,0.0,true,"City19(Day 2) -> City16(Day 3) -> City18(Day 4)"
82,29,386.0,529.0,0.0,3,0.0,true,"City16(Day 0) -> City22(Day 2) -> City18(Day 4)"
82,30,543.0,676.0,0.0,3,0.0,true,"City14(Day 1) -> City4(Day 4) -> City18(Day 5)"
82,31,476.0,625.0,0.0,3,0.0,true,"City14(Day 1) -> City22(Day 2) -> City18(Day 3)"
82,32,190.0,64.0,0.0,3,0.0,true,"City18(Day 5)"
82,33,343.0,289.0,0.0,3,0.0,true,"City14(Day 1) -> City18(Day 4)"
82,34,234.0,121.0,0.0,3,0.0,true,"City16(Day 1) -> City19(Day 3)"
82,35,181.0,16.0,0.0,3,0.0,true,"City19(Day 0)"
82,36,258.0,225.0,0.0,3,0.0,true,"City16(Day 1) -> City18(Day 5)"
82,37,360.0,441.0,0.0,3,0.0,true,"City16(Day 1) -> City24(Day 2) -> City18(Day 4)"
82,38,260.0,225.0,0.0,4,0.0,true,"City16(Day 0) -> City18(Day 5)"
82,39,356.0,361.0,0.0,4,0.0,true,"City19(Day 3) -> City16(Day 4) -> City18(Day 5)"
82,40,236.0,121.0,0.0,4,0.0,true,"City16(Day 0) -> City19(Day 3)"
82,41,356.0,361.0,0.0,4,0.0,true,"City16(Day 0) -> City18(Day 1) -> City19(Day 3)"
82,42,426.0,576.0,0.0,4,0.0,true,"City4(Day 2) -> City16(Day 3) -> City18(Day 5)"
82,43,320.0,256.0,0.0,4,0.0,true,"City22(Day 2) -> City18(Day 4)"
82,44,355.0,289.0,0.0,4,0.0,true,"City16(Day 1) -> City19(Day 2) -> City24(Day 3)"
82,45,361.0,441.0,0.0,4,0.0,true,"City16(Day 0) -> City18(Day 1) -> City24(Day 3)"
82,46,483.0,625.0,0.0,4,0.0,true,"City14(Day 1) -> City18(Day 3) -> City22(Day 6)"
82,47,215.0,64.0,0.0,4,0.0,true,"City22(Day 1)"
82,48,188.0,16.0,0.0,4,0.0,true,"City19(Day 6)"
82,49,191.0,36.0,0.0,4,0.0,true,"City24(Day 2)"
82,50,197.0,49.0,0.0,4,0.0,true,"City16(Day 4)"
82,51,388.0,529.0,0.0,4,0.0,true,"City16(Day 0) -> City18(Day 1) -> City22(Day 5)"
82,52,544.0,676.0,0.0,4,0.0,true,"City4(Day 1) -> City14(Day 2) -> City18(Day 3)"
82,53,392.0,529.0,0.0,5,0.0,true,"City16(Day 1) -> City18(Day 2) -> City22(Day 5)"
82,54,269.0,169.0,0.0,5,0.0,true,"City16(Day 2) -> City24(Day 3)"
82,55,192.0,36.0,0.0,5,0.0,true,"City24(Day 3)"
82,56,257.0,121.0,0.0,5,0.0,true,"City16(Day 1) -> City19(Day 6)"
82,57,356.0,289.0,0.0,5,0.0,true,"City14(Day 1) -> City18(Day 3)"
82,58,271.0,225.0,0.0,5,0.0,true,"City16(Day 4) -> City18(Day 5)"
82,59,360.0,361.0,0.0,5,0.0,true,"City16(Day 1) -> City18(Day 2) -> City19(Day 3)"
82,60,322.0,256.0,0.0,5,0.0,true,"City14(Day 1) -> City16(Day 6)"
82,61,322.0,256.0,0.0,5,0.0,true,"City14(Day 4) -> City16(Day 6)"
82,62,265.0,144.0,0.0,5,0.0,true,"City19(Day 3) -> City22(Day 6)"
82,63,224.0,64.0,0.0,5,0.0,true,"City22(Day 6)"
82,64,253.0,81.0,0.0,5,0.0,true,"City4(Day 2)"
82,65,435.0,576.0,0.0,5,0.0,true,"City18(Day 4) -> City14(Day 5) -> City16(Day 6)"
82,66,545.0,676.0,0.0,5,0.0,true,"City4(Day 1) -> City14(Day 3) -> City18(Day 4)"
82,67,200.0,49.0,0.0,5,0.0,true,"City16(Day 0)"
82,68,484.0,625.0,0.0,5,0.0,true,"City4(Day 2) -> City22(Day 3) -> City18(Day 4)"
82,69,191.0,16.0,0.0,5,0.0,true,"City12(Day 1)"
82,70,257.0,121.0,0.0,5,0.0,true,"City19(Day 3) -> City16(Day 6)"
82,71,362.0,441.0,0.0,5,0.0,true,"City16(Day 0) -> City24(Day 2) -> City18(Day 4)"
82,72,535.0,625.0,0.0,6,0.0,true,"City16(Day 1) -> City4(Day 2) -> City14(Day 3)"
82,73,268.0,144.0,0.0,6,0.0,true,"City19(Day 3) -> City18(Day 4)"
82,74,374.0,289.0,0.0,6,0.0,true,"City4(Day 1) -> City18(Day 5)"
82,75,326.0,256.0,0.0,6,0.0,true,"City22(Day 1) -> City18(Day 4)"
83,1,459.0,625.0,0.0,1,0.0,true,"City14(Day 1) -> City22(Day 2) -> City18(Day 4)"
83,2,237.0,225.0,0.0,1,0.0,true,"City16(Day 1) -> City18(Day 4)"
83,3,405.0,576.0,0.0,1,0.0,true,"City4(Day 2) -> City16(Day 3) -> City18(Day 4)"
83,4,136.0,16.0,0.0,1,0.0,true,"City19(Day 3)"
83,5,165.0,64.0,0.0,1,0.0,true,"City18(Day 4)"
83,6,232.0,169.0,0.0,1,0.0,true,"City16(Day 1) -> City24(Day 3)"
83,7,154.0,49.0,0.0,1,0.0,true,"City16(Day 6)"
83,8,346.0,441.0,0.0,1,0.0,true,"City16(Day 1) -> City24(Day 3) -> City18(Day 4)"
83,9,382.0,529.0,0.0,1,0.0,true,"City16(Day 1) -> City18(Day 4) -> City22(Day 5)"
83,10,309.0,256.0,0.0,1,0.0,true,"City22(Day 3) -> City18(Day 4)"
83,11,341.0,361.0,0.0,1,0.0,true,"City19(Day 0) -> City16(Day 3) -> City18(Day 4)"
83,12,531.0,676.0,0.0,1,0.0,true,"City4(Day 1) -> City14(Day 2) -> City18(Day 4)"
83,13,153.0,16.0,0.0,2,0.0,true,"City12(Day 3)"
83,14,461.0,625.0,0.0,2,0.0,true,"City14(Day 1) -> City18(Day 3) -> City22(Day 5)"
83,15,384.0,529.0,0.0,2,0.0,true,"City16(Day 1) -> City22(Day 2) -> City18(Day 4)"
83,16,234.0,169.0,0.0,2,0.0,true,"City16(Day 0) -> City24(Day 3)"
83,17,384.0,529.0,0.0,2,0.0,true,"City16(Day 0) -> City18(Day 4) -> City22(Day 5)"
83,18,239.0,225.0,0.0,2,0.0,true,"City16(Day 0) -> City18(Day 4)"
83,19,532.0,676.0,0.0,2,0.0,true,"City4(Day 2) -> City14(Day 3) -> City18(Day 4)"
83,20,342.0,361.0,0.0,2,0.0,true,"City19(Day 1) -> City16(Day 3) -> City18(Day 4)"
83,21,168.0,49.0,0.0,2,0.0,true,"City16(Day 1)"
83,22,169.0,64.0,0.0,2,0.0,true,"City22(Day 5)"
83,23,310.0,256.0,0.0,2,0.0,true,"City18(Day 4) -> City22(Day 5)"
83,24,423.0,576.0,0.0,2,0.0,true,"City16(Day 0) -> City14(Day 1) -> City18(Day 4)"
83,25,348.0,441.0,0.0,2,0.0,true,"City16(Day 0) -> City24(Day 3) -> City18(Day 4)"
83,26,543.0,676.0,0.0,3,0.0,true,"City14(Day 1) -> City4(Day 4) -> City18(Day 5)"
83,27,360.0,441.0,0.0,3,0.0,true,"City16(Day 1) -> City24(Day 2) -> City18(Day 4)"
83,28,424.0,576.0,0.0,3,0.0,true,"City14(Day 1) -> City16(Day 3) -> City18(Day 4)"
83,29,315.0,256.0,0.0,3,0.0,true,"City18(Day 2) -> City22(Day 5)"
83,30,343.0,289.0,0.0,3,0.0,true,"City14(Day 1) -> City18(Day 4)"
83,31,386.0,529.0,0.0,3,0.0,true,"City16(Day 0) -> City22(Day 2) -> City18(Day 4)"
83,32,190.0,64.0,0.0,3,0.0,true,"City18(Day 5)"
83,33,181.0,16.0,0.0,3,0.0,true,"City19(Day 0)"
83,34,234.0,121.0,0.0,3,0.0,true,"City16(Day 1) -> City19(Day 3)"
83,35,258.0,225.0,0.0,3,0.0,true,"City16(Day 1) -> City18(Day 5)"
83,36,476.0,625.0,0.0,3,0.0,true,"City14(Day 1) -> City22(Day 2) -> City18(Day 3)"
83,37,352.0,361.0,0.0,3,0.0,true,"City19(Day 2) -> City16(Day 3) -> City18(Day 4)"
83,38,260.0,225.0,0.0,4,0.0,true,"City16(Day 0) -> City18(Day 5)"
83,39,188.0,16.0,0.0,4,0.0,true,"City19(Day 6)"
83,40,215.0,64.0,0.0,4,0.0,true,"City22(Day 1)"
83,41,361.0,441.0,0.0,4,0.0,true,"City16(Day 0) -> City18(Day 1) -> City24(Day 3)"
83,42,356.0,361.0,0.0,4,0.0,true,"City16(Day 0) -> City18(Day 1) -> City19(Day 3)"
83,43,388.0,529.0,0.0,4,0.0,true,"City16(Day 0) -> City18(Day 1) -> City22(Day 5)"
83,44,426.0,576.0,0.0,4,0.0,true,"City4(Day 2) -> City16(Day 3) -> City18(Day 5)"
83,45,320.0,256.0,0.0,4,0.0,true,"City22(Day 2) -> City18(Day 4)"
83,46,197.0,49.0,0.0,4,0.0,true,"City16(Day 4)"
83,47,544.0,676.0,0.0,4,0.0,true,"City4(Day 1) -> City14(Day 2) -> City18(Day 3)"
83,48,356.0,361.0,0.0,4,0.0,true,"City19(Day 3) -> City16(Day 4) -> City18(Day 5)"
83,49,355.0,289.0,0.0,4,0.0,true,"City16(Day 1) -> City19(Day 2) -> City24(Day 3)"
83,50,483.0,625.0,0.0,4,0.0,true,"City14(Day 1) -> City18(Day 3) -> City22(Day 6)"
83,51,191.0,36.0,0.0,4,0.0,true,"City24(Day 2)"
83,52,236.0,121.0,0.0,4,0.0,true,"City16(Day 0) -> City19(Day 3)"
83,53,484.0,625.0,0.0,5,0.0,true,"City4(Day 2) -> City22(Day 3) -> City18(Day 4)"
83,54,269.0,169.0,0.0,5,0.0,true,"City16(Day 2) -> City24(Day 3)"
83,55,435.0,576.0,0.0,5,0.0,true,"City18(Day 4) -> City14(Day 5) -> City16(Day 6)"
83,56,192.0,36.0,0.0,5,0.0,true,"City24(Day 3)"
83,57,257.0,121.0,0.0,5,0.0,true,"City16(Day 1) -> City19(Day 6)"
83,58,356.0,289.0,0.0,5,0.0,true,"City14(Day 1) -> City18(Day 3)"
83,59,253.0,81.0,0.0,5,0.0,true,"City4(Day 2)"
83,60,224.0,64.0,0.0,5,0.0,true,"City22(Day 6)"
83,61,360.0,361.0,0.0,5,0.0,true,"City16(Day 1) -> City18(Day 2) -> City19(Day 3)"
83,62,392.0,529.0,0.0,5,0.0,true,"City16(Day 1) -> City18(Day 2) -> City22(Day 5)"
83,63,322.0,256.0,0.0,5,0.0,true,"City14(Day 1) -> City16(Day 6)"
83,64,200.0,49.0,0.0,5,0.0,true,"City16(Day 0)"
83,65,257.0,121.0,0.0,5,0.0,true,"City19(Day 3) -> City16(Day 6)"
83,66,191.0,16.0,0.0,5,0.0,true,"City12(Day 1)"
83,67,271.0,225.0,0.0,5,0.0,true,"City16(Day 4) -> City18(Day 5)"
83,68,265.0,144.0,0.0,5,0.0,true,"City19(Day 3) -> City22(Day 6)"
83,69,545.0,676.0,0.0,5,0.0,true,"City4(Day 1) -> City14(Day 3) -> City18(Day 4)"
83,70,322.0,256.0,0.0,5,0.0,true,"City14(Day 4) -> City16(Day 6)"
83,71,362.0,441.0,0.0,5,0.0,true,"City16(Day 0) -> City24(Day 2) -> City18(Day 4)"
83,72,535.0,625.0,0.0,6,0.0,true,"City16(Day 1) -> City4(Day 2) -> City14(Day 3)"
83,73,397.0,529.0,0.0,6,0.0,true,"City16(Day 0) -> City22(Day 3) -> City18(Day 4)"
83,74,297.0,225.0,0.0,6,0.0,true,"City16(Day 0) -> City22(Day 5)"
83,75,367.0,441.0,0.0,6,0.0,true,"City16(Day 0) -> City18(Day 2) -> City24(Day 3)"
84,1,341.0,361.0,0.0,1,0.0,true,"City19(Day 0) -> City16(Day 3) -> City18(Day 4)"
84,2,459.0,625.0,0.0,1,0.0,true,"City14(Day 1) -> City22(Day 2) -> City18(Day 4)"
84,3,232.0,169.0,0.0,1,0.0,true,"City16(Day 1) -> City24(Day 3)"
84,4,309.0,256.0,0.0,1,0.0,true,"City22(Day 3) -> City18(Day 4)"
84,5,154.0,49.0,0.0,1,0.0,true,"City16(Day 6)"
84,6,382.0,529.0,0.0,1,0.0,true,"City16(Day 1) -> City18(Day 4) -> City22(Day 5)"
84,7,136.0,16.0,0.0,1,0.0,true,"City19(Day 3)"
84,8,405.0,576.0,0.0,1,0.0,true,"City4(Day 2) -> City16(Day 3) -> City18(Day 4)"
84,9,531.0,676.0,0.0,1,0.0,true,"City4(Day 1) -> City14(Day 2) -> City18(Day 4)"
84,10,237.0,225.0,0.0,1,0.0,true,"City16(Day 1) -> City18(Day 4)"
84,11,346.0,441.0,0.0,1,0.0,true,"City16(Day 1) -> City24(Day 3) -> City18(Day 4)"
84,12,165.0,64.0,0.0,1,0.0,true,"City18(Day 4)"
84,13,423.0,576.0,0.0,2,0.0,true,"City16(Day 0) -> City14(Day 1) -> City18(Day 4)"
84,14,153.0,16.0,0.0,2,0.0,true,"City12(Day 3)"
84,15,532.0,676.0,0.0,2,0.0,true,"City4(Day 2) -> City14(Day 3) -> City18(Day 4)"
84,16,239.0,225.0,0.0,2,0.0,true,"City16(Day 0) -> City18(Day 4)"
84,17,348.0,441.0,0.0,2,0.0,true,"City16(Day 0) -> City24(Day 3) -> City18(Day 4)"
84,18,384.0,529.0,0.0,2,0.0,true,"City16(Day 1) -> City22(Day 2) -> City18(Day 4)"
84,19,461.0,625.0,0.0,2,0.0,true,"City14(Day 1) -> City18(Day 3) -> City22(Day 5)"
84,20,310.0,256.0,0.0,2,0.0,true,"City18(Day 4) -> City22(Day 5)"
84,21,342.0,361.0,0.0,2,0.0,true,"City19(Day 1) -> City16(Day 3) -> City18(Day 4)"
84,22,169.0,64.0,0.0,2,0.0,true,"City22(Day 5)"
84,23,384.0,529.0,0.0,2,0.0,true,"City16(Day 0) -> City18(Day 4) -> City22(Day 5)"
84,24,234.0,169.0,0.0,2,0.0,true,"City16(Day 0) -> City24(Day 3)"
84,25,168.0,49.0,0.0,2,0.0,true,"City16(Day 1)"
84,26,424.0,576.0,0.0,3,0.0,true,"City14(Day 1) -> City16(Day 3) -> City18(Day 4)"
84,27,234.0,121.0,0.0,3,0.0,true,"City16(Day 1) -> City19(Day 3)"
84,28,352.0,361.0,0.0,3,0.0,true,"City19(Day 2) -> City16(Day 3) -> City18(Day 4)"
84,29,315.0,256.0,0.0,3,0.0,true,"City18(Day 2) -> City22(Day 5)"
84,30,476.0,625.0,0.0,3,0.0,true,"City14(Day 1) -> City22(Day 2) -> City18(Day 3)"
84,31,181.0,16.0,0.0,3,0.0,true,"City19(Day 0)"
84,32,258.0,225.0,0.0,3,0.0,true,"City16(Day 1) -> City18(Day 5)"
84,33,360.0,441.0,0.0,3,0.0,true,"City16(Day 1) -> City24(Day 2) -> City18(Day 4)"
84,34,343.0,289.0,0.0,3,0.0,true,"City14(Day 1) -> City18(Day 4)"
84,35,190.0,64.0,0.0,3,0.0,true,"City18(Day 5)"
84,36,543.0,676.0,0.0,3,0.0,true,"City14(Day 1) -> City4(Day 4) -> City18(Day 5)"
84,37,386.0,529.0,0.0,3,0.0,true,"City16(Day 0) -> City22(Day 2) -> City18(Day 4)"
84,38,236.0,121.0,0.0,4,0.0,true,"City16(Day 0) -> City19(Day 3)"
84,39,320.0,256.0,0.0,4,0.0,true,"City22(Day 2) -> City18(Day 4)"
84,40,260.0,225.0,0.0,4,0.0,true,"City16(Day 0) -> City18(Day 5)"
84,41,483.0,625.0,0.0,4,0.0,true,"City14(Day 1) -> City18(Day 3) -> City22(Day 6)"
84,42,356.0,361.0,0.0,4,0.0,true,"City19(Day 3) -> City16(Day 4) -> City18(Day 5)"
84,43,356.0,361.0,0.0,4,0.0,true,"City16(Day 0) -> City18(Day 1) -> City19(Day 3)"
84,44,426.0,576.0,0.0,4,0.0,true,"City4(Day 2) -> City16(Day 3) -> City18(Day 5)"
84,45,188.0,16.0,0.0,4,0.0,true,"City19(Day 6)"
84,46,191.0,36.0,0.0,4,0.0,true,"City24(Day 2)"
84,47,355.0,289.0,0.0,4,0.0,true,"City16(Day 1) -> City19(Day 2) -> City24(Day 3)"
84,48,215.0,64.0,0.0,4,0.0,true,"City22(Day 1)"
84,49,544.0,676.0,0.0,4,0.0,true,"City4(Day 1) -> City14(Day 2) -> City18(Day 3)"
84,50,361.0,441.0,0.0,4,0.0,true,"City16(Day 0) -> City18(Day 1) -> City24(Day 3)"
84,51,388.0,529.0,0.0,4,0.0,true,"City16(Day 0) -> City18(Day 1) -> City22(Day 5)"
84,52,197.0,49.0,0.0,4,0.0,true,"City16(Day 4)"
84,53,257.0,121.0,0.0,5,0.0,true,"City16(Day 1) -> City19(Day 6)"
84,54,191.0,16.0,0.0,5,0.0,true,"City12(Day 1)"
84,55,192.0,36.0,0.0,5,0.0,true,"City24(Day 3)"
84,56,200.0,49.0,0.0,5,0.0,true,"City16(Day 0)"
84,57,322.0,256.0,0.0,5,0.0,true,"City14(Day 1) -> City16(Day 6)"
84,58,322.0,256.0,0.0,5,0.0,true,"City14(Day 4) -> City16(Day 6)"
84,59,253.0,81.0,0.0,5,0.0,true,"City4(Day 2)"
84,60,435.0,576.0,0.0,5,0.0,true,"City18(Day 4) -> City14(Day 5) -> City16(Day 6)"
84,61,362.0,441.0,0.0,5,0.0,true,"City16(Day 0) -> City24(Day 2) -> City18(Day 4)"
84,62,257.0,121.0,0.0,5,0.0,true,"City19(Day 3) -> City16(Day 6)"
84,63,356.0,289.0,0.0,5,0.0,true,"City14(Day 1) -> City18(Day 3)"
84,64,545.0,676.0,0.0,5,0.0,true,"City4(Day 1) -> City14(Day 3) -> City18(Day 4)"
84,65,392.0,529.0,0.0,5,0.0,true,"City16(Day 1) -> City18(Day 2) -> City22(Day 5)"
84,66,224.0,64.0,0.0,5,0.0,true,"City22(Day 6)"
84,67,484.0,625.0,0.0,5,0.0,true,"City4(Day 2) -> City22(Day 3) -> City18(Day 4)"
84,68,360.0,361.0,0.0,5,0.0,true,"City16(Day 1) -> City18(Day 2) -> City19(Day 3)"
84,69,269.0,169.0,0.0,5,0.0,true,"City16(Day 2) -> City24(Day 3)"
84,70,265.0,144.0,0.0,5,0.0,true,"City19(Day 3) -> City22(Day 6)"
84,71,271.0,225.0,0.0,5,0.0,true,"City16(Day 4) -> City18(Day 5)"
84,72,535.0,625.0,0.0,6,0.0,true,"City16(Day 1) -> City4(Day 2) -> City14(Day 3)"
84,73,230.0,64.0,0.0,6,0.0,true,"City18(Day 1)"
84,74,297.0,225.0,0.0,6,0.0,true,"City16(Day 0) -> City22(Day 5)"
84,75,367.0,441.0,0.0,6,0.0,true,"City16(Day 0) -> City18(Day 2) -> City24(Day 3)"
85,1,341.0,361.0,0.0,1,0.0,true,"City19(Day 0) -> City16(Day 3) -> City18(Day 4)"
85,2,237.0,225.0,0.0,1,0.0,true,"City16(Day 1) -> City18(Day 4)"
85,3,165.0,64.0,0.0,1,0.0,true,"City18(Day 4)"
85,4,531.0,676.0,0.0,1,0.0,true,"City4(Day 1) -> City14(Day 2) -> City18(Day 4)"
85,5,459.0,625.0,0.0,1,0.0,true,"City14(Day 1) -> City22(Day 2) -> City18(Day 4)"
85,6,405.0,576.0,0.0,1,0.0,true,"City4(Day 2) -> City16(Day 3) -> City18(Day 4)"
85,7,382.0,529.0,0.0,1,0.0,true,"City16(Day 1) -> City18(Day 4) -> City22(Day 5)"
85,8,309.0,256.0,0.0,1,0.0,true,"City22(Day 3) -> City18(Day 4)"
85,9,232.0,169.0,0.0,1,0.0,true,"City16(Day 1) -> City24(Day 3)"
85,10,136.0,16.0,0.0,1,0.0,true,"City19(Day 3)"
85,11,154.0,49.0,0.0,1,0.0,true,"City16(Day 6)"
85,12,346.0,441.0,0.0,1,0.0,true,"City16(Day 1) -> City24(Day 3) -> City18(Day 4)"
85,13,342.0,361.0,0.0,2,0.0,true,"City19(Day 1) -> City16(Day 3) -> City18(Day 4)"
85,14,169.0,64.0,0.0,2,0.0,true,"City22(Day 5)"
85,15,423.0,576.0,0.0,2,0.0,true,"City16(Day 0) -> City14(Day 1) -> City18(Day 4)"
85,16,310.0,256.0,0.0,2,0.0,true,"City18(Day 4) -> City22(Day 5)"
85,17,384.0,529.0,0.0,2,0.0,true,"City16(Day 1) -> City22(Day 2) -> City18(Day 4)"
85,18,168.0,49.0,0.0,2,0.0,true,"City16(Day 1)"
85,19,239.0,225.0,0.0,2,0.0,true,"City16(Day 0) -> City18(Day 4)"
85,20,234.0,169.0,0.0,2,0.0,true,"City16(Day 0) -> City24(Day 3)"
85,21,532.0,676.0,0.0,2,0.0,true,"City4(Day 2) -> City14(Day 3) -> City18(Day 4)"
85,22,153.0,16.0,0.0,2,0.0,true,"City12(Day 3)"
85,23,384.0,529.0,0.0,2,0.0,true,"City16(Day 0) -> City18(Day 4) -> City22(Day 5)"
85,24,461.0,625.0,0.0,2,0.0,true,"City14(Day 1) -> City18(Day 3) -> City22(Day 5)"
85,25,348.0,441.0,0.0,2,0.0,true,"City16(Day 0) -> City24(Day 3) -> City18(Day 4)"
85,26,424.0,576.0,0.0,3,0.0,true,"City14(Day 1) -> City16(Day 3) -> City18(Day 4)"
85,27,543.0,676.0,0.0,3,0.0,true,"City14(Day 1) -> City4(Day 4) -> City18(Day 5)"
85,28,315.0,256.0,0.0,3,0.0,true,"City18(Day 2) -> City22(Day 5)"
85,29,234.0,121.0,0.0,3,0.0,true,"City16(Day 1) -> City19(Day 3)"
85,30,476.0,625.0,0.0,3,0.0,true,"City14(Day 1) -> City22(Day 2) -> City18(Day 3)"
85,31,181.0,16.0,0.0,3,0.0,true,"City19(Day 0)"
85,32,360.0,441.0,0.0,3,0.0,true,"City16(Day 1) -> City24(Day 2) -> City18(Day 4)"
85,33,258.0,225.0,0.0,3,0.0,true,"City16(Day 1) -> City18(Day 5)"
85,34,352.0,361.0,0.0,3,0.0,true,"City19(Day 2) -> City16(Day 3) -> City18(Day 4)"
85,35,386.0,529.0,0.0,3,0.0,true,"City16(Day 0) -> City22(Day 2) -> City18(Day 4)"
85,36,190.0,64.0,0.0,3,0.0,true,"City18(Day 5)"
85,37,343.0,289.0,0.0,3,0.0,true,"City14(Day 1) -> City18(Day 4)"
85,38,356.0,361.0,0.0,4,0.0,true,"City19(Day 3) -> City16(Day 4) -> City18(Day 5)"
85,39,197.0,49.0,0.0,4,0.0,true,"City16(Day 4)"
85,40,236.0,121.0,0.0,4,0.0,true,"City16(Day 0) -> City19(Day 3)"
85,41,426.0,576.0,0.0,4,0.0,true,"City4(Day 2) -> City16(Day 3) -> City18(Day 5)"
85,42,188.0,16.0,0.0,4,0.0,true,"City19(Day 6)"
85,43,361.0,441.0,0.0,4,0.0,true,"City16(Day 0) -> City18(Day 1) -> City24(Day 3)"
85,44,320.0,256.0,0.0,4,0.0,true,"City22(Day 2) -> City18(Day 4)"
85,45,355.0,289.0,0.0,4,0.0,true,"City16(Day 1) -> City19(Day 2) -> City24(Day 3)"
85,46,356.0,361.0,0.0,4,0.0,true,"City16(Day 0) -> City18(Day 1) -> City19(Day 3)"
85,47,191.0,36.0,0.0,4,0.0,true,"City24(Day 2)"
85,48,544.0,676.0,0.0,4,0.0,true,"City4(Day 1) -> City14(Day 2) -> City18(Day 3)"
85,49,388.0,529.0,0.0,4,0.0,true,"City16(Day 0) -> City18(Day 1) -> City22(Day 5)"
85,50,260.0,225.0,0.0,4,0.0,true,"City16(Day 0) -> City18(Day 5)"
85,51,215.0,64.0,0.0,4,0.0,true,"City22(Day 1)"
85,52,483.0,625.0,0.0,4,0.0,true,"City14(Day 1) -> City18(Day 3) -> City22(Day 6)"
85,53,271.0,225.0,0.0,5,0.0,true,"City16(Day 4) -> City18(Day 5)"
85,54,435.0,576.0,0.0,5,0.0,true,"City18(Day 4) -> City14(Day 5) -> City16(Day 6)"
85,55,360.0,361.0,0.0,5,0.0,true,"City16(Day 1) -> City18(Day 2) -> City19(Day 3)"
85,56,257.0,121.0,0.0,5,0.0,true,"City16(Day 1) -> City19(Day 6)"
85,57,484.0,625.0,0.0,5,0.0,true,"City4(Day 2) -> City22(Day 3) -> City18(Day 4)"
85,58,322.0,256.0,0.0,5,0.0,true,"City14(Day 1) -> City16(Day 6)"
85,59,545.0,676.0,0.0,5,0.0,true,"City4(Day 1) -> City14(Day 3) -> City18(Day 4)"
85,60,191.0,16.0,0.0,5,0.0,true,"City12(Day 1)"
85,61,253.0,81.0,0.0,5,0.0,true,"City4(Day 2)"
85,62,392.0,529.0,0.0,5,0.0,true,"City16(Day 1) -> City18(Day 2) -> City22(Day 5)"
85,63,322.0,256.0,0.0,5,0.0,true,"City14(Day 4) -> City16(Day 6)"
85,64,362.0,441.0,0.0,5,0.0,true,"City16(Day 0) -> City24(Day 2) -> City18(Day 4)"
85,65,356.0,289.0,0.0,5,0.0,true,"City14(Day 1) -> City18(Day 3)"
85,66,265.0,144.0,0.0,5,0.0,true,"City19(Day 3) -> City22(Day 6)"
85,67,224.0,64.0,0.0,5,0.0,true,"City22(Day 6)"
85,68,192.0,36.0,0.0,5,0.0,true,"City24(Day 3)"
85,69,269.0,169.0,0.0,5,0.0,true,"City16(Day 2) -> City24(Day 3)"
85,70,257.0,121.0,0.0,5,0.0,true,"City19(Day 3) -> City16(Day 6)"
85,71,200.0,49.0,0.0,5,0.0,true,"City16(Day 0)"
85,72,204.0,36.0,0.0,6,0.0,true,"City24(Day 6)"
85,73,333.0,256.0,0.0,6,0.0,true,"City18(Day 1) -> City22(Day 5)"
85,74,230.0,64.0,0.0,6,0.0,true,"City18(Day 1)"
85,75,297.0,225.0,0.0,6,0.0,true,"City16(Day 0) -> City22(Day 5)"
86,1,459.0,625.0,0.0,1,0.0,true,"City14(Day 1) -> City22(Day 2) -> City18(Day 4)"
86,2,165.0,64.0,0.0,1,0.0,true,"City18(Day 4)"
86,3,346.0,441.0,0.0,1,0.0,true,"City16(Day 1) -> City24(Day 3) -> City18(Day 4)"
86,4,341.0,361.0,0.0,1,0.0,true,"City19(Day 0) -> City16(Day 3) -> City18(Day 4)"
86,5,154.0,49.0,0.0,1,0.0,true,"City16(Day 6)"
86,6,237.0,225.0,0.0,1,0.0,true,"City16(Day 1) -> City18(Day 4)"
86,7,382.0,529.0,0.0,1,0.0,true,"City16(Day 1) -> City18(Day 4) -> City22(Day 5)"
86,8,405.0,576.0,0.0,1,0.0,true,"City4(Day 2) -> City16(Day 3) -> City18(Day 4)"
86,9,232.0,169.0,0.0,1,0.0,true,"City16(Day 1) -> City24(Day 3)"
86,10,531.0,676.0,0.0,1,0.0,true,"City4(Day 1) -> City14(Day 2) -> City18(Day 4)"
86,11,309.0,256.0,0.0,1,0.0,true,"City22(Day 3) -> City18(Day 4)"
86,12,136.0,16.0,0.0,1,0.0,true,"City19(Day 3)"
86,13,234.0,169.0,0.0,2,0.0,true,"City16(Day 0) -> City24(Day 3)"
86,14,169.0,64.0,0.0,2,0.0,true,"City22(Day 5)"
86,15,239.0,225.0,0.0,2,0.0,true,"City16(Day 0) -> City18(Day 4)"
86,16,168.0,49.0,0.0,2,0.0,true,"City16(Day 1)"
86,17,384.0,529.0,0.0,2,0.0,true,"City16(Day 1) -> City22(Day 2) -> City18(Day 4)"
86,18,423.0,576.0,0.0,2,0.0,true,"City16(Day 0) -> City14(Day 1) -> City18(Day 4)"
86,19,532.0,676.0,0.0,2,0.0,true,"City4(Day 2) -> City14(Day 3) -> City18(Day 4)"
86,20,153.0,16.0,0.0,2,0.0,true,"City12(Day 3)"
86,21,384.0,529.0,0.0,2,0.0,true,"City16(Day 0) -> City18(Day 4) -> City22(Day 5)"
86,22,348.0,441.0,0.0,2,0.0,true,"City16(Day 0) -> City24(Day 3) -> City18(Day 4)"
86,23,342.0,361.0,0.0,2,0.0,true,"City19(Day 1) -> City16(Day 3) -> City18(Day 4)"
86,24,461.0,625.0,0.0,2,0.0,true,"City14(Day 1) -> City18(Day 3) -> City22(Day 5)"
86,25,310.0,256.0,0.0,2,0.0,true,"City18(Day 4) -> City22(Day 5)"
86,26,343.0,289.0,0.0,3,0.0,true,"City14(Day 1) -> City18(Day 4)"
86,27,424.0,576.0,0.0,3,0.0,true,"City14(Day 1) -> City16(Day 3) -> City18(Day 4)"
86,28,234.0,121.0,0.0,3,0.0,true,"City16(Day 1) -> City19(Day 3)"
86,29,352.0,361.0,0.0,3,0.0,true,"City19(Day 2) -> City16(Day 3) -> City18(Day 4)"
86,30,360.0,441.0,0.0,3,0.0,true,"City16(Day 1) -> City24(Day 2) -> City18(Day 4)"
86,31,543.0,676.0,0.0,3,0.0,true,"City14(Day 1) -> City4(Day 4) -> City18(Day 5)"
86,32,181.0,16.0,0.0,3,0.0,true,"City19(Day 0)"
86,33,386.0,529.0,0.0,3,0.0,true,"City16(Day 0) -> City22(Day 2) -> City18(Day 4)"
86,34,258.0,225.0,0.0,3,0.0,true,"City16(Day 1) -> City18(Day 5)"
86,35,190.0,64.0,0.0,3,0.0,true,"City18(Day 5)"
86,36,476.0,625.0,0.0,3,0.0,true,"City14(Day 1) -> City22(Day 2) -> City18(Day 3)"
86,37,315.0,256.0,0.0,3,0.0,true,"City18(Day 2) -> City22(Day 5)"
86,38,356.0,361.0,0.0,4,0.0,true,"City19(Day 3) -> City16(Day 4) -> City18(Day 5)"
86,39,544.0,676.0,0.0,4,0.0,true,"City4(Day 1) -> City14(Day 2) -> City18(Day 3)"
86,40,320.0,256.0,0.0,4,0.0,true,"City22(Day 2) -> City18(Day 4)"
86,41,188.0,16.0,0.0,4,0.0,true,"City19(Day 6)"
86,42,197.0,49.0,0.0,4,0.0,true,"City16(Day 4)"
86,43,388.0,529.0,0.0,4,0.0,true,"City16(Day 0) -> City18(Day 1) -> City22(Day 5)"
86,44,426.0,576.0,0.0,4,0.0,true,"City4(Day 2) -> City16(Day 3) -> City18(Day 5)"
86,45,191.0,36.0,0.0,4,0.0,true,"City24(Day 2)"
86,46,356.0,361.0,0.0,4,0.0,true,"City16(Day 0) -> City18(Day 1) -> City19(Day 3)"
86,47,355.0,289.0,0.0,4,0.0,true,"City16(Day 1) -> City19(Day 2) -> City24(Day 3)"
86,48,483.0,625.0,0.0,4,0.0,true,"City14(Day 1) -> City18(Day 3) -> City22(Day 6)"
86,49,361.0,441.0,0.0,4,0.0,true,"City16(Day 0) -> City18(Day 1) -> City24(Day 3)"
86,50,215.0,64.0,0.0,4,0.0,true,"City22(Day 1)"
86,51,236.0,121.0,0.0,4,0.0,true,"City16(Day 0) -> City19(Day 3)"
86,52,260.0,225.0,0.0,4,0.0,true,"City16(Day 0) -> City18(Day 5)"
86,53,269.0,169.0,0.0,5,0.0,true,"City16(Day 2) -> City24(Day 3)"
86,54,257.0,121.0,0.0,5,0.0,true,"City19(Day 3) -> City16(Day 6)"
86,55,322.0,256.0,0.0,5,0.0,true,"City14(Day 4) -> City16(Day 6)"
86,56,224.0,64.0,0.0,5,0.0,true,"City22(Day 6)"
86,57,360.0,361.0,0.0,5,0.0,true,"City16(Day 1) -> City18(Day 2) -> City19(Day 3)"
86,58,392.0,529.0,0.0,5,0.0,true,"City16(Day 1) -> City18(Day 2) -> City22(Day 5)"
86,59,200.0,49.0,0.0,5,0.0,true,"City16(Day 0)"
86,60,362.0,441.0,0.0,5,0.0,true,"City16(Day 0) -> City24(Day 2) -> City18(Day 4)"
86,61,545.0,676.0,0.0,5,0.0,true,"City4(Day 1) -> City14(Day 3) -> City18(Day 4)"
86,62,253.0,81.0,0.0,5,0.0,true,"City4(Day 2)"
86,63,322.0,256.0,0.0,5,0.0,true,"City14(Day 1) -> City16(Day 6)"
86,64,435.0,576.0,0.0,5,0.0,true,"City18(Day 4) -> City14(Day 5) -> City16(Day 6)"
86,65,356.0,289.0,0.0,5,0.0,true,"City14(Day 1) -> City18(Day 3)"
86,66,271.0,225.0,0.0,5,0.0,true,"City16(Day 4) -> City18(Day 5)"
86,67,484.0,625.0,0.0,5,0.0,true,"City4(Day 2) -> City22(Day 3) -> City18(Day 4)"
86,68,265.0,144.0,0.0,5,0.0,true,"City19(Day 3) -> City22(Day 6)"
86,69,191.0,16.0,0.0,5,0.0,true,"City12(Day 1)"
86,70,257.0,121.0,0.0,5,0.0,true,"City16(Day 1) -> City19(Day 6)"
86,71,192.0,36.0,0.0,5,0.0,true,"City24(Day 3)"
86,72,454.0,576.0,0.0,6,0.0,true,"City16(Day 0) -> City18(Day 4) -> City14(Day 5)"
86,73,416.0,529.0,0.0,6,0.0,true,"City16(Day 0) -> City18(Day 2) -> City22(Day 6)"
86,74,273.0,100.0,0.0,6,0.0,true,"City19(Day 0) -> City24(Day 3)"
86,75,230.0,64.0,0.0,6,0.0,true,"City18(Day 1)"
87,1,232.0,169.0,0.0,1,0.0,true,"City16(Day 1) -> City24(Day 3)"
87,2,459.0,625.0,0.0,1,0.0,true,"City14(Day 1) -> City22(Day 2) -> City18(Day 4)"
87,3,154.0,49.0,0.0,1,0.0,true,"City16(Day 6)"
87,4,165.0,64.0,0.0,1,0.0,true,"City18(Day 4)"
87,5,346.0,441.0,0.0,1,0.0,true,"City16(Day 1) -> City24(Day 3) -> City18(Day 4)"
87,6,405.0,576.0,0.0,1,0.0,true,"City4(Day 2) -> City16(Day 3) -> City18(Day 4)"
87,7,136.0,16.0,0.0,1,0.0,true,"City19(Day 3)"
87,8,309.0,256.0,0.0,1,0.0,true,"City22(Day 3) -> City18(Day 4)"
87,9,341.0,361.0,0.0,1,0.0,true,"City19(Day 0) -> City16(Day 3) -> City18(Day 4)"
87,10,237.0,225.0,0.0,1,0.0,true,"City16(Day 1) -> City18(Day 4)"
87,11,531.0,676.0,0.0,1,0.0,true,"City4(Day 1) -> City14(Day 2) -> City18(Day 4)"
87,12,382.0,529.0,0.0,1,0.0,true,"City16(Day 1) -> City18(Day 4) -> City22(Day 5)"
87,13,310.0,256.0,0.0,2,0.0,true,"City18(Day 4) -> City22(Day 5)"
87,14,169.0,64.0,0.0,2,0.0,true,"City22(Day 5)"
87,15,461.0,625.0,0.0,2,0.0,true,"City14(Day 1) -> City18(Day 3) -> City22(Day 5)"
87,16,239.0,225.0,0.0,2,0.0,true,"City16(Day 0) -> City18(Day 4)"
87,17,348.0,441.0,0.0,2,0.0,true,"City16(Day 0) -> City24(Day 3) -> City18(Day 4)"
87,18,153.0,16.0,0.0,2,0.0,true,"City12(Day 3)"
87,19,384.0,529.0,0.0,2,0.0,true,"City16(Day 0) -> City18(Day 4) -> City22(Day 5)"
87,20,384.0,529.0,0.0,2,0.0,true,"City16(Day 1) -> City22(Day 2) -> City18(Day 4)"
87,21,342.0,361.0,0.0,2,0.0,true,"City19(Day 1) -> City16(Day 3) -> City18(Day 4)"
87,22,234.0,169.0,0.0,2,0.0,true,"City16(Day 0) -> City24(Day 3)"
87,23,532.0,676.0,0.0,2,0.0,true,"City4(Day 2) -> City14(Day 3) -> City18(Day 4)"
87,24,423.0,576.0,0.0,2,0.0,true,"City16(Day 0) -> City14(Day 1) -> City18(Day 4)"
87,25,168.0,49.0,0.0,2,0.0,true,"City16(Day 1)"
87,26,234.0,121.0,0.0,3,0.0,true,"City16(Day 1) -> City19(Day 3)"
87,27,543.0,676.0,0.0,3,0.0,true,"City14(Day 1) -> City4(Day 4) -> City18(Day 5)"
87,28,476.0,625.0,0.0,3,0.0,true,"City14(Day 1) -> City22(Day 2) -> City18(Day 3)"
87,29,315.0,256.0,0.0,3,0.0,true,"City18(Day 2) -> City22(Day 5)"
87,30,258.0,225.0,0.0,3,0.0,true,"City16(Day 1) -> City18(Day 5)"
87,31,181.0,16.0,0.0,3,0.0,true,"City19(Day 0)"
87,32,352.0,361.0,0.0,3,0.0,true,"City19(Day 2) -> City16(Day 3) -> City18(Day 4)"
87,33,190.0,64.0,0.0,3,0.0,true,"City18(Day 5)"
87,34,343.0,289.0,0.0,3,0.0,true,"City14(Day 1) -> City18(Day 4)"
87,35,424.0,576.0,0.0,3,0.0,true,"City14(Day 1) -> City16(Day 3) -> City18(Day 4)"
87,36,360.0,441.0,0.0,3,0.0,true,"City16(Day 1) -> City24(Day 2) -> City18(Day 4)"
87,37,386.0,529.0,0.0,3,0.0,true,"City16(Day 0) -> City22(Day 2) -> City18(Day 4)"
87,38,236.0,121.0,0.0,4,0.0,true,"City16(Day 0) -> City19(Day 3)"
87,39,544.0,676.0,0.0,4,0.0,true,"City4(Day 1) -> City14(Day 2) -> City18(Day 3)"
87,40,483.0,625.0,0.0,4,0.0,true,"City14(Day 1) -> City18(Day 3) -> City22(Day 6)"
87,41,188.0,16.0,0.0,4,0.0,true,"City19(Day 6)"
87,42,260.0,225.0,0.0,4,0.0,true,"City16(Day 0) -> City18(Day 5)"
87,43,388.0,529.0,0.0,4,0.0,true,"City16(Day 0) -> City18(Day 1) -> City22(Day 5)"
87,44,356.0,361.0,0.0,4,0.0,true,"City16(Day 0) -> City18(Day 1) -> City19(Day 3)"
87,45,215.0,64.0,0.0,4,0.0,true,"City22(Day 1)"
87,46,197.0,49.0,0.0,4,0.0,true,"City16(Day 4)"
87,47,426.0,576.0,0.0,4,0.0,true,"City4(Day 2) -> City16(Day 3) -> City18(Day 5)"
87,48,191.0,36.0,0.0,4,0.0,true,"City24(Day 2)"
87,49,320.0,256.0,0.0,4,0.0,true,"City22(Day 2) -> City18(Day 4)"
87,50,355.0,289.0,0.0,4,0.0,true,"City16(Day 1) -> City19(Day 2) -> City24(Day 3)"
87,51,361.0,441.0,0.0,4,0.0,true,"City16(Day 0) -> City18(Day 1) -> City24(Day 3)"
87,52,356.0,361.0,0.0,4,0.0,true,"City19(Day 3) -> City16(Day 4) -> City18(Day 5)"
87,53,322.0,256.0,0.0,5,0.0,true,"City14(Day 1) -> City16(Day 6)"
87,54,265.0,144.0,0.0,5,0.0,true,"City19(Day 3) -> City22(Day 6)"
87,55,269.0,169.0,0.0,5,0.0,true,"City16(Day 2) -> City24(Day 3)"
87,56,271.0,225.0,0.0,5,0.0,true,"City16(Day 4) -> City18(Day 5)"
87,57,192.0,36.0,0.0,5,0.0,true,"City24(Day 3)"
87,58,257.0,121.0,0.0,5,0.0,true,"City19(Day 3) -> City16(Day 6)"
87,59,191.0,16.0,0.0,5,0.0,true,"City12(Day 1)"
87,60,392.0,529.0,0.0,5,0.0,true,"City16(Day 1) -> City18(Day 2) -> City22(Day 5)"
87,61,360.0,361.0,0.0,5,0.0,true,"City16(Day 1) -> City18(Day 2) -> City19(Day 3)"
87,62,356.0,289.0,0.0,5,0.0,true,"City14(Day 1) -> City18(Day 3)"
87,63,257.0,121.0,0.0,5,0.0,true,"City16(Day 1) -> City19(Day 6)"
87,64,435.0,576.0,0.0,5,0.0,true,"City18(Day 4) -> City14(Day 5) -> City16(Day 6)"
87,65,362.0,441.0,0.0,5,0.0,true,"City16(Day 0) -> City24(Day 2) -> City18(Day 4)"
87,66,322.0,256.0,0.0,5,0.0,true,"City14(Day 4) -> City16(Day 6)"
87,67,200.0,49.0,0.0,5,0.0,true,"City16(Day 0)"
87,68,253.0,81.0,0.0,5,0.0,true,"City4(Day 2)"
87,69,545.0,676.0,0.0,5,0.0,true,"City4(Day 1) -> City14(Day 3) -> City18(Day 4)"
87,70,484.0,625.0,0.0,5,0.0,true,"City4(Day 2) -> City22(Day 3) -> City18(Day 4)"
87,71,224.0,64.0,0.0,5,0.0,true,"City22(Day 6)"
87,72,505.0,625.0,0.0,6,0.0,true,"City22(Day 2) -> City14(Day 4) -> City18(Day 5)"
87,73,451.0,576.0,0.0,6,0.0,true,"City14(Day 1) -> City16(Day 2) -> City18(Day 4)"
87,74,205.0,49.0,0.0,6,0.0,true,"City16(Day 5)"
87,75,416.0,529.0,0.0,6,0.0,true,"City16(Day 0) -> City18(Day 2) -> City22(Day 6)"
88,1,382.0,529.0,0.0,1,0.0,true,"City16(Day 1) -> City18(Day 4) -> City22(Day 5)"
88,2,531.0,676.0,0.0,1,0.0,true,"City4(Day 1) -> City14(Day 2) -> City18(Day 4)"
88,3,459.0,625.0,0.0,1,0.0,true,"City14(Day 1) -> City22(Day 2) -> City18(Day 4)"
88,4,237.0,225.0,0.0,1,0.0,true,"City16(Day 1) -> City18(Day 4)"
88,5,154.0,49.0,0.0,1,0.0,true,"City16(Day 6)"
88,6,165.0,64.0,0.0,1,0.0,true,"City18(Day 4)"
88,7,136.0,16.0,0.0,1,0.0,true,"City19(Day 3)"
88,8,341.0,361.0,0.0,1,0.0,true,"City19(Day 0) -> City16(Day 3) -> City18(Day 4)"
88,9,405.0,576.0,0.0,1,0.0,true,"City4(Day 2) -> City16(Day 3) -> City18(Day 4)"
88,10,346.0,441.0,0.0,1,0.0,true,"City16(Day 1) -> City24(Day 3) -> City18(Day 4)"
88,11,232.0,169.0,0.0,1,0.0,true,"City16(Day 1) -> City24(Day 3)"
88,12,309.0,256.0,0.0,1,0.0,true,"City22(Day 3) -> City18(Day 4)"
88,13,348.0,441.0,0.0,2,0.0,true,"City16(Day 0) -> City24(Day 3) -> City18(Day 4)"
88,14,153.0,16.0,0.0,2,0.0,true,"City12(Day 3)"
88,15,239.0,225.0,0.0,2,0.0,true,"City16(Day 0) -> City18(Day 4)"
88,16,384.0,529.0,0.0,2,0.0,true,"City16(Day 0) -> City18(Day 4) -> City22(Day 5)"
88,17,168.0,49.0,0.0,2,0.0,true,"City16(Day 1)"
88,18,461.0,625.0,0.0,2,0.0,true,"City14(Day 1) -> City18(Day 3) -> City22(Day 5)"
88,19,532.0,676.0,0.0,2,0.0,true,"City4(Day 2) -> City14(Day 3) -> City18(Day 4)"
88,20,384.0,529.0,0.0,2,0.0,true,"City16(Day 1) -> City22(Day 2) -> City18(Day 4)"
88,21,234.0,169.0,0.0,2,0.0,true,"City16(Day 0) -> City24(Day 3)"
88,22,342.0,361.0,0.0,2,0.0,true,"City19(Day 1) -> City16(Day 3) -> City18(Day 4)"
88,23,423.0,576.0,0.0,2,0.0,true,"City16(Day 0) -> City14(Day 1) -> City18(Day 4)"
88,24,169.0,64.0,0.0,2,0.0,true,"City22(Day 5)"
88,25,310.0,256.0,0.0,2,0.0,true,"City18(Day 4) -> City22(Day 5)"
88,26,360.0,441.0,0.0,3,0.0,true,"City16(Day 1) -> City24(Day 2) -> City18(Day 4)"
88,27,251.0,196.0,0.0,3,0.0,true,"City24(Day 2) -> City18(Day 4)"
88,28,181.0,16.0,0.0,3,0.0,true,"City19(Day 0)"
88,29,476.0,625.0,0.0,3,0.0,true,"City14(Day 1) -> City22(Day 2) -> City18(Day 3)"
88,30,343.0,289.0,0.0,3,0.0,true,"City14(Day 1) -> City18(Day 4)"
88,31,258.0,225.0,0.0,3,0.0,true,"City16(Day 1) -> City18(Day 5)"
88,32,386.0,529.0,0.0,3,0.0,true,"City16(Day 0) -> City22(Day 2) -> City18(Day 4)"
88,33,234.0,121.0,0.0,3,0.0,true,"City16(Day 1) -> City19(Day 3)"
88,34,190.0,64.0,0.0,3,0.0,true,"City18(Day 5)"
88,35,424.0,576.0,0.0,3,0.0,true,"City14(Day 1) -> City16(Day 3) -> City18(Day 4)"
88,36,315.0,256.0,0.0,3,0.0,true,"City18(Day 2) -> City22(Day 5)"
88,37,352.0,361.0,0.0,3,0.0,true,"City19(Day 2) -> City16(Day 3) -> City18(Day 4)"
88,38,543.0,676.0,0.0,3,0.0,true,"City14(Day 1) -> City4(Day 4) -> City18(Day 5)"
88,39,320.0,256.0,0.0,4,0.0,true,"City22(Day 2) -> City18(Day 4)"
88,40,215.0,64.0,0.0,4,0.0,true,"City22(Day 1)"
88,41,236.0,121.0,0.0,4,0.0,true,"City16(Day 0) -> City19(Day 3)"
88,42,355.0,289.0,0.0,4,0.0,true,"City16(Day 1) -> City19(Day 2) -> City24(Day 3)"
88,43,483.0,625.0,0.0,4,0.0,true,"City14(Day 1) -> City18(Day 3) -> City22(Day 6)"
88,44,361.0,441.0,0.0,4,0.0,true,"City16(Day 0) -> City18(Day 1) -> City24(Day 3)"
88,45,356.0,361.0,0.0,4,0.0,true,"City19(Day 3) -> City16(Day 4) -> City18(Day 5)"
88,46,188.0,16.0,0.0,4,0.0,true,"City19(Day 6)"
88,47,426.0,576.0,0.0,4,0.0,true,"City4(Day 2) -> City16(Day 3) -> City18(Day 5)"
88,48,388.0,529.0,0.0,4,0.0,true,"City16(Day 0) -> City18(Day 1) -> City22(Day 5)"
88,49,356.0,361.0,0.0,4,0.0,true,"City16(Day 0) -> City18(Day 1) -> City19(Day 3)"
88,50,260.0,225.0,0.0,4,0.0,true,"City16(Day 0) -> City18(Day 5)"
88,51,197.0,49.0,0.0,4,0.0,true,"City16(Day 4)"
88,52,191.0,36.0,0.0,4,0.0,true,"City24(Day 2)"
88,53,544.0,676.0,0.0,4,0.0,true,"City4(Day 1) -> City14(Day 2) -> City18(Day 3)"
88,54,322.0,256.0,0.0,5,0.0,true,"City14(Day 4) -> City16(Day 6)"
88,55,545.0,676.0,0.0,5,0.0,true,"City4(Day 1) -> City14(Day 3) -> City18(Day 4)"
88,56,356.0,289.0,0.0,5,0.0,true,"City14(Day 1) -> City18(Day 3)"
88,57,269.0,169.0,0.0,5,0.0,true,"City16(Day 2) -> City24(Day 3)"
88,58,192.0,36.0,0.0,5,0.0,true,"City24(Day 3)"
88,59,322.0,256.0,0.0,5,0.0,true,"City14(Day 1) -> City16(Day 6)"
88,60,200.0,49.0,0.0,5,0.0,true,"City16(Day 0)"
88,61,392.0,529.0,0.0,5,0.0,true,"City16(Day 1) -> City18(Day 2) -> City22(Day 5)"
88,62,362.0,441.0,0.0,5,0.0,true,"City16(Day 0) -> City24(Day 2) -> City18(Day 4)"
88,63,484.0,625.0,0.0,5,0.0,true,"City4(Day 2) -> City22(Day 3) -> City18(Day 4)"
88,64,257.0,121.0,0.0,5,0.0,true,"City16(Day 1) -> City19(Day 6)"
88,65,253.0,81.0,0.0,5,0.0,true,"City4(Day 2)"
88,66,360.0,361.0,0.0,5,0.0,true,"City16(Day 1) -> City18(Day 2) -> City19(Day 3)"
88,67,191.0,16.0,0.0,5,0.0,true,"City12(Day 1)"
88,68,265.0,144.0,0.0,5,0.0,true,"City19(Day 3) -> City22(Day 6)"
88,69,435.0,576.0,0.0,5,0.0,true,"City18(Day 4) -> City14(Day 5) -> City16(Day 6)"
88,70,257.0,121.0,0.0,5,0.0,true,"City19(Day 3) -> City16(Day 6)"
88,71,224.0,64.0,0.0,5,0.0,true,"City22(Day 6)"
88,72,271.0,225.0,0.0,5,0.0,true,"City16(Day 4) -> City18(Day 5)"
88,73,393.0,441.0,0.0,6,0.0,true,"City16(Day 0) -> City24(Day 3) -> City18(Day 5)"
88,74,205.0,49.0,0.0,6,0.0,true,"City16(Day 5)"
88,75,416.0,529.0,0.0,6,0.0,true,"City16(Day 0) -> City18(Day 2) -> City22(Day 6)"
89,1,165.0,64.0,0.0,1,0.0,true,"City18(Day 4)"
89,2,459.0,625.0,0.0,1,0.0,true,"City14(Day 1) -> City22(Day 2) -> City18(Day 4)"
89,3,346.0,441.0,0.0,1,0.0,true,"City16(Day 1) -> City24(Day 3) -> City18(Day 4)"
89,4,531.0,676.0,0.0,1,0.0,true,"City4(Day 1) -> City14(Day 2) -> City18(Day 4)"
89,5,232.0,169.0,0.0,1,0.0,true,"City16(Day 1) -> City24(Day 3)"
89,6,237.0,225.0,0.0,1,0.0,true,"City16(Day 1) -> City18(Day 4)"
89,7,136.0,16.0,0.0,1,0.0,true,"City19(Day 3)"
89,8,341.0,361.0,0.0,1,0.0,true,"City19(Day 0) -> City16(Day 3) -> City18(Day 4)"
89,9,309.0,256.0,0.0,1,0.0,true,"City22(Day 3) -> City18(Day 4)"
89,10,154.0,49.0,0.0,1,0.0,true,"City16(Day 6)"
89,11,382.0,529.0,0.0,1,0.0,true,"City16(Day 1) -> City18(Day 4) -> City22(Day 5)"
89,12,405.0,576.0,0.0,1,0.0,true,"City4(Day 2) -> City16(Day 3) -> City18(Day 4)"
89,13,310.0,256.0,0.0,2,0.0,true,"City18(Day 4) -> City22(Day 5)"
89,14,169.0,64.0,0.0,2,0.0,true,"City22(Day 5)"
89,15,234.0,169.0,0.0,2,0.0,true,"City16(Day 0) -> City24(Day 3)"
89,16,532.0,676.0,0.0,2,0.0,true,"City4(Day 2) -> City14(Day 3) -> City18(Day 4)"
89,17,461.0,625.0,0.0,2,0.0,true,"City14(Day 1) -> City18(Day 3) -> City22(Day 5)"
89,18,348.0,441.0,0.0,2,0.0,true,"City16(Day 0) -> City24(Day 3) -> City18(Day 4)"
89,19,168.0,49.0,0.0,2,0.0,true,"City16(Day 1)"
89,20,384.0,529.0,0.0,2,0.0,true,"City16(Day 1) -> City22(Day 2) -> City18(Day 4)"
89,21,153.0,16.0,0.0,2,0.0,true,"City12(Day 3)"
89,22,342.0,361.0,0.0,2,0.0,true,"City19(Day 1) -> City16(Day 3) -> City18(Day 4)"
89,23,239.0,225.0,0.0,2,0.0,true,"City16(Day 0) -> City18(Day 4)"
89,24,384.0,529.0,0.0,2,0.0,true,"City16(Day 0) -> City18(Day 4) -> City22(Day 5)"
89,25,423.0,576.0,0.0,2,0.0,true,"City16(Day 0) -> City14(Day 1) -> City18(Day 4)"
89,26,476.0,625.0,0.0,3,0.0,true,"City14(Day 1) -> City22(Day 2) -> City18(Day 3)"
89,27,181.0,16.0,0.0,3,0.0,true,"City19(Day 0)"
89,28,315.0,256.0,0.0,3,0.0,true,"City18(Day 2) -> City22(Day 5)"
89,29,251.0,196.0,0.0,3,0.0,true,"City24(Day 2) -> City18(Day 4)"
89,30,258.0,225.0,0.0,3,0.0,true,"City16(Day 1) -> City18(Day 5)"
89,31,360.0,441.0,0.0,3,0.0,true,"City16(Day 1) -> City24(Day 2) -> City18(Day 4)"
89,32,386.0,529.0,0.0,3,0.0,true,"City16(Day 0) -> City22(Day 2) -> City18(Day 4)"
89,33,343.0,289.0,0.0,3,0.0,true,"City14(Day 1) -> City18(Day 4)"
89,34,424.0,576.0,0.0,3,0.0,true,"City14(Day 1) -> City16(Day 3) -> City18(Day 4)"
89,35,190.0,64.0,0.0,3,0.0,true,"City18(Day 5)"
89,36,234.0,121.0,0.0,3,0.0,true,"City16(Day 1) -> City19(Day 3)"
89,37,352.0,361.0,0.0,3,0.0,true,"City19(Day 2) -> City16(Day 3) -> City18(Day 4)"
89,38,543.0,676.0,0.0,3,0.0,true,"City14(Day 1) -> City4(Day 4) -> City18(Day 5)"
89,39,483.0,625.0,0.0,4,0.0,true,"City14(Day 1) -> City18(Day 3) -> City22(Day 6)"
89,40,197.0,49.0,0.0,4,0.0,true,"City16(Day 4)"
89,41,356.0,361.0,0.0,4,0.0,true,"City19(Day 3) -> City16(Day 4) -> City18(Day 5)"
89,42,426.0,576.0,0.0,4,0.0,true,"City4(Day 2) -> City16(Day 3) -> City18(Day 5)"
89,43,356.0,361.0,0.0,4,0.0,true,"City16(Day 0) -> City18(Day 1) -> City19(Day 3)"
89,44,320.0,256.0,0.0,4,0.0,true,"City22(Day 2) -> City18(Day 4)"
89,45,544.0,676.0,0.0,4,0.0,true,"City4(Day 1) -> City14(Day 2) -> City18(Day 3)"
89,46,361.0,441.0,0.0,4,0.0,true,"City16(Day 0) -> City18(Day 1) -> City24(Day 3)"
89,47,260.0,225.0,0.0,4,0.0,true,"City16(Day 0) -> City18(Day 5)"
89,48,191.0,36.0,0.0,4,0.0,true,"City24(Day 2)"
89,49,236.0,121.0,0.0,4,0.0,true,"City16(Day 0) -> City19(Day 3)"
89,50,215.0,64.0,0.0,4,0.0,true,"City22(Day 1)"
89,51,355.0,289.0,0.0,4,0.0,true,"City16(Day 1) -> City19(Day 2) -> City24(Day 3)"
89,52,388.0,529.0,0.0,4,0.0,true,"City16(Day 0) -> City18(Day 1) -> City22(Day 5)"
89,53,188.0,16.0,0.0,4,0.0,true,"City19(Day 6)"
89,54,191.0,16.0,0.0,5,0.0,true,"City12(Day 1)"
89,55,271.0,225.0,0.0,5,0.0,true,"City16(Day 4) -> City18(Day 5)"
89,56,545.0,676.0,0.0,5,0.0,true,"City4(Day 1) -> City14(Day 3) -> City18(Day 4)"
89,57,322.0,256.0,0.0,5,0.0,true,"City14(Day 1) -> City16(Day 6)"
89,58,200.0,49.0,0.0,5,0.0,true,"City16(Day 0)"
89,59,269.0,169.0,0.0,5,0.0,true,"City16(Day 2) -> City24(Day 3)"
89,60,192.0,36.0,0.0,5,0.0,true,"City24(Day 3)"
89,61,392.0,529.0,0.0,5,0.0,true,"City16(Day 1) -> City18(Day 2) -> City22(Day 5)"
89,62,224.0,64.0,0.0,5,0.0,true,"City22(Day 6)"
89,63,265.0,144.0,0.0,5,0.0,true,"City19(Day 3) -> City22(Day 6)"
89,64,322.0,256.0,0.0,5,0.0,true,"City14(Day 4) -> City16(Day 6)"
89,65,360.0,361.0,0.0,5,0.0,true,"City16(Day 1) -> City18(Day 2) -> City19(Day 3)"
89,66,362.0,441.0,0.0,5,0.0,true,"City16(Day 0) -> City24(Day 2) -> City18(Day 4)"
89,67,250.0,121.0,0.0,5,0.0,true,"City16(Day 1) -> City12(Day 3)"
89,68,356.0,289.0,0.0,5,0.0,true,"City14(Day 1) -> City18(Day 3)"
89,69,435.0,576.0,0.0,5,0.0,true,"City18(Day 4) -> City14(Day 5) -> City16(Day 6)"
89,70,484.0,625.0,0.0,5,0.0,true,"City4(Day 2) -> City22(Day 3) -> City18(Day 4)"
89,71,257.0,121.0,0.0,6,0.0,true,"City16(Day 1) -> City19(Day 6)"
89,72,253.0,81.0,0.0,6,0.0,true,"City4(Day 2)"
89,73,379.0,289.0,0.0,6,0.0,true,"City14(Day 3) -> City18(Day 4)"
89,74,306.0,196.0,0.0,6,0.0,true,"City24(Day 3) -> City18(Day 4)"
89,75,257.0,121.0,0.0,6,0.0,true,"City19(Day 3) -> City16(Day 6)"
90,1,165.0,64.0,0.0,1,0.0,true,"City18(Day 4)"
90,2,346.0,441.0,0.0,1,0.0,true,"City16(Day 1) -> City24(Day 3) -> City18(Day 4)"
90,3,232.0,169.0,0.0,1,0.0,true,"City16(Day 1) -> City24(Day 3)"
90,4,237.0,225.0,0.0,1,0.0,true,"City16(Day 1) -> City18(Day 4)"
90,5,309.0,256.0,0.0,1,0.0,true,"City22(Day 3) -> City18(Day 4)"
90,6,531.0,676.0,0.0,1,0.0,true,"City4(Day 1) -> City14(Day 2) -> City18(Day 4)"
90,7,382.0,529.0,0.0,1,0.0,true,"City16(Day 1) -> City18(Day 4) -> City22(Day 5)"
90,8,405.0,576.0,0.0,1,0.0,true,"City4(Day 2) -> City16(Day 3) -> City18(Day 4)"
90,9,341.0,361.0,0.0,1,0.0,true,"City19(Day 0) -> City16(Day 3) -> City18(Day 4)"
90,10,459.0,625.0,0.0,1,0.0,true,"City14(Day 1) -> City22(Day 2) -> City18(Day 4)"
90,11,136.0,16.0,0.0,1,0.0,true,"City19(Day 3)"
90,12,154.0,49.0,0.0,1,0.0,true,"City16(Day 6)"
90,13,168.0,49.0,0.0,2,0.0,true,"City16(Day 1)"
90,14,423.0,576.0,0.0,2,0.0,true,"City16(Day 0) -> City14(Day 1) -> City18(Day 4)"
90,15,342.0,361.0,0.0,2,0.0,true,"City19(Day 1) -> City16(Day 3) -> City18(Day 4)"
90,16,384.0,529.0,0.0,2,0.0,true,"City16(Day 1) -> City22(Day 2) -> City18(Day 4)"
90,17,153.0,16.0,0.0,2,0.0,true,"City12(Day 3)"
90,18,234.0,169.0,0.0,2,0.0,true,"City16(Day 0) -> City24(Day 3)"
90,19,310.0,256.0,0.0,2,0.0,true,"City18(Day 4) -> City22(Day 5)"
90,20,384.0,529.0,0.0,2,0.0,true,"City16(Day 0) -> City18(Day 4) -> City22(Day 5)"
90,21,239.0,225.0,0.0,2,0.0,true,"City16(Day 0) -> City18(Day 4)"
90,22,461.0,625.0,0.0,2,0.0,true,"City14(Day 1) -> City18(Day 3) -> City22(Day 5)"
90,23,348.0,441.0,0.0,2,0.0,true,"City16(Day 0) -> City24(Day 3) -> City18(Day 4)"
90,24,532.0,676.0,0.0,2,0.0,true,"City4(Day 2) -> City14(Day 3) -> City18(Day 4)"
90,25,169.0,64.0,0.0,2,0.0,true,"City22(Day 5)"
90,26,424.0,576.0,0.0,3,0.0,true,"City14(Day 1) -> City16(Day 3) -> City18(Day 4)"
90,27,234.0,121.0,0.0,3,0.0,true,"City16(Day 1) -> City19(Day 3)"
90,28,386.0,529.0,0.0,3,0.0,true,"City16(Day 0) -> City22(Day 2) -> City18(Day 4)"
90,29,360.0,441.0,0.0,3,0.0,true,"City16(Day 1) -> City24(Day 2) -> City18(Day 4)"
90,30,543.0,676.0,0.0,3,0.0,true,"City14(Day 1) -> City4(Day 4) -> City18(Day 5)"
90,31,476.0,625.0,0.0,3,0.0,true,"City14(Day 1) -> City22(Day 2) -> City18(Day 3)"
90,32,315.0,256.0,0.0,3,0.0,true,"City18(Day 2) -> City22(Day 5)"
90,33,190.0,64.0,0.0,3,0.0,true,"City18(Day 5)"
90,34,258.0,225.0,0.0,3,0.0,true,"City16(Day 1) -> City18(Day 5)"
90,35,352.0,361.0,0.0,3,0.0,true,"City19(Day 2) -> City16(Day 3) -> City18(Day 4)"
90,36,251.0,196.0,0.0,3,0.0,true,"City24(Day 2) -> City18(Day 4)"
90,37,181.0,16.0,0.0,3,0.0,true,"City19(Day 0)"
90,38,343.0,289.0,0.0,3,0.0,true,"City14(Day 1) -> City18(Day 4)"
90,39,356.0,361.0,0.0,4,0.0,true,"City16(Day 0) -> City18(Day 1) -> City19(Day 3)"
90,40,188.0,16.0,0.0,4,0.0,true,"City19(Day 6)"
90,41,191.0,36.0,0.0,4,0.0,true,"City24(Day 2)"
90,42,356.0,361.0,0.0,4,0.0,true,"City19(Day 3) -> City16(Day 4) -> City18(Day 5)"
90,43,197.0,49.0,0.0,4,0.0,true,"City16(Day 4)"
90,44,355.0,289.0,0.0,4,0.0,true,"City16(Day 1) -> City19(Day 2) -> City24(Day 3)"
90,45,260.0,225.0,0.0,4,0.0,true,"City16(Day 0) -> City18(Day 5)"
90,46,236.0,121.0,0.0,4,0.0,true,"City16(Day 0) -> City19(Day 3)"
90,47,483.0,625.0,0.0,4,0.0,true,"City14(Day 1) -> City18(Day 3) -> City22(Day 6)"
90,48,320.0,256.0,0.0,4,0.0,true,"City22(Day 2) -> City18(Day 4)"
90,49,426.0,576.0,0.0,4,0.0,true,"City4(Day 2) -> City16(Day 3) -> City18(Day 5)"
90,50,544.0,676.0,0.0,4,0.0,true,"City4(Day 1) -> City14(Day 2) -> City18(Day 3)"
90,51,215.0,64.0,0.0,4,0.0,true,"City22(Day 1)"
90,52,388.0,529.0,0.0,4,0.0,true,"City16(Day 0) -> City18(Day 1) -> City22(Day 5)"
90,53,361.0,441.0,0.0,4,0.0,true,"City16(Day 0) -> City18(Day 1) -> City24(Day 3)"
90,54,360.0,361.0,0.0,5,0.0,true,"City16(Day 1) -> City18(Day 2) -> City19(Day 3)"
90,55,392.0,529.0,0.0,5,0.0,true,"City16(Day 1) -> City18(Day 2) -> City22(Day 5)"
90,56,271.0,225.0,0.0,5,0.0,true,"City16(Day 4) -> City18(Day 5)"
90,57,224.0,64.0,0.0,5,0.0,true,"City22(Day 6)"
90,58,322.0,256.0,0.0,5,0.0,true,"City14(Day 4) -> City16(Day 6)"
90,59,362.0,441.0,0.0,5,0.0,true,"City16(Day 0) -> City24(Day 2) -> City18(Day 4)"
90,60,265.0,144.0,0.0,5,0.0,true,"City19(Day 3) -> City22(Day 6)"
90,61,192.0,36.0,0.0,5,0.0,true,"City24(Day 3)"
90,62,356.0,289.0,0.0,5,0.0,true,"City14(Day 1) -> City18(Day 3)"
90,63,545.0,676.0,0.0,5,0.0,true,"City4(Day 1) -> City14(Day 3) -> City18(Day 4)"
90,64,484.0,625.0,0.0,5,0.0,true,"City4(Day 2) -> City22(Day 3) -> City18(Day 4)"
90,65,269.0,169.0,0.0,5,0.0,true,"City16(Day 2) -> City24(Day 3)"
90,66,322.0,256.0,0.0,5,0.0,true,"City14(Day 1) -> City16(Day 6)"
90,67,435.0,576.0,0.0,5,0.0,true,"City18(Day 4) -> City14(Day 5) -> City16(Day 6)"
90,68,250.0,121.0,0.0,5,0.0,true,"City16(Day 1) -> City12(Day 3)"
90,69,200.0,49.0,0.0,5,0.0,true,"City16(Day 0)"
90,70,191.0,16.0,0.0,5,0.0,true,"City12(Day 1)"
90,71,253.0,81.0,0.0,6,0.0,true,"City4(Day 2)"
90,72,451.0,576.0,0.0,6,0.0,true,"City14(Day 1) -> City16(Day 2) -> City18(Day 4)"
90,73,333.0,256.0,0.0,6,0.0,true,"City18(Day 1) -> City22(Day 5)"
90,74,524.0,625.0,0.0,6,0.0,true,"City22(Day 3) -> City18(Day 4) -> City14(Day 5)"
90,75,419.0,529.0,0.0,6,0.0,true,"City16(Day 2) -> City18(Day 4) -> City22(Day 5)"
91,1,341.0,361.0,0.0,1,0.0,true,"City19(Day 0) -> City16(Day 3) -> City18(Day 4)"
91,2,154.0,49.0,0.0,1,0.0,true,"City16(Day 6)"
91,3,459.0,625.0,0.0,1,0.0,true,"City14(Day 1) -> City22(Day 2) -> City18(Day 4)"
91,4,309.0,256.0,0.0,1,0.0,true,"City22(Day 3) -> City18(Day 4)"
91,5,232.0,169.0,0.0,1,0.0,true,"City16(Day 1) -> City24(Day 3)"
91,6,136.0,16.0,0.0,1,0.0,true,"City19(Day 3)"
91,7,165.0,64.0,0.0,1,0.0,true,"City18(Day 4)"
91,8,382.0,529.0,0.0,1,0.0,true,"City16(Day 1) -> City18(Day 4) -> City22(Day 5)"
91,9,346.0,441.0,0.0,1,0.0,true,"City16(Day 1) -> City24(Day 3) -> City18(Day 4)"
91,10,531.0,676.0,0.0,1,0.0,true,"City4(Day 1) -> City14(Day 2) -> City18(Day 4)"
91,11,237.0,225.0,0.0,1,0.0,true,"City16(Day 1) -> City18(Day 4)"
91,12,405.0,576.0,0.0,1,0.0,true,"City4(Day 2) -> City16(Day 3) -> City18(Day 4)"
91,13,153.0,16.0,0.0,2,0.0,true,"City12(Day 3)"
91,14,348.0,441.0,0.0,2,0.0,true,"City16(Day 0) -> City24(Day 3) -> City18(Day 4)"
91,15,461.0,625.0,0.0,2,0.0,true,"City14(Day 1) -> City18(Day 3) -> City22(Day 5)"
91,16,239.0,225.0,0.0,2,0.0,true,"City16(Day 0) -> City18(Day 4)"
91,17,423.0,576.0,0.0,2,0.0,true,"City16(Day 0) -> City14(Day 1) -> City18(Day 4)"
91,18,384.0,529.0,0.0,2,0.0,true,"City16(Day 0) -> City18(Day 4) -> City22(Day 5)"
91,19,169.0,64.0,0.0,2,0.0,true,"City22(Day 5)"
91,20,168.0,49.0,0.0,2,0.0,true,"City16(Day 1)"
91,21,532.0,676.0,0.0,2,0.0,true,"City4(Day 2) -> City14(Day 3) -> City18(Day 4)"
91,22,234.0,169.0,0.0,2,0.0,true,"City16(Day 0) -> City24(Day 3)"
91,23,384.0,529.0,0.0,2,0.0,true,"City16(Day 1) -> City22(Day 2) -> City18(Day 4)"
91,24,310.0,256.0,0.0,2,0.0,true,"City18(Day 4) -> City22(Day 5)"
91,25,342.0,361.0,0.0,2,0.0,true,"City19(Day 1) -> City16(Day 3) -> City18(Day 4)"
91,26,190.0,64.0,0.0,3,0.0,true,"City18(Day 5)"
91,27,343.0,289.0,0.0,3,0.0,true,"City14(Day 1) -> City18(Day 4)"
91,28,181.0,16.0,0.0,3,0.0,true,"City19(Day 0)"
91,29,352.0,361.0,0.0,3,0.0,true,"City19(Day 2) -> City16(Day 3) -> City18(Day 4)"
91,30,234.0,121.0,0.0,3,0.0,true,"City16(Day 1) -> City19(Day 3)"
91,31,386.0,529.0,0.0,3,0.0,true,"City16(Day 0) -> City22(Day 2) -> City18(Day 4)"
91,32,543.0,676.0,0.0,3,0.0,true,"City14(Day 1) -> City4(Day 4) -> City18(Day 5)"
91,33,360.0,441.0,0.0,3,0.0,true,"City16(Day 1) -> City24(Day 2) -> City18(Day 4)"
91,34,251.0,196.0,0.0,3,0.0,true,"City24(Day 2) -> City18(Day 4)"
91,35,315.0,256.0,0.0,3,0.0,true,"City18(Day 2) -> City22(Day 5)"
91,36,258.0,225.0,0.0,3,0.0,true,"City16(Day 1) -> City18(Day 5)"
91,37,476.0,625.0,0.0,3,0.0,true,"City14(Day 1) -> City22(Day 2) -> City18(Day 3)"
91,38,424.0,576.0,0.0,3,0.0,true,"City14(Day 1) -> City16(Day 3) -> City18(Day 4)"
91,39,544.0,676.0,0.0,4,0.0,true,"City4(Day 1) -> City14(Day 2) -> City18(Day 3)"
91,40,236.0,121.0,0.0,4,0.0,true,"City16(Day 0) -> City19(Day 3)"
91,41,356.0,361.0,0.0,4,0.0,true,"City16(Day 0) -> City18(Day 1) -> City19(Day 3)"
91,42,260.0,225.0,0.0,4,0.0,true,"City16(Day 0) -> City18(Day 5)"
91,43,191.0,36.0,0.0,4,0.0,true,"City24(Day 2)"
91,44,355.0,289.0,0.0,4,0.0,true,"City16(Day 1) -> City19(Day 2) -> City24(Day 3)"
91,45,197.0,49.0,0.0,4,0.0,true,"City16(Day 4)"
91,46,215.0,64.0,0.0,4,0.0,true,"City22(Day 1)"
91,47,188.0,16.0,0.0,4,0.0,true,"City19(Day 6)"
91,48,361.0,441.0,0.0,4,0.0,true,"City16(Day 0) -> City18(Day 1) -> City24(Day 3)"
91,49,356.0,361.0,0.0,4,0.0,true,"City19(Day 3) -> City16(Day 4) -> City18(Day 5)"
91,50,483.0,625.0,0.0,4,0.0,true,"City14(Day 1) -> City18(Day 3) -> City22(Day 6)"
91,51,388.0,529.0,0.0,4,0.0,true,"City16(Day 0) -> City18(Day 1) -> City22(Day 5)"
91,52,320.0,256.0,0.0,4,0.0,true,"City22(Day 2) -> City18(Day 4)"
91,53,426.0,576.0,0.0,4,0.0,true,"City4(Day 2) -> City16(Day 3) -> City18(Day 5)"
91,54,322.0,256.0,0.0,5,0.0,true,"City14(Day 4) -> City16(Day 6)"
91,55,265.0,144.0,0.0,5,0.0,true,"City19(Day 3) -> City22(Day 6)"
91,56,269.0,169.0,0.0,5,0.0,true,"City16(Day 2) -> City24(Day 3)"
91,57,191.0,16.0,0.0,5,0.0,true,"City12(Day 1)"
91,58,271.0,225.0,0.0,5,0.0,true,"City16(Day 4) -> City18(Day 5)"
91,59,224.0,64.0,0.0,5,0.0,true,"City22(Day 6)"
91,60,484.0,625.0,0.0,5,0.0,true,"City4(Day 2) -> City22(Day 3) -> City18(Day 4)"
91,61,200.0,49.0,0.0,5,0.0,true,"City16(Day 0)"
91,62,250.0,121.0,0.0,5,0.0,true,"City16(Day 1) -> City12(Day 3)"
91,63,545.0,676.0,0.0,5,0.0,true,"City4(Day 1) -> City14(Day 3) -> City18(Day 4)"
91,64,322.0,256.0,0.0,5,0.0,true,"City14(Day 1) -> City16(Day 6)"
91,65,392.0,529.0,0.0,5,0.0,true,"City16(Day 1) -> City18(Day 2) -> City22(Day 5)"
91,66,362.0,441.0,0.0,5,0.0,true,"City16(Day 0) -> City24(Day 2) -> City18(Day 4)"
91,67,435.0,576.0,0.0,5,0.0,true,"City18(Day 4) -> City14(Day 5) -> City16(Day 6)"
91,68,360.0,361.0,0.0,5,0.0,true,"City16(Day 1) -> City18(Day 2) -> City19(Day 3)"
91,69,192.0,36.0,0.0,5,0.0,true,"City24(Day 3)"
91,70,356.0,289.0,0.0,5,0.0,true,"City14(Day 1) -> City18(Day 3)"
91,71,394.0,529.0,0.0,6,0.0,true,"City16(Day 0) -> City18(Day 2) -> City22(Day 5)"
91,72,524.0,625.0,0.0,6,0.0,true,"City22(Day 3) -> City18(Day 4) -> City14(Day 5)"
91,73,244.0,64.0,0.0,6,0.0,true,"City18(Day 2)"
91,74,333.0,256.0,0.0,6,0.0,true,"City18(Day 1) -> City22(Day 5)"
91,75,297.0,100.0,0.0,6,0.0,true,"City19(Day 0) -> City24(Day 1)"
92,1,165.0,64.0,0.0,1,0.0,true,"City18(Day 4)"
92,2,237.0,225.0,0.0,1,0.0,true,"City16(Day 1) -> City18(Day 4)"
92,3,232.0,169.0,0.0,1,0.0,true,"City16(Day 1) -> City24(Day 3)"
92,4,341.0,361.0,0.0,1,0.0,true,"City19(Day 0) -> City16(Day 3) -> City18(Day 4)"
92,5,459.0,625.0,0.0,1,0.0,true,"City14(Day 1) -> City22(Day 2) -> City18(Day 4)"
92,6,405.0,576.0,0.0,1,0.0,true,"City4(Day 2) -> City16(Day 3) -> City18(Day 4)"
92,7,309.0,256.0,0.0,1,0.0,true,"City22(Day 3) -> City18(Day 4)"
92,8,136.0,16.0,0.0,1,0.0,true,"City19(Day 3)"
92,9,531.0,676.0,0.0,1,0.0,true,"City4(Day 1) -> City14(Day 2) -> City18(Day 4)"
92,10,346.0,441.0,0.0,1,0.0,true,"City16(Day 1) -> City24(Day 3) -> City18(Day 4)"
92,11,382.0,529.0,0.0,1,0.0,true,"City16(Day 1) -> City18(Day 4) -> City22(Day 5)"
92,12,154.0,49.0,0.0,1,0.0,true,"City16(Day 6)"
92,13,461.0,625.0,0.0,2,0.0,true,"City14(Day 1) -> City18(Day 3) -> City22(Day 5)"
92,14,239.0,225.0,0.0,2,0.0,true,"City16(Day 0) -> City18(Day 4)"
92,15,532.0,676.0,0.0,2,0.0,true,"City4(Day 2) -> City14(Day 3) -> City18(Day 4)"
92,16,384.0,529.0,0.0,2,0.0,true,"City16(Day 1) -> City22(Day 2) -> City18(Day 4)"
92,17,153.0,16.0,0.0,2,0.0,true,"City12(Day 3)"
92,18,384.0,529.0,0.0,2,0.0,true,"City16(Day 0) -> City18(Day 4) -> City22(Day 5)"
92,19,342.0,361.0,0.0,2,0.0,true,"City19(Day 1) -> City16(Day 3) -> City18(Day 4)"
92,20,423.0,576.0,0.0,2,0.0,true,"City16(Day 0) -> City14(Day 1) -> City18(Day 4)"
92,21,310.0,256.0,0.0,2,0.0,true,"City18(Day 4) -> City22(Day 5)"
92,22,234.0,169.0,0.0,2,0.0,true,"City16(Day 0) -> City24(Day 3)"
92,23,348.0,441.0,0.0,2,0.0,true,"City16(Day 0) -> City24(Day 3) -> City18(Day 4)"
92,24,168.0,49.0,0.0,2,0.0,true,"City16(Day 1)"
92,25,169.0,64.0,0.0,2,0.0,true,"City22(Day 5)"
92,26,424.0,576.0,0.0,3,0.0,true,"City14(Day 1) -> City16(Day 3) -> City18(Day 4)"
92,27,360.0,441.0,0.0,3,0.0,true,"City16(Day 1) -> City24(Day 2) -> City18(Day 4)"
92,28,251.0,196.0,0.0,3,0.0,true,"City24(Day 2) -> City18(Day 4)"
92,29,258.0,225.0,0.0,3,0.0,true,"City16(Day 1) -> City18(Day 5)"
92,30,343.0,289.0,0.0,3,0.0,true,"City14(Day 1) -> City18(Day 4)"
92,31,543.0,676.0,0.0,3,0.0,true,"City14(Day 1) -> City4(Day 4) -> City18(Day 5)"
92,32,352.0,361.0,0.0,3,0.0,true,"City19(Day 2) -> City16(Day 3) -> City18(Day 4)"
92,33,234.0,121.0,0.0,3,0.0,true,"City16(Day 1) -> City19(Day 3)"
92,34,476.0,625.0,0.0,3,0.0,true,"City14(Day 1) -> City22(Day 2) -> City18(Day 3)"
92,35,315.0,256.0,0.0,3,0.0,true,"City18(Day 2) -> City22(Day 5)"
92,36,181.0,16.0,0.0,3,0.0,true,"City19(Day 0)"
92,37,190.0,64.0,0.0,3,0.0,true,"City18(Day 5)"
92,38,386.0,529.0,0.0,3,0.0,true,"City16(Day 0) -> City22(Day 2) -> City18(Day 4)"
92,39,320.0,256.0,0.0,4,0.0,true,"City22(Day 2) -> City18(Day 4)"
92,40,215.0,64.0,0.0,4,0.0,true,"City22(Day 1)"
92,41,260.0,225.0,0.0,4,0.0,true,"City16(Day 0) -> City18(Day 5)"
92,42,236.0,121.0,0.0,4,0.0,true,"City16(Day 0) -> City19(Day 3)"
92,43,356.0,361.0,0.0,4,0.0,true,"City16(Day 0) -> City18(Day 1) -> City19(Day 3)"
92,44,361.0,441.0,0.0,4,0.0,true,"City16(Day 0) -> City18(Day 1) -> City24(Day 3)"
92,45,188.0,16.0,0.0,4,0.0,true,"City19(Day 6)"
92,46,426.0,576.0,0.0,4,0.0,true,"City4(Day 2) -> City16(Day 3) -> City18(Day 5)"
92,47,356.0,361.0,0.0,4,0.0,true,"City19(Day 3) -> City16(Day 4) -> City18(Day 5)"
92,48,355.0,289.0,0.0,4,0.0,true,"City16(Day 1) -> City19(Day 2) -> City24(Day 3)"
92,49,191.0,36.0,0.0,4,0.0,true,"City24(Day 2)"
92,50,388.0,529.0,0.0,4,0.0,true,"City16(Day 0) -> City18(Day 1) -> City22(Day 5)"
92,51,197.0,49.0,0.0,4,0.0,true,"City16(Day 4)"
92,52,483.0,625.0,0.0,4,0.0,true,"City14(Day 1) -> City18(Day 3) -> City22(Day 6)"
92,53,544.0,676.0,0.0,4,0.0,true,"City4(Day 1) -> City14(Day 2) -> City18(Day 3)"
92,54,545.0,676.0,0.0,5,0.0,true,"City4(Day 1) -> City14(Day 3) -> City18(Day 4)"
92,55,191.0,16.0,0.0,5,0.0,true,"City12(Day 1)"
92,56,322.0,256.0,0.0,5,0.0,true,"City14(Day 4) -> City16(Day 6)"
92,57,484.0,625.0,0.0,5,0.0,true,"City4(Day 2) -> City22(Day 3) -> City18(Day 4)"
92,58,356.0,289.0,0.0,5,0.0,true,"City14(Day 1) -> City18(Day 3)"
92,59,265.0,144.0,0.0,5,0.0,true,"City19(Day 3) -> City22(Day 6)"
92,60,362.0,441.0,0.0,5,0.0,true,"City16(Day 0) -> City24(Day 2) -> City18(Day 4)"
92,61,269.0,169.0,0.0,5,0.0,true,"City16(Day 2) -> City24(Day 3)"
92,62,250.0,121.0,0.0,5,0.0,true,"City16(Day 1) -> City12(Day 3)"
92,63,271.0,225.0,0.0,5,0.0,true,"City16(Day 4) -> City18(Day 5)"
92,64,392.0,529.0,0.0,5,0.0,true,"City16(Day 1) -> City18(Day 2) -> City22(Day 5)"
92,65,360.0,361.0,0.0,5,0.0,true,"City16(Day 1) -> City18(Day 2) -> City19(Day 3)"
92,66,200.0,49.0,0.0,5,0.0,true,"City16(Day 0)"
92,67,435.0,576.0,0.0,5,0.0,true,"City18(Day 4) -> City14(Day 5) -> City16(Day 6)"
92,68,322.0,256.0,0.0,5,0.0,true,"City14(Day 1) -> City16(Day 6)"
92,69,224.0,64.0,0.0,5,0.0,true,"City22(Day 6)"
92,70,192.0,36.0,0.0,5,0.0,true,"City24(Day 3)"
92,71,472.0,576.0,0.0,6,0.0,true,"City16(Day 1) -> City22(Day 2) -> City14(Day 5)"
92,72,524.0,625.0,0.0,6,0.0,true,"City22(Day 3) -> City18(Day 4) -> City14(Day 5)"
92,73,394.0,529.0,0.0,6,0.0,true,"City16(Day 0) -> City18(Day 2) -> City22(Day 5)"
92,74,302.0,169.0,0.0,6,0.0,true,"City16(Day 0) -> City24(Day 1)"
92,75,333.0,256.0,0.0,6,0.0,true,"City18(Day 1) -> City22(Day 5)"
93,1,382.0,529.0,0.0,1,0.0,true,"City16(Day 1) -> City18(Day 4) -> City22(Day 5)"
93,2,232.0,169.0,0.0,1,0.0,true,"City16(Day 1) -> City24(Day 3)"
93,3,237.0,225.0,0.0,1,0.0,true,"City16(Day 1) -> City18(Day 4)"
93,4,165.0,64.0,0.0,1,0.0,true,"City18(Day 4)"
93,5,309.0,256.0,0.0,1,0.0,true,"City22(Day 3) -> City18(Day 4)"
93,6,459.0,625.0,0.0,1,0.0,true,"City14(Day 1) -> City22(Day 2) -> City18(Day 4)"
93,7,341.0,361.0,0.0,1,0.0,true,"City19(Day 0) -> City16(Day 3) -> City18(Day 4)"
93,8,405.0,576.0,0.0,1,0.0,true,"City4(Day 2) -> City16(Day 3) -> City18(Day 4)"
93,9,136.0,16.0,0.0,1,0.0,true,"City19(Day 3)"
93,10,531.0,676.0,0.0,1,0.0,true,"City4(Day 1) -> City14(Day 2) -> City18(Day 4)"
93,11,346.0,441.0,0.0,1,0.0,true,"City16(Day 1) -> City24(Day 3) -> City18(Day 4)"
93,12,154.0,49.0,0.0,1,0.0,true,"City16(Day 6)"
93,13,423.0,576.0,0.0,2,0.0,true,"City16(Day 0) -> City14(Day 1) -> City18(Day 4)"
93,14,234.0,169.0,0.0,2,0.0,true,"City16(Day 0) -> City24(Day 3)"
93,15,168.0,49.0,0.0,2,0.0,true,"City16(Day 1)"
93,16,384.0,529.0,0.0,2,0.0,true,"City16(Day 1) -> City22(Day 2) -> City18(Day 4)"
93,17,239.0,225.0,0.0,2,0.0,true,"City16(Day 0) -> City18(Day 4)"
93,18,342.0,361.0,0.0,2,0.0,true,"City19(Day 1) -> City16(Day 3) -> City18(Day 4)"
93,19,384.0,529.0,0.0,2,0.0,true,"City16(Day 0) -> City18(Day 4) -> City22(Day 5)"
93,20,153.0,16.0,0.0,2,0.0,true,"City12(Day 3)"
93,21,532.0,676.0,0.0,2,0.0,true,"City4(Day 2) -> City14(Day 3) -> City18(Day 4)"
93,22,310.0,256.0,0.0,2,0.0,true,"City18(Day 4) -> City22(Day 5)"
93,23,461.0,625.0,0.0,2,0.0,true,"City14(Day 1) -> City18(Day 3) -> City22(Day 5)"
93,24,348.0,441.0,0.0,2,0.0,true,"City16(Day 0) -> City24(Day 3) -> City18(Day 4)"
93,25,169.0,64.0,0.0,2,0.0,true,"City22(Day 5)"
93,26,386.0,529.0,0.0,3,0.0,true,"City16(Day 0) -> City22(Day 2) -> City18(Day 4)"
93,27,543.0,676.0,0.0,3,0.0,true,"City14(Day 1) -> City4(Day 4) -> City18(Day 5)"
93,28,234.0,121.0,0.0,3,0.0,true,"City16(Day 1) -> City19(Day 3)"
93,29,424.0,576.0,0.0,3,0.0,true,"City14(Day 1) -> City16(Day 3) -> City18(Day 4)"
93,30,343.0,289.0,0.0,3,0.0,true,"City14(Day 1) -> City18(Day 4)"
93,31,476.0,625.0,0.0,3,0.0,true,"City14(Day 1) -> City22(Day 2) -> City18(Day 3)"
93,32,251.0,196.0,0.0,3,0.0,true,"City24(Day 2) -> City18(Day 4)"
93,33,360.0,441.0,0.0,3,0.0,true,"City16(Day 1) -> City24(Day 2) -> City18(Day 4)"
93,34,190.0,64.0,0.0,3,0.0,true,"City18(Day 5)"
93,35,258.0,225.0,0.0,3,0.0,true,"City16(Day 1) -> City18(Day 5)"
93,36,315.0,256.0,0.0,3,0.0,true,"City18(Day 2) -> City22(Day 5)"
93,37,181.0,16.0,0.0,3,0.0,true,"City19(Day 0)"
93,38,352.0,361.0,0.0,3,0.0,true,"City19(Day 2) -> City16(Day 3) -> City18(Day 4)"
93,39,483.0,625.0,0.0,4,0.0,true,"City14(Day 1) -> City18(Day 3) -> City22(Day 6)"
93,40,191.0,36.0,0.0,4,0.0,true,"City24(Day 2)"
93,41,426.0,576.0,0.0,4,0.0,true,"City4(Day 2) -> City16(Day 3) -> City18(Day 5)"
93,42,388.0,529.0,0.0,4,0.0,true,"City16(Day 0) -> City18(Day 1) -> City22(Day 5)"
93,43,355.0,289.0,0.0,4,0.0,true,"City16(Day 1) -> City19(Day 2) -> City24(Day 3)"
93,44,260.0,225.0,0.0,4,0.0,true,"City16(Day 0) -> City18(Day 5)"
93,45,356.0,361.0,0.0,4,0.0,true,"City19(Day 3) -> City16(Day 4) -> City18(Day 5)"
93,46,320.0,256.0,0.0,4,0.0,true,"City22(Day 2) -> City18(Day 4)"
93,47,544.0,676.0,0.0,4,0.0,true,"City4(Day 1) -> City14(Day 2) -> City18(Day 3)"
93,48,215.0,64.0,0.0,4,0.0,true,"City22(Day 1)"
93,49,197.0,49.0,0.0,4,0.0,true,"City16(Day 4)"
93,50,361.0,441.0,0.0,4,0.0,true,"City16(Day 0) -> City18(Day 1) -> City24(Day 3)"
93,51,188.0,16.0,0.0,4,0.0,true,"City19(Day 6)"
93,52,356.0,361.0,0.0,4,0.0,true,"City16(Day 0) -> City18(Day 1) -> City19(Day 3)"
93,53,236.0,121.0,0.0,4,0.0,true,"City16(Day 0) -> City19(Day 3)"
93,54,392.0,529.0,0.0,5,0.0,true,"City16(Day 1) -> City18(Day 2) -> City22(Day 5)"
93,55,484.0,625.0,0.0,5,0.0,true,"City4(Day 2) -> City22(Day 3) -> City18(Day 4)"
93,56,224.0,64.0,0.0,5,0.0,true,"City22(Day 6)"
93,57,322.0,256.0,0.0,5,0.0,true,"City14(Day 4) -> City16(Day 6)"
93,58,271.0,225.0,0.0,5,0.0,true,"City16(Day 4) -> City18(Day 5)"
93,59,322.0,256.0,0.0,5,0.0,true,"City14(Day 1) -> City16(Day 6)"
93,60,545.0,676.0,0.0,5,0.0,true,"City4(Day 1) -> City14(Day 3) -> City18(Day 4)"
93,61,192.0,36.0,0.0,5,0.0,true,"City24(Day 3)"
93,62,191.0,16.0,0.0,5,0.0,true,"City12(Day 1)"
93,63,356.0,289.0,0.0,5,0.0,true,"City14(Day 1) -> City18(Day 3)"
93,64,250.0,121.0,0.0,5,0.0,true,"City16(Day 1) -> City12(Day 3)"
93,65,265.0,144.0,0.0,5,0.0,true,"City19(Day 3) -> City22(Day 6)"
93,66,360.0,361.0,0.0,5,0.0,true,"City16(Day 1) -> City18(Day 2) -> City19(Day 3)"
93,67,362.0,441.0,0.0,5,0.0,true,"City16(Day 0) -> City24(Day 2) -> City18(Day 4)"
93,68,200.0,49.0,0.0,5,0.0,true,"City16(Day 0)"
93,69,269.0,169.0,0.0,5,0.0,true,"City16(Day 2) -> City24(Day 3)"
93,70,435.0,576.0,0.0,5,0.0,true,"City18(Day 4) -> City14(Day 5) -> City16(Day 6)"
93,71,524.0,625.0,0.0,6,0.0,true,"City22(Day 3) -> City18(Day 4) -> City14(Day 5)"
93,72,362.0,361.0,0.0,6,0.0,true,"City19(Day 0) -> City16(Day 3) -> City18(Day 5)"
93,73,394.0,529.0,0.0,6,0.0,true,"City16(Day 0) -> City18(Day 2) -> City22(Day 5)"
93,74,365.0,441.0,0.0,6,0.0,true,"City16(Day 1) -> City18(Day 2) -> City24(Day 3)"
93,75,326.0,256.0,0.0,6,0.0,true,"City22(Day 1) -> City18(Day 4)"
94,1,346.0,441.0,0.0,1,0.0,true,"City16(Day 1) -> City24(Day 3) -> City18(Day 4)"
94,2,237.0,225.0,0.0,1,0.0,true,"City16(Day 1) -> City18(Day 4)"
94,3,165.0,64.0,0.0,1,0.0,true,"City18(Day 4)"
94,4,341.0,361.0,0.0,1,0.0,true,"City19(Day 0) -> City16(Day 3) -> City18(Day 4)"
94,5,405.0,576.0,0.0,1,0.0,true,"City4(Day 2) -> City16(Day 3) -> City18(Day 4)"
94,6,531.0,676.0,0.0,1,0.0,true,"City4(Day 1) -> City14(Day 2) -> City18(Day 4)"
94,7,154.0,49.0,0.0,1,0.0,true,"City16(Day 6)"
94,8,136.0,16.0,0.0,1,0.0,true,"City19(Day 3)"
94,9,309.0,256.0,0.0,1,0.0,true,"City22(Day 3) -> City18(Day 4)"
94,10,382.0,529.0,0.0,1,0.0,true,"City16(Day 1) -> City18(Day 4) -> City22(Day 5)"
94,11,459.0,625.0,0.0,1,0.0,true,"City14(Day 1) -> City22(Day 2) -> City18(Day 4)"
94,12,232.0,169.0,0.0,1,0.0,true,"City16(Day 1) -> City24(Day 3)"
94,13,310.0,256.0,0.0,2,0.0,true,"City18(Day 4) -> City22(Day 5)"
94,14,461.0,625.0,0.0,2,0.0,true,"City14(Day 1) -> City18(Day 3) -> City22(Day 5)"
94,15,348.0,441.0,0.0,2,0.0,true,"City16(Day 0) -> City24(Day 3) -> City18(Day 4)"
94,16,342.0,361.0,0.0,2,0.0,true,"City19(Day 1) -> City16(Day 3) -> City18(Day 4)"
94,17,423.0,576.0,0.0,2,0.0,true,"City16(Day 0) -> City14(Day 1) -> City18(Day 4)"
94,18,153.0,16.0,0.0,2,0.0,true,"City12(Day 3)"
94,19,532.0,676.0,0.0,2,0.0,true,"City4(Day 2) -> City14(Day 3) -> City18(Day 4)"
94,20,168.0,49.0,0.0,2,0.0,true,"City16(Day 1)"
94,21,234.0,169.0,0.0,2,0.0,true,"City16(Day 0) -> City24(Day 3)"
94,22,239.0,225.0,0.0,2,0.0,true,"City16(Day 0) -> City18(Day 4)"
94,23,169.0,64.0,0.0,2,0.0,true,"City22(Day 5)"
94,24,384.0,529.0,0.0,2,0.0,true,"City16(Day 1) -> City22(Day 2) -> City18(Day 4)"
94,25,384.0,529.0,0.0,2,0.0,true,"City16(Day 0) -> City18(Day 4) -> City22(Day 5)"
94,26,386.0,529.0,0.0,3,0.0,true,"City16(Day 0) -> City22(Day 2) -> City18(Day 4)"
94,27,343.0,289.0,0.0,3,0.0,true,"City14(Day 1) -> City18(Day 4)"
94,28,181.0,16.0,0.0,3,0.0,true,"City19(Day 0)"
94,29,352.0,361.0,0.0,3,0.0,true,"City19(Day 2) -> City16(Day 3) -> City18(Day 4)"
94,30,424.0,576.0,0.0,3,0.0,true,"City14(Day 1) -> City16(Day 3) -> City18(Day 4)"
94,31,234.0,121.0,0.0,3,0.0,true,"City16(Day 1) -> City19(Day 3)"
94,32,258.0,225.0,0.0,3,0.0,true,"City16(Day 1) -> City18(Day 5)"
94,33,190.0,64.0,0.0,3,0.0,true,"City18(Day 5)"
94,34,543.0,676.0,0.0,3,0.0,true,"City14(Day 1) -> City4(Day 4) -> City18(Day 5)"
94,35,251.0,196.0,0.0,3,0.0,true,"City24(Day 2) -> City18(Day 4)"
94,36,360.0,441.0,0.0,3,0.0,true,"City16(Day 1) -> City24(Day 2) -> City18(Day 4)"
94,37,315.0,256.0,0.0,3,0.0,true,"City18(Day 2) -> City22(Day 5)"
94,38,476.0,625.0,0.0,3,0.0,true,"City14(Day 1) -> City22(Day 2) -> City18(Day 3)"
94,39,260.0,225.0,0.0,4,0.0,true,"City16(Day 0) -> City18(Day 5)"
94,40,361.0,441.0,0.0,4,0.0,true,"City16(Day 0) -> City18(Day 1) -> City24(Day 3)"
94,41,191.0,36.0,0.0,4,0.0,true,"City24(Day 2)"
94,42,388.0,529.0,0.0,4,0.0,true,"City16(Day 0) -> City18(Day 1) -> City22(Day 5)"
94,43,215.0,64.0,0.0,4,0.0,true,"City22(Day 1)"
94,44,356.0,361.0,0.0,4,0.0,true,"City16(Day 0) -> City18(Day 1) -> City19(Day 3)"
94,45,426.0,576.0,0.0,4,0.0,true,"City4(Day 2) -> City16(Day 3) -> City18(Day 5)"
94,46,236.0,121.0,0.0,4,0.0,true,"City16(Day 0) -> City19(Day 3)"
94,47,320.0,256.0,0.0,4,0.0,true,"City22(Day 2) -> City18(Day 4)"
94,48,188.0,16.0,0.0,4,0.0,true,"City19(Day 6)"
94,49,356.0,361.0,0.0,4,0.0,true,"City19(Day 3) -> City16(Day 4) -> City18(Day 5)"
94,50,197.0,49.0,0.0,4,0.0,true,"City16(Day 4)"
94,51,483.0,625.0,0.0,4,0.0,true,"City14(Day 1) -> City18(Day 3) -> City22(Day 6)"
94,52,544.0,676.0,0.0,4,0.0,true,"City4(Day 1) -> City14(Day 2) -> City18(Day 3)"
94,53,355.0,289.0,0.0,4,0.0,true,"City16(Day 1) -> City19(Day 2) -> City24(Day 3)"
94,54,322.0,256.0,0.0,5,0.0,true,"City14(Day 4) -> City16(Day 6)"
94,55,271.0,225.0,0.0,5,0.0,true,"City16(Day 4) -> City18(Day 5)"
94,56,200.0,49.0,0.0,5,0.0,true,"City16(Day 0)"
94,57,360.0,361.0,0.0,5,0.0,true,"City16(Day 1) -> City18(Day 2) -> City19(Day 3)"
94,58,265.0,144.0,0.0,5,0.0,true,"City19(Day 3) -> City22(Day 6)"
94,59,435.0,576.0,0.0,5,0.0,true,"City18(Day 4) -> City14(Day 5) -> City16(Day 6)"
94,60,362.0,441.0,0.0,5,0.0,true,"City16(Day 0) -> City24(Day 2) -> City18(Day 4)"
94,61,545.0,676.0,0.0,5,0.0,true,"City4(Day 1) -> City14(Day 3) -> City18(Day 4)"
94,62,224.0,64.0,0.0,5,0.0,true,"City22(Day 6)"
94,63,484.0,625.0,0.0,5,0.0,true,"City4(Day 2) -> City22(Day 3) -> City18(Day 4)"
94,64,392.0,529.0,0.0,5,0.0,true,"City16(Day 1) -> City18(Day 2) -> City22(Day 5)"
94,65,250.0,121.0,0.0,5,0.0,true,"City16(Day 1) -> City12(Day 3)"
94,66,192.0,36.0,0.0,5,0.0,true,"City24(Day 3)"
94,67,322.0,256.0,0.0,5,0.0,true,"City14(Day 1) -> City16(Day 6)"
94,68,191.0,16.0,0.0,5,0.0,true,"City12(Day 1)"
94,69,269.0,169.0,0.0,5,0.0,true,"City16(Day 2) -> City24(Day 3)"
94,70,356.0,289.0,0.0,5,0.0,true,"City14(Day 1) -> City18(Day 3)"
94,71,203.0,9.0,0.0,6,0.0,true,"City6(Day 1)"
94,72,294.0,121.0,0.0,6,0.0,true,"City16(Day 2) -> City19(Day 6)"
94,73,362.0,361.0,0.0,6,0.0,true,"City19(Day 0) -> City16(Day 3) -> City18(Day 5)"
94,74,524.0,625.0,0.0,6,0.0,true,"City22(Day 3) -> City18(Day 4) -> City14(Day 5)"
94,75,257.0,64.0,0.0,6,0.0,true,"City22(Day 4)"
95,1,382.0,529.0,0.0,1,0.0,true,"City16(Day 1) -> City18(Day 4) -> City22(Day 5)"
95,2,309.0,256.0,0.0,1,0.0,true,"City22(Day 3) -> City18(Day 4)"
95,3,341.0,361.0,0.0,1,0.0,true,"City19(Day 0) -> City16(Day 3) -> City18(Day 4)"
95,4,165.0,64.0,0.0,1,0.0,true,"City18(Day 4)"
95,5,531.0,676.0,0.0,1,0.0,true,"City4(Day 1) -> City14(Day 2) -> City18(Day 4)"
95,6,405.0,576.0,0.0,1,0.0,true,"City4(Day 2) -> City16(Day 3) -> City18(Day 4)"
95,7,136.0,16.0,0.0,1,0.0,true,"City19(Day 3)"
95,8,232.0,169.0,0.0,1,0.0,true,"City16(Day 1) -> City24(Day 3)"
95,9,459.0,625.0,0.0,1,0.0,true,"City14(Day 1) -> City22(Day 2) -> City18(Day 4)"
95,10,154.0,49.0,0.0,1,0.0,true,"City16(Day 6)"
95,11,237.0,225.0,0.0,1,0.0,true,"City16(Day 1) -> City18(Day 4)"
95,12,346.0,441.0,0.0,1,0.0,true,"City16(Day 1) -> City24(Day 3) -> City18(Day 4)"
95,13,384.0,529.0,0.0,2,0.0,true,"City16(Day 0) -> City18(Day 4) -> City22(Day 5)"
95,14,348.0,441.0,0.0,2,0.0,true,"City16(Day 0) -> City24(Day 3) -> City18(Day 4)"
95,15,423.0,576.0,0.0,2,0.0,true,"City16(Day 0) -> City14(Day 1) -> City18(Day 4)"
95,16,239.0,225.0,0.0,2,0.0,true,"City16(Day 0) -> City18(Day 4)"
95,17,169.0,64.0,0.0,2,0.0,true,"City22(Day 5)"
95,18,384.0,529.0,0.0,2,0.0,true,"City16(Day 1) -> City22(Day 2) -> City18(Day 4)"
95,19,168.0,49.0,0.0,2,0.0,true,"City16(Day 1)"
95,20,342.0,361.0,0.0,2,0.0,true,"City19(Day 1) -> City16(Day 3) -> City18(Day 4)"
95,21,153.0,16.0,0.0,2,0.0,true,"City12(Day 3)"
95,22,532.0,676.0,0.0,2,0.0,true,"City4(Day 2) -> City14(Day 3) -> City18(Day 4)"
95,23,234.0,169.0,0.0,2,0.0,true,"City16(Day 0) -> City24(Day 3)"
95,24,310.0,256.0,0.0,2,0.0,true,"City18(Day 4) -> City22(Day 5)"
95,25,461.0,625.0,0.0,2,0.0,true,"City14(Day 1) -> City18(Day 3) -> City22(Day 5)"
95,26,424.0,576.0,0.0,3,0.0,true,"City14(Day 1) -> City16(Day 3) -> City18(Day 4)"
95,27,360.0,441.0,0.0,3,0.0,true,"City16(Day 1) -> City24(Day 2) -> City18(Day 4)"
95,28,251.0,196.0,0.0,3,0.0,true,"City24(Day 2) -> City18(Day 4)"
95,29,476.0,625.0,0.0,3,0.0,true,"City14(Day 1) -> City22(Day 2) -> City18(Day 3)"
95,30,315.0,256.0,0.0,3,0.0,true,"City18(Day 2) -> City22(Day 5)"
95,31,386.0,529.0,0.0,3,0.0,true,"City16(Day 0) -> City22(Day 2) -> City18(Day 4)"
95,32,543.0,676.0,0.0,3,0.0,true,"City14(Day 1) -> City4(Day 4) -> City18(Day 5)"
95,33,258.0,225.0,0.0,3,0.0,true,"City16(Day 1) -> City18(Day 5)"
95,34,234.0,121.0,0.0,3,0.0,true,"City16(Day 1) -> City19(Day 3)"
95,35,343.0,289.0,0.0,3,0.0,true,"City14(Day 1) -> City18(Day 4)"
95,36,190.0,64.0,0.0,3,0.0,true,"City18(Day 5)"
95,37,181.0,16.0,0.0,3,0.0,true,"City19(Day 0)"
95,38,352.0,361.0,0.0,3,0.0,true,"City19(Day 2) -> City16(Day 3) -> City18(Day 4)"
95,39,361.0,441.0,0.0,4,0.0,true,"City16(Day 0) -> City18(Day 1) -> City24(Day 3)"
95,40,426.0,576.0,0.0,4,0.0,true,"City4(Day 2) -> City16(Day 3) -> City18(Day 5)"
95,41,191.0,36.0,0.0,4,0.0,true,"City24(Day 2)"
95,42,544.0,676.0,0.0,4,0.0,true,"City4(Day 1) -> City14(Day 2) -> City18(Day 3)"
95,43,388.0,529.0,0.0,4,0.0,true,"City16(Day 0) -> City18(Day 1) -> City22(Day 5)"
95,44,197.0,49.0,0.0,4,0.0,true,"City16(Day 4)"
95,45,188.0,16.0,0.0,4,0.0,true,"City19(Day 6)"
95,46,355.0,289.0,0.0,4,0.0,true,"City16(Day 1) -> City19(Day 2) -> City24(Day 3)"
95,47,483.0,625.0,0.0,4,0.0,true,"City14(Day 1) -> City18(Day 3) -> City22(Day 6)"
95,48,260.0,225.0,0.0,4,0.0,true,"City16(Day 0) -> City18(Day 5)"
95,49,356.0,361.0,0.0,4,0.0,true,"City16(Day 0) -> City18(Day 1) -> City19(Day 3)"
95,50,356.0,361.0,0.0,4,0.0,true,"City19(Day 3) -> City16(Day 4) -> City18(Day 5)"
95,51,320.0,256.0,0.0,4,0.0,true,"City22(Day 2) -> City18(Day 4)"
95,52,236.0,121.0,0.0,4,0.0,true,"City16(Day 0) -> City19(Day 3)"
95,53,215.0,64.0,0.0,4,0.0,true,"City22(Day 1)"
95,54,192.0,36.0,0.0,5,0.0,true,"City24(Day 3)"
95,55,545.0,676.0,0.0,5,0.0,true,"City4(Day 1) -> City14(Day 3) -> City18(Day 4)"
95,56,191.0,16.0,0.0,5,0.0,true,"City12(Day 1)"
95,57,362.0,441.0,0.0,5,0.0,true,"City16(Day 0) -> City24(Day 2) -> City18(Day 4)"
95,58,360.0,361.0,0.0,5,0.0,true,"City16(Day 1) -> City18(Day 2) -> City19(Day 3)"
95,59,322.0,256.0,0.0,5,0.0,true,"City14(Day 1) -> City16(Day 6)"
95,60,484.0,625.0,0.0,5,0.0,true,"City4(Day 2) -> City22(Day 3) -> City18(Day 4)"
95,61,322.0,256.0,0.0,5,0.0,true,"City14(Day 4) -> City16(Day 6)"
95,62,435.0,576.0,0.0,5,0.0,true,"City18(Day 4) -> City14(Day 5) -> City16(Day 6)"
95,63,250.0,121.0,0.0,5,0.0,true,"City16(Day 1) -> City12(Day 3)"
95,64,271.0,225.0,0.0,5,0.0,true,"City16(Day 4) -> City18(Day 5)"
95,65,269.0,169.0,0.0,5,0.0,true,"City16(Day 2) -> City24(Day 3)"
95,66,392.0,529.0,0.0,5,0.0,true,"City16(Day 1) -> City18(Day 2) -> City22(Day 5)"
95,67,200.0,49.0,0.0,5,0.0,true,"City16(Day 0)"
95,68,356.0,289.0,0.0,5,0.0,true,"City14(Day 1) -> City18(Day 3)"
95,69,224.0,64.0,0.0,5,0.0,true,"City22(Day 6)"
95,70,265.0,144.0,0.0,5,0.0,true,"City19(Day 3) -> City22(Day 6)"
95,71,203.0,9.0,0.0,6,0.0,true,"City6(Day 1)"
95,72,332.0,256.0,0.0,6,0.0,true,"City18(Day 4) -> City22(Day 6)"
95,73,524.0,625.0,0.0,6,0.0,true,"City22(Day 3) -> City18(Day 4) -> City14(Day 5)"
95,74,306.0,196.0,0.0,6,0.0,true,"City21(Day 1) -> City18(Day 4)"
95,75,367.0,441.0,0.0,6,0.0,true,"City16(Day 0) -> City18(Day 2) -> City24(Day 3)"
96,1,382.0,529.0,0.0,1,0.0,true,"City16(Day 1) -> City18(Day 4) -> City22(Day 5)"
96,2,232.0,169.0,0.0,1,0.0,true,"City16(Day 1) -> City24(Day 3)"
96,3,136.0,16.0,0.0,1,0.0,true,"City19(Day 3)"
96,4,405.0,576.0,0.0,1,0.0,true,"City4(Day 2) -> City16(Day 3) -> City18(Day 4)"
96,5,531.0,676.0,0.0,1,0.0,true,"City4(Day 1) -> City14(Day 2) -> City18(Day 4)"
96,6,309.0,256.0,0.0,1,0.0,true,"City22(Day 3) -> City18(Day 4)"
96,7,346.0,441.0,0.0,1,0.0,true,"City16(Day 1) -> City24(Day 3) -> City18(Day 4)"
96,8,165.0,64.0,0.0,1,0.0,true,"City18(Day 4)"
96,9,459.0,625.0,0.0,1,0.0,true,"City14(Day 1) -> City22(Day 2) -> City18(Day 4)"
96,10,341.0,361.0,0.0,1,0.0,true,"City19(Day 0) -> City16(Day 3) -> City18(Day 4)"
96,11,237.0,225.0,0.0,1,0.0,true,"City16(Day 1) -> City18(Day 4)"
96,12,154.0,49.0,0.0,1,0.0,true,"City16(Day 6)"
96,13,532.0,676.0,0.0,2,0.0,true,"City4(Day 2) -> City14(Day 3) -> City18(Day 4)"
96,14,384.0,529.0,0.0,2,0.0,true,"City16(Day 1) -> City22(Day 2) -> City18(Day 4)"
96,15,423.0,576.0,0.0,2,0.0,true,"City16(Day 0) -> City14(Day 1) -> City18(Day 4)"
96,16,239.0,225.0,0.0,2,0.0,true,"City16(Day 0) -> City18(Day 4)"
96,17,310.0,256.0,0.0,2,0.0,true,"City18(Day 4) -> City22(Day 5)"
96,18,384.0,529.0,0.0,2,0.0,true,"City16(Day 0) -> City18(Day 4) -> City22(Day 5)"
96,19,169.0,64.0,0.0,2,0.0,true,"City22(Day 5)"
96,20,234.0,169.0,0.0,2,0.0,true,"City16(Day 0) -> City24(Day 3)"
96,21,461.0,625.0,0.0,2,0.0,true,"City14(Day 1) -> City18(Day 3) -> City22(Day 5)"
96,22,348.0,441.0,0.0,2,0.0,true,"City16(Day 0) -> City24(Day 3) -> City18(Day 4)"
96,23,168.0,49.0,0.0,2,0.0,true,"City16(Day 1)"
96,24,153.0,16.0,0.0,2,0.0,true,"City12(Day 3)"
96,25,342.0,361.0,0.0,2,0.0,true,"City19(Day 1) -> City16(Day 3) -> City18(Day 4)"
96,26,190.0,64.0,0.0,3,0.0,true,"City18(Day 5)"
96,27,234.0,121.0,0.0,3,0.0,true,"City16(Day 1) -> City19(Day 3)"
96,28,258.0,225.0,0.0,3,0.0,true,"City16(Day 1) -> City18(Day 5)"
96,29,343.0,289.0,0.0,3,0.0,true,"City14(Day 1) -> City18(Day 4)"
96,30,386.0,529.0,0.0,3,0.0,true,"City16(Day 0) -> City22(Day 2) -> City18(Day 4)"
96,31,181.0,16.0,0.0,3,0.0,true,"City19(Day 0)"
96,32,315.0,256.0,0.0,3,0.0,true,"City18(Day 2) -> City22(Day 5)"
96,33,352.0,361.0,0.0,3,0.0,true,"City19(Day 2) -> City16(Day 3) -> City18(Day 4)"
96,34,476.0,625.0,0.0,3,0.0,true,"City14(Day 1) -> City22(Day 2) -> City18(Day 3)"
96,35,543.0,676.0,0.0,3,0.0,true,"City14(Day 1) -> City4(Day 4) -> City18(Day 5)"
96,36,424.0,576.0,0.0,3,0.0,true,"City14(Day 1) -> City16(Day 3) -> City18(Day 4)"
96,37,251.0,196.0,0.0,3,0.0,true,"City24(Day 2) -> City18(Day 4)"
96,38,360.0,441.0,0.0,3,0.0,true,"City16(Day 1) -> City24(Day 2) -> City18(Day 4)"
96,39,320.0,256.0,0.0,4,0.0,true,"City22(Day 2) -> City18(Day 4)"
96,40,188.0,16.0,0.0,4,0.0,true,"City19(Day 6)"
96,41,544.0,676.0,0.0,4,0.0,true,"City4(Day 1) -> City14(Day 2) -> City18(Day 3)"
96,42,191.0,36.0,0.0,4,0.0,true,"City24(Day 2)"
96,43,426.0,576.0,0.0,4,0.0,true,"City4(Day 2) -> City16(Day 3) -> City18(Day 5)"
96,44,356.0,361.0,0.0,4,0.0,true,"City16(Day 0) -> City18(Day 1) -> City19(Day 3)"
96,45,260.0,225.0,0.0,4,0.0,true,"City16(Day 0) -> City18(Day 5)"
96,46,236.0,121.0,0.0,4,0.0,true,"City16(Day 0) -> City19(Day 3)"
96,47,483.0,625.0,0.0,4,0.0,true,"City14(Day 1) -> City18(Day 3) -> City22(Day 6)"
96,48,215.0,64.0,0.0,4,0.0,true,"City22(Day 1)"
96,49,388.0,529.0,0.0,4,0.0,true,"City16(Day 0) -> City18(Day 1) -> City22(Day 5)"
96,50,197.0,49.0,0.0,4,0.0,true,"City16(Day 4)"
96,51,356.0,361.0,0.0,4,0.0,true,"City19(Day 3) -> City16(Day 4) -> City18(Day 5)"
96,52,355.0,289.0,0.0,4,0.0,true,"City16(Day 1) -> City19(Day 2) -> City24(Day 3)"
96,53,361.0,441.0,0.0,4,0.0,true,"City16(Day 0) -> City18(Day 1) -> City24(Day 3)"
96,54,191.0,16.0,0.0,5,0.0,true,"City12(Day 1)"
96,55,271.0,225.0,0.0,5,0.0,true,"City16(Day 4) -> City18(Day 5)"
96,56,362.0,441.0,0.0,5,0.0,true,"City16(Day 0) -> City24(Day 2) -> City18(Day 4)"
96,57,360.0,361.0,0.0,5,0.0,true,"City16(Day 1) -> City18(Day 2) -> City19(Day 3)"
96,58,322.0,256.0,0.0,5,0.0,true,"City14(Day 4) -> City16(Day 6)"
96,59,250.0,121.0,0.0,5,0.0,true,"City16(Day 1) -> City12(Day 3)"
96,60,224.0,64.0,0.0,5,0.0,true,"City22(Day 6)"
96,61,269.0,169.0,0.0,5,0.0,true,"City16(Day 2) -> City24(Day 3)"
96,62,545.0,676.0,0.0,5,0.0,true,"City4(Day 1) -> City14(Day 3) -> City18(Day 4)"
96,63,484.0,625.0,0.0,5,0.0,true,"City4(Day 2) -> City22(Day 3) -> City18(Day 4)"
96,64,392.0,529.0,0.0,5,0.0,true,"City16(Day 1) -> City18(Day 2) -> City22(Day 5)"
96,65,192.0,36.0,0.0,5,0.0,true,"City24(Day 3)"
96,66,200.0,49.0,0.0,5,0.0,true,"City16(Day 0)"
96,67,265.0,144.0,0.0,5,0.0,true,"City19(Day 3) -> City22(Day 6)"
96,68,322.0,256.0,0.0,5,0.0,true,"City14(Day 1) -> City16(Day 6)"
96,69,435.0,576.0,0.0,5,0.0,true,"City18(Day 4) -> City14(Day 5) -> City16(Day 6)"
96,70,356.0,289.0,0.0,5,0.0,true,"City14(Day 1) -> City18(Day 3)"
96,71,365.0,441.0,0.0,6,0.0,true,"City16(Day 0) -> City24(Day 3) -> City22(Day 5)"
96,72,226.0,16.0,0.0,6,0.0,true,"City19(Day 2)"
96,73,332.0,256.0,0.0,6,0.0,true,"City18(Day 4) -> City22(Day 6)"
96,74,524.0,625.0,0.0,6,0.0,true,"City22(Day 3) -> City18(Day 4) -> City14(Day 5)"
96,75,454.0,576.0,0.0,6,0.0,true,"City14(Day 1) -> City16(Day 4) -> City18(Day 5)"
97,1,232.0,169.0,0.0,1,0.0,true,"City16(Day 1) -> City24(Day 3)"
97,2,165.0,64.0,0.0,1,0.0,true,"City18(Day 4)"
97,3,382.0,529.0,0.0,1,0.0,true,"City16(Day 1) -> City18(Day 4) -> City22(Day 5)"
97,4,341.0,361.0,0.0,1,0.0,true,"City19(Day 0) -> City16(Day 3) -> City18(Day 4)"
97,5,154.0,49.0,0.0,1,0.0,true,"City16(Day 6)"
97,6,136.0,16.0,0.0,1,0.0,true,"City19(Day 3)"
97,7,237.0,225.0,0.0,1,0.0,true,"City16(Day 1) -> City18(Day 4)"
97,8,531.0,676.0,0.0,1,0.0,true,"City4(Day 1) -> City14(Day 2) -> City18(Day 4)"
97,9,405.0,576.0,0.0,1,0.0,true,"City4(Day 2) -> City16(Day 3) -> City18(Day 4)"
97,10,459.0,625.0,0.0,1,0.0,true,"City14(Day 1) -> City22(Day 2) -> City18(Day 4)"
97,11,346.0,441.0,0.0,1,0.0,true,"City16(Day 1) -> City24(Day 3) -> City18(Day 4)"
97,12,309.0,256.0,0.0,1,0.0,true,"City22(Day 3) -> City18(Day 4)"
97,13,239.0,225.0,0.0,2,0.0,true,"City16(Day 0) -> City18(Day 4)"
97,14,348.0,441.0,0.0,2,0.0,true,"City16(Day 0) -> City24(Day 3) -> City18(Day 4)"
97,15,384.0,529.0,0.0,2,0.0,true,"City16(Day 0) -> City18(Day 4) -> City22(Day 5)"
97,16,532.0,676.0,0.0,2,0.0,true,"City4(Day 2) -> City14(Day 3) -> City18(Day 4)"
97,17,153.0,16.0,0.0,2,0.0,true,"City12(Day 3)"
97,18,423.0,576.0,0.0,2,0.0,true,"City16(Day 0) -> City14(Day 1) -> City18(Day 4)"
97,19,342.0,361.0,0.0,2,0.0,true,"City19(Day 1) -> City16(Day 3) -> City18(Day 4)"
97,20,310.0,256.0,0.0,2,0.0,true,"City18(Day 4) -> City22(Day 5)"
97,21,168.0,49.0,0.0,2,0.0,true,"City16(Day 1)"
97,22,384.0,529.0,0.0,2,0.0,true,"City16(Day 1) -> City22(Day 2) -> City18(Day 4)"
97,23,461.0,625.0,0.0,2,0.0,true,"City14(Day 1) -> City18(Day 3) -> City22(Day 5)"
97,24,169.0,64.0,0.0,2,0.0,true,"City22(Day 5)"
97,25,234.0,169.0,0.0,2,0.0,true,"City16(Day 0) -> City24(Day 3)"
97,26,315.0,256.0,0.0,3,0.0,true,"City18(Day 2) -> City22(Day 5)"
97,27,258.0,225.0,0.0,3,0.0,true,"City16(Day 1) -> City18(Day 5)"
97,28,386.0,529.0,0.0,3,0.0,true,"City16(Day 0) -> City22(Day 2) -> City18(Day 4)"
97,29,234.0,121.0,0.0,3,0.0,true,"City16(Day 1) -> City19(Day 3)"
97,30,476.0,625.0,0.0,3,0.0,true,"City14(Day 1) -> City22(Day 2) -> City18(Day 3)"
97,31,424.0,576.0,0.0,3,0.0,true,"City14(Day 1) -> City16(Day 3) -> City18(Day 4)"
97,32,343.0,289.0,0.0,3,0.0,true,"City14(Day 1) -> City18(Day 4)"
97,33,360.0,441.0,0.0,3,0.0,true,"City16(Day 1) -> City24(Day 2) -> City18(Day 4)"
97,34,543.0,676.0,0.0,3,0.0,true,"City14(Day 1) -> City4(Day 4) -> City18(Day 5)"
97,35,181.0,16.0,0.0,3,0.0,true,"City19(Day 0)"
97,36,190.0,64.0,0.0,3,0.0,true,"City18(Day 5)"
97,37,352.0,361.0,0.0,3,0.0,true,"City19(Day 2) -> City16(Day 3) -> City18(Day 4)"
97,38,251.0,196.0,0.0,3,0.0,true,"City24(Day 2) -> City18(Day 4)"
97,39,355.0,289.0,0.0,4,0.0,true,"City16(Day 1) -> City19(Day 2) -> City24(Day 3)"
97,40,320.0,256.0,0.0,4,0.0,true,"City22(Day 2) -> City18(Day 4)"
97,41,260.0,225.0,0.0,4,0.0,true,"City16(Day 0) -> City18(Day 5)"
97,42,215.0,64.0,0.0,4,0.0,true,"City22(Day 1)"
97,43,356.0,361.0,0.0,4,0.0,true,"City16(Day 0) -> City18(Day 1) -> City19(Day 3)"
97,44,361.0,441.0,0.0,4,0.0,true,"City16(Day 0) -> City18(Day 1) -> City24(Day 3)"
97,45,483.0,625.0,0.0,4,0.0,true,"City14(Day 1) -> City18(Day 3) -> City22(Day 6)"
97,46,388.0,529.0,0.0,4,0.0,true,"City16(Day 0) -> City18(Day 1) -> City22(Day 5)"
97,47,191.0,36.0,0.0,4,0.0,true,"City24(Day 2)"
97,48,544.0,676.0,0.0,4,0.0,true,"City4(Day 1) -> City14(Day 2) -> City18(Day 3)"
97,49,356.0,361.0,0.0,4,0.0,true,"City19(Day 3) -> City16(Day 4) -> City18(Day 5)"
97,50,197.0,49.0,0.0,4,0.0,true,"City16(Day 4)"
97,51,188.0,16.0,0.0,4,0.0,true,"City19(Day 6)"
97,52,236.0,121.0,0.0,4,0.0,true,"City16(Day 0) -> City19(Day 3)"
97,53,426.0,576.0,0.0,4,0.0,true,"City4(Day 2) -> City16(Day 3) -> City18(Day 5)"
97,54,269.0,169.0,0.0,5,0.0,true,"City16(Day 2) -> City24(Day 3)"
97,55,224.0,64.0,0.0,5,0.0,true,"City22(Day 6)"
97,56,362.0,441.0,0.0,5,0.0,true,"City16(Day 0) -> City24(Day 2) -> City18(Day 4)"
97,57,200.0,49.0,0.0,5,0.0,true,"City16(Day 0)"
97,58,484.0,625.0,0.0,5,0.0,true,"City4(Day 2) -> City22(Day 3) -> City18(Day 4)"
97,59,356.0,289.0,0.0,5,0.0,true,"City14(Day 1) -> City18(Day 3)"
97,60,322.0,256.0,0.0,5,0.0,true,"City14(Day 1) -> City16(Day 6)"
97,61,271.0,225.0,0.0,5,0.0,true,"City16(Day 4) -> City18(Day 5)"
97,62,322.0,256.0,0.0,5,0.0,true,"City14(Day 4) -> City16(Day 6)"
97,63,392.0,529.0,0.0,5,0.0,true,"City16(Day 1) -> City18(Day 2) -> City22(Day 5)"
97,64,360.0,361.0,0.0,5,0.0,true,"City16(Day 1) -> City18(Day 2) -> City19(Day 3)"
97,65,435.0,576.0,0.0,5,0.0,true,"City18(Day 4) -> City14(Day 5) -> City16(Day 6)"
97,66,192.0,36.0,0.0,5,0.0,true,"City24(Day 3)"
97,67,265.0,144.0,0.0,5,0.0,true,"City19(Day 3) -> City22(Day 6)"
97,68,250.0,121.0,0.0,5,0.0,true,"City16(Day 1) -> City12(Day 3)"
97,69,191.0,16.0,0.0,5,0.0,true,"City12(Day 1)"
97,70,545.0,676.0,0.0,5,0.0,true,"City4(Day 1) -> City14(Day 3) -> City18(Day 4)"
97,71,449.0,576.0,0.0,6,0.0,true,"City16(Day 0) -> City14(Day 3) -> City18(Day 4)"
97,72,240.0,64.0,0.0,6,0.0,true,"City18(Day 3)"
97,73,265.0,81.0,0.0,6,0.0,true,"City14(Day 3)"
97,74,365.0,441.0,0.0,6,0.0,true,"City16(Day 0) -> City24(Day 3) -> City22(Day 5)"
97,75,332.0,256.0,0.0,6,0.0,true,"City18(Day 4) -> City22(Day 6)"
98,1,237.0,225.0,0.0,1,0.0,true,"City16(Day 1) -> City18(Day 4)"
98,2,531.0,676.0,0.0,1,0.0,true,"City4(Day 1) -> City14(Day 2) -> City18(Day 4)"
98,3,309.0,256.0,0.0,1,0.0,true,"City22(Day 3) -> City18(Day 4)"
98,4,346.0,441.0,0.0,1,0.0,true,"City16(Day 1) -> City24(Day 3) -> City18(Day 4)"
98,5,232.0,169.0,0.0,1,0.0,true,"City16(Day 1) -> City24(Day 3)"
98,6,382.0,529.0,0.0,1,0.0,true,"City16(Day 1) -> City18(Day 4) -> City22(Day 5)"
98,7,405.0,576.0,0.0,1,0.0,true,"City4(Day 2) -> City16(Day 3) -> City18(Day 4)"
98,8,154.0,49.0,0.0,1,0.0,true,"City16(Day 6)"
98,9,341.0,361.0,0.0,1,0.0,true,"City19(Day 0) -> City16(Day 3) -> City18(Day 4)"
98,10,459.0,625.0,0.0,1,0.0,true,"City14(Day 1) -> City22(Day 2) -> City18(Day 4)"
98,11,136.0,16.0,0.0,1,0.0,true,"City19(Day 3)"
98,12,165.0,64.0,0.0,1,0.0,true,"City18(Day 4)"
98,13,153.0,16.0,0.0,2,0.0,true,"City12(Day 3)"
98,14,461.0,625.0,0.0,2,0.0,true,"City14(Day 1) -> City18(Day 3) -> City22(Day 5)"
98,15,384.0,529.0,0.0,2,0.0,true,"City16(Day 0) -> City18(Day 4) -> City22(Day 5)"
98,16,348.0,441.0,0.0,2,0.0,true,"City16(Day 0) -> City24(Day 3) -> City18(Day 4)"
98,17,169.0,64.0,0.0,2,0.0,true,"City22(Day 5)"
98,18,532.0,676.0,0.0,2,0.0,true,"City4(Day 2) -> City14(Day 3) -> City18(Day 4)"
98,19,342.0,361.0,0.0,2,0.0,true,"City19(Day 1) -> City16(Day 3) -> City18(Day 4)"
98,20,423.0,576.0,0.0,2,0.0,true,"City16(Day 0) -> City14(Day 1) -> City18(Day 4)"
98,21,239.0,225.0,0.0,2,0.0,true,"City16(Day 0) -> City18(Day 4)"
98,22,310.0,256.0,0.0,2,0.0,true,"City18(Day 4) -> City22(Day 5)"
98,23,384.0,529.0,0.0,2,0.0,true,"City16(Day 1) -> City22(Day 2) -> City18(Day 4)"
98,24,168.0,49.0,0.0,2,0.0,true,"City16(Day 1)"
98,25,234.0,169.0,0.0,2,0.0,true,"City16(Day 0) -> City24(Day 3)"
98,26,543.0,676.0,0.0,3,0.0,true,"City14(Day 1) -> City4(Day 4) -> City18(Day 5)"
98,27,476.0,625.0,0.0,3,0.0,true,"City14(Day 1) -> City22(Day 2) -> City18(Day 3)"
98,28,424.0,576.0,0.0,3,0.0,true,"City14(Day 1) -> City16(Day 3) -> City18(Day 4)"
98,29,315.0,256.0,0.0,3,0.0,true,"City18(Day 2) -> City22(Day 5)"
98,30,181.0,16.0,0.0,3,0.0,true,"City19(Day 0)"
98,31,352.0,361.0,0.0,3,0.0,true,"City19(Day 2) -> City16(Day 3) -> City18(Day 4)"
98,32,190.0,64.0,0.0,3,0.0,true,"City18(Day 5)"
98,33,386.0,529.0,0.0,3,0.0,true,"City16(Day 0) -> City22(Day 2) -> City18(Day 4)"
98,34,251.0,196.0,0.0,3,0.0,true,"City24(Day 2) -> City18(Day 4)"
98,35,234.0,121.0,0.0,3,0.0,true,"City16(Day 1) -> City19(Day 3)"
98,36,360.0,441.0,0.0,3,0.0,true,"City16(Day 1) -> City24(Day 2) -> City18(Day 4)"
98,37,343.0,289.0,0.0,3,0.0,true,"City14(Day 1) -> City18(Day 4)"
98,38,258.0,225.0,0.0,3,0.0,true,"City16(Day 1) -> City18(Day 5)"
98,39,236.0,121.0,0.0,4,0.0,true,"City16(Day 0) -> City19(Day 3)"
98,40,361.0,441.0,0.0,4,0.0,true,"City16(Day 0) -> City18(Day 1) -> City24(Day 3)"
98,41,188.0,16.0,0.0,4,0.0,true,"City19(Day 6)"
98,42,544.0,676.0,0.0,4,0.0,true,"City4(Day 1) -> City14(Day 2) -> City18(Day 3)"
98,43,483.0,625.0,0.0,4,0.0,true,"City14(Day 1) -> City18(Day 3) -> City22(Day 6)"
98,44,355.0,289.0,0.0,4,0.0,true,"City16(Day 1) -> City19(Day 2) -> City24(Day 3)"
98,45,260.0,225.0,0.0,4,0.0,true,"City16(Day 0) -> City18(Day 5)"
98,46,426.0,576.0,0.0,4,0.0,true,"City4(Day 2) -> City16(Day 3) -> City18(Day 5)"
98,47,215.0,64.0,0.0,4,0.0,true,"City22(Day 1)"
98,48,191.0,36.0,0.0,4,0.0,true,"City24(Day 2)"
98,49,320.0,256.0,0.0,4,0.0,true,"City22(Day 2) -> City18(Day 4)"
98,50,197.0,49.0,0.0,4,0.0,true,"City16(Day 4)"
98,51,356.0,361.0,0.0,4,0.0,true,"City16(Day 0) -> City18(Day 1) -> City19(Day 3)"
98,52,356.0,361.0,0.0,4,0.0,true,"City19(Day 3) -> City16(Day 4) -> City18(Day 5)"
98,53,388.0,529.0,0.0,4,0.0,true,"City16(Day 0) -> City18(Day 1) -> City22(Day 5)"
98,54,484.0,625.0,0.0,5,0.0,true,"City4(Day 2) -> City22(Day 3) -> City18(Day 4)"
98,55,360.0,361.0,0.0,5,0.0,true,"City16(Day 1) -> City18(Day 2) -> City19(Day 3)"
98,56,322.0,256.0,0.0,5,0.0,true,"City14(Day 4) -> City16(Day 6)"
98,57,191.0,16.0,0.0,5,0.0,true,"City12(Day 1)"
98,58,356.0,289.0,0.0,5,0.0,true,"City14(Day 1) -> City18(Day 3)"
98,59,271.0,225.0,0.0,5,0.0,true,"City16(Day 4) -> City18(Day 5)"
98,60,269.0,169.0,0.0,5,0.0,true,"City16(Day 2) -> City24(Day 3)"
98,61,200.0,49.0,0.0,5,0.0,true,"City16(Day 0)"
98,62,392.0,529.0,0.0,5,0.0,true,"City16(Day 1) -> City18(Day 2) -> City22(Day 5)"
98,63,362.0,441.0,0.0,5,0.0,true,"City16(Day 0) -> City24(Day 2) -> City18(Day 4)"
98,64,192.0,36.0,0.0,5,0.0,true,"City24(Day 3)"
98,65,322.0,256.0,0.0,5,0.0,true,"City14(Day 1) -> City16(Day 6)"
98,66,250.0,121.0,0.0,5,0.0,true,"City16(Day 1) -> City12(Day 3)"
98,67,224.0,64.0,0.0,5,0.0,true,"City22(Day 6)"
98,68,265.0,144.0,0.0,5,0.0,true,"City19(Day 3) -> City22(Day 6)"
98,69,545.0,676.0,0.0,5,0.0,true,"City4(Day 1) -> City14(Day 3) -> City18(Day 4)"
98,70,435.0,576.0,0.0,5,0.0,true,"City18(Day 4) -> City14(Day 5) -> City16(Day 6)"
98,71,449.0,576.0,0.0,6,0.0,true,"City16(Day 0) -> City14(Day 3) -> City18(Day 4)"
98,72,232.0,49.0,0.0,6,0.0,true,"City16(Day 2)"
98,73,404.0,529.0,0.0,6,0.0,true,"City16(Day 1) -> City18(Day 4) -> City22(Day 6)"
98,74,596.0,625.0,0.0,6,0.0,true,"City22(Day 3) -> City18(Day 4) -> City4(Day 5)"
98,75,240.0,64.0,0.0,6,0.0,true,"City18(Day 3)"
99,1,531.0,676.0,0.0,1,0.0,true,"City4(Day 1) -> City14(Day 2) -> City18(Day 4)"
99,2,309.0,256.0,0.0,1,0.0,true,"City22(Day 3) -> City18(Day 4)"
99,3,405.0,576.0,0.0,1,0.0,true,"City4(Day 2) -> City16(Day 3) -> City18(Day 4)"
99,4,165.0,64.0,0.0,1,0.0,true,"City18(Day 4)"
99,5,382.0,529.0,0.0,1,0.0,true,"City16(Day 1) -> City18(Day 4) -> City22(Day 5)"
99,6,154.0,49.0,0.0,1,0.0,true,"City16(Day 6)"
99,7,237.0,225.0,0.0,1,0.0,true,"City16(Day 1) -> City18(Day 4)"
99,8,232.0,169.0,0.0,1,0.0,true,"City16(Day 1) -> City24(Day 3)"
99,9,459.0,625.0,0.0,1,0.0,true,"City14(Day 1) -> City22(Day 2) -> City18(Day 4)"
99,10,136.0,16.0,0.0,1,0.0,true,"City19(Day 3)"
99,11,346.0,441.0,0.0,1,0.0,true,"City16(Day 1) -> City24(Day 3) -> City18(Day 4)"
99,12,341.0,361.0,0.0,1,0.0,true,"City19(Day 0) -> City16(Day 3) -> City18(Day 4)"
99,13,239.0,225.0,0.0,2,0.0,true,"City16(Day 0) -> City18(Day 4)"
99,14,423.0,576.0,0.0,2,0.0,true,"City16(Day 0) -> City14(Day 1) -> City18(Day 4)"
99,15,348.0,441.0,0.0,2,0.0,true,"City16(Day 0) -> City24(Day 3) -> City18(Day 4)"
99,16,384.0,529.0,0.0,2,0.0,true,"City16(Day 0) -> City18(Day 4) -> City22(Day 5)"
99,17,342.0,361.0,0.0,2,0.0,true,"City19(Day 1) -> City16(Day 3) -> City18(Day 4)"
99,18,532.0,676.0,0.0,2,0.0,true,"City4(Day 2) -> City14(Day 3) -> City18(Day 4)"
99,19,169.0,64.0,0.0,2,0.0,true,"City22(Day 5)"
99,20,384.0,529.0,0.0,2,0.0,true,"City16(Day 1) -> City22(Day 2) -> City18(Day 4)"
99,21,153.0,16.0,0.0,2,0.0,true,"City12(Day 3)"
99,22,461.0,625.0,0.0,2,0.0,true,"City14(Day 1) -> City18(Day 3) -> City22(Day 5)"
99,23,168.0,49.0,0.0,2,0.0,true,"City16(Day 1)"
99,24,310.0,256.0,0.0,2,0.0,true,"City18(Day 4) -> City22(Day 5)"
99,25,234.0,169.0,0.0,2,0.0,true,"City16(Day 0) -> City24(Day 3)"
99,26,251.0,196.0,0.0,3,0.0,true,"City24(Day 2) -> City18(Day 4)"
99,27,181.0,16.0,0.0,3,0.0,true,"City19(Day 0)"
99,28,315.0,256.0,0.0,3,0.0,true,"City18(Day 2) -> City22(Day 5)"
99,29,190.0,64.0,0.0,3,0.0,true,"City18(Day 5)"
99,30,360.0,441.0,0.0,3,0.0,true,"City16(Day 1) -> City24(Day 2) -> City18(Day 4)"
99,31,543.0,676.0,0.0,3,0.0,true,"City14(Day 1) -> City4(Day 4) -> City18(Day 5)"
99,32,386.0,529.0,0.0,3,0.0,true,"City16(Day 0) -> City22(Day 2) -> City18(Day 4)"
99,33,352.0,361.0,0.0,3,0.0,true,"City19(Day 2) -> City16(Day 3) -> City18(Day 4)"
99,34,234.0,121.0,0.0,3,0.0,true,"City16(Day 1) -> City19(Day 3)"
99,35,343.0,289.0,0.0,3,0.0,true,"City14(Day 1) -> City18(Day 4)"
99,36,424.0,576.0,0.0,3,0.0,true,"City14(Day 1) -> City16(Day 3) -> City18(Day 4)"
99,37,476.0,625.0,0.0,3,0.0,true,"City14(Day 1) -> City22(Day 2) -> City18(Day 3)"
99,38,258.0,225.0,0.0,3,0.0,true,"City16(Day 1) -> City18(Day 5)"
99,39,388.0,529.0,0.0,4,0.0,true,"City16(Day 0) -> City18(Day 1) -> City22(Day 5)"
99,40,355.0,289.0,0.0,4,0.0,true,"City16(Day 1) -> City19(Day 2) -> City24(Day 3)"
99,41,320.0,256.0,0.0,4,0.0,true,"City22(Day 2) -> City18(Day 4)"
99,42,188.0,16.0,0.0,4,0.0,true,"City19(Day 6)"
99,43,356.0,361.0,0.0,4,0.0,true,"City19(Day 3) -> City16(Day 4) -> City18(Day 5)"
99,44,260.0,225.0,0.0,4,0.0,true,"City16(Day 0) -> City18(Day 5)"
99,45,236.0,121.0,0.0,4,0.0,true,"City16(Day 0) -> City19(Day 3)"
99,46,215.0,64.0,0.0,4,0.0,true,"City22(Day 1)"
99,47,197.0,49.0,0.0,4,0.0,true,"City16(Day 4)"
99,48,356.0,361.0,0.0,4,0.0,true,"City16(Day 0) -> City18(Day 1) -> City19(Day 3)"
99,49,483.0,625.0,0.0,4,0.0,true,"City14(Day 1) -> City18(Day 3) -> City22(Day 6)"
99,50,361.0,441.0,0.0,4,0.0,true,"City16(Day 0) -> City18(Day 1) -> City24(Day 3)"
99,51,191.0,36.0,0.0,4,0.0,true,"City24(Day 2)"
99,52,544.0,676.0,0.0,4,0.0,true,"City4(Day 1) -> City14(Day 2) -> City18(Day 3)"
99,53,426.0,576.0,0.0,4,0.0,true,"City4(Day 2) -> City16(Day 3) -> City18(Day 5)"
99,54,224.0,64.0,0.0,5,0.0,true,"City22(Day 6)"
99,55,271.0,225.0,0.0,5,0.0,true,"City16(Day 4) -> City18(Day 5)"
99,56,356.0,289.0,0.0,5,0.0,true,"City14(Day 1) -> City18(Day 3)"
99,57,200.0,49.0,0.0,5,0.0,true,"City16(Day 0)"
99,58,322.0,256.0,0.0,5,0.0,true,"City14(Day 1) -> City16(Day 6)"
99,59,362.0,441.0,0.0,5,0.0,true,"City16(Day 0) -> City24(Day 2) -> City18(Day 4)"
99,60,191.0,16.0,0.0,5,0.0,true,"City12(Day 1)"
99,61,392.0,529.0,0.0,5,0.0,true,"City16(Day 1) -> City18(Day 2) -> City22(Day 5)"
99,62,265.0,144.0,0.0,5,0.0,true,"City19(Day 3) -> City22(Day 6)"
99,63,250.0,121.0,0.0,5,0.0,true,"City16(Day 1) -> City12(Day 3)"
99,64,484.0,625.0,0.0,5,0.0,true,"City4(Day 2) -> City22(Day 3) -> City18(Day 4)"
99,65,269.0,169.0,0.0,5,0.0,true,"City16(Day 2) -> City24(Day 3)"
99,66,435.0,576.0,0.0,5,0.0,true,"City18(Day 4) -> City14(Day 5) -> City16(Day 6)"
99,67,192.0,36.0,0.0,5,0.0,true,"City24(Day 3)"
99,68,322.0,256.0,0.0,5,0.0,true,"City14(Day 4) -> City16(Day 6)"
99,69,545.0,676.0,0.0,5,0.0,true,"City4(Day 1) -> City14(Day 3) -> City18(Day 4)"
99,70,360.0,361.0,0.0,5,0.0,true,"City16(Day 1) -> City18(Day 2) -> City19(Day 3)"
99,71,449.0,576.0,0.0,6,0.0,true,"City16(Day 0) -> City14(Day 3) -> City18(Day 4)"
99,72,205.0,49.0,0.0,6,0.0,true,"City16(Day 5)"
99,73,379.0,441.0,0.0,6,0.0,true,"City16(Day 0) -> City18(Day 1) -> City24(Day 6)"
99,74,512.0,625.0,0.0,6,0.0,true,"City14(Day 1) -> City18(Day 2) -> City22(Day 5)"
99,75,283.0,144.0,0.0,6,0.0,true,"City18(Day 2) -> City19(Day 3)"
100,1,232.0,169.0,0.0,1,0.0,true,"City16(Day 1) -> City24(Day 3)"
100,2,165.0,64.0,0.0,1,0.0,true,"City18(Day 4)"
100,3,405.0,576.0,0.0,1,0.0,true,"City4(Day 2) -> City16(Day 3) -> City18(Day 4)"
100,4,237.0,225.0,0.0,1,0.0,true,"City16(Day 1) -> City18(Day 4)"
100,5,136.0,16.0,0.0,1,0.0,true,"City19(Day 3)"
100,6,341.0,361.0,0.0,1,0.0,true,"City19(Day 0) -> City16(Day 3) -> City18(Day 4)"
100,7,531.0,676.0,0.0,1,0.0,true,"City4(Day 1) -> City14(Day 2) -> City18(Day 4)"
100,8,459.0,625.0,0.0,1,0.0,true,"City14(Day 1) -> City22(Day 2) -> City18(Day 4)"
100,9,154.0,49.0,0.0,1,0.0,true,"City16(Day 6)"
100,10,309.0,256.0,0.0,1,0.0,true,"City22(Day 3) -> City18(Day 4)"
100,11,346.0,441.0,0.0,1,0.0,true,"City16(Day 1) -> City24(Day 3) -> City18(Day 4)"
100,12,382.0,529.0,0.0,1,0.0,true,"City16(Day 1) -> City18(Day 4) -> City22(Day 5)"
100,13,532.0,676.0,0.0,2,0.0,true,"City4(Day 2) -> City14(Day 3) -> City18(Day 4)"
100,14,234.0,169.0,0.0,2,0.0,true,"City16(Day 0) -> City24(Day 3)"
100,15,384.0,529.0,0.0,2,0.0,true,"City16(Day 0) -> City18(Day 4) -> City22(Day 5)"
100,16,153.0,16.0,0.0,2,0.0,true,"City12(Day 3)"
100,17,384.0,529.0,0.0,2,0.0,true,"City16(Day 1) -> City22(Day 2) -> City18(Day 4)"
100,18,310.0,256.0,0.0,2,0.0,true,"City18(Day 4) -> City22(Day 5)"
100,19,348.0,441.0,0.0,2,0.0,true,"City16(Day 0) -> City24(Day 3) -> City18(Day 4)"
100,20,461.0,625.0,0.0,2,0.0,true,"City14(Day 1) -> City18(Day 3) -> City22(Day 5)"
100,21,423.0,576.0,0.0,2,0.0,true,"City16(Day 0) -> City14(Day 1) -> City18(Day 4)"
100,22,239.0,225.0,0.0,2,0.0,true,"City16(Day 0) -> City18(Day 4)"
100,23,342.0,361.0,0.0,2,0.0,true,"City19(Day 1) -> City16(Day 3) -> City18(Day 4)"
100,24,169.0,64.0,0.0,2,0.0,true,"City22(Day 5)"
100,25,168.0,49.0,0.0,2,0.0,true,"City16(Day 1)"
100,26,543.0,676.0,0.0,3,0.0,true,"City14(Day 1) -> City4(Day 4) -> City18(Day 5)"
100,27,258.0,225.0,0.0,3,0.0,true,"City16(Day 1) -> City18(Day 5)"
100,28,234.0,121.0,0.0,3,0.0,true,"City16(Day 1) -> City19(Day 3)"
100,29,343.0,289.0,0.0,3,0.0,true,"City14(Day 1) -> City18(Day 4)"
100,30,251.0,196.0,0.0,3,0.0,true,"City24(Day 2) -> City18(Day 4)"
100,31,190.0,64.0,0.0,3,0.0,true,"City18(Day 5)"
100,32,360.0,441.0,0.0,3,0.0,true,"City16(Day 1) -> City24(Day 2) -> City18(Day 4)"
100,33,181.0,16.0,0.0,3,0.0,true,"City19(Day 0)"
100,34,476.0,625.0,0.0,3,0.0,true,"City14(Day 1) -> City22(Day 2) -> City18(Day 3)"
100,35,424.0,576.0,0.0,3,0.0,true,"City14(Day 1) -> City16(Day 3) -> City18(Day 4)"
100,36,386.0,529.0,0.0,3,0.0,true,"City16(Day 0) -> City22(Day 2) -> City18(Day 4)"
100,37,315.0,256.0,0.0,3,0.0,true,"City18(Day 2) -> City22(Day 5)"
100,38,352.0,361.0,0.0,3,0.0,true,"City19(Day 2) -> City16(Day 3) -> City18(Day 4)"
100,39,483.0,625.0,0.0,4,0.0,true,"City14(Day 1) -> City18(Day 3) -> City22(Day 6)"
100,40,361.0,441.0,0.0,4,0.0,true,"City16(Day 0) -> City18(Day 1) -> City24(Day 3)"
100,41,388.0,529.0,0.0,4,0.0,true,"City16(Day 0) -> City18(Day 1) -> City22(Day 5)"
100,42,236.0,121.0,0.0,4,0.0,true,"City16(Day 0) -> City19(Day 3)"
100,43,356.0,361.0,0.0,4,0.0,true,"City16(Day 0) -> City18(Day 1) -> City19(Day 3)"
100,44,197.0,49.0,0.0,4,0.0,true,"City16(Day 4)"
100,45,260.0,225.0,0.0,4,0.0,true,"City16(Day 0) -> City18(Day 5)"
100,46,215.0,64.0,0.0,4,0.0,true,"City22(Day 1)"
100,47,191.0,36.0,0.0,4,0.0,true,"City24(Day 2)"
100,48,426.0,576.0,0.0,4,0.0,true,"City4(Day 2) -> City16(Day 3) -> City18(Day 5)"
100,49,320.0,256.0,0.0,4,0.0,true,"City22(Day 2) -> City18(Day 4)"
100,50,355.0,289.0,0.0,4,0.0,true,"City16(Day 1) -> City19(Day 2) -> City24(Day 3)"
100,51,544.0,676.0,0.0,4,0.0,true,"City4(Day 1) -> City14(Day 2) -> City18(Day 3)"
100,52,356.0,361.0,0.0,4,0.0,true,"City19(Day 3) -> City16(Day 4) -> City18(Day 5)"
100,53,188.0,16.0,0.0,4,0.0,true,"City19(Day 6)"
100,54,265.0,144.0,0.0,5,0.0,true,"City19(Day 3) -> City22(Day 6)"
100,55,362.0,441.0,0.0,5,0.0,true,"City16(Day 0) -> City24(Day 2) -> City18(Day 4)"
100,56,191.0,16.0,0.0,5,0.0,true,"City12(Day 1)"
100,57,484.0,625.0,0.0,5,0.0,true,"City4(Day 2) -> City22(Day 3) -> City18(Day 4)"
100,58,200.0,49.0,0.0,5,0.0,true,"City16(Day 0)"
100,59,271.0,225.0,0.0,5,0.0,true,"City16(Day 4) -> City18(Day 5)"
100,60,435.0,576.0,0.0,5,0.0,true,"City18(Day 4) -> City14(Day 5) -> City16(Day 6)"
100,61,356.0,289.0,0.0,5,0.0,true,"City14(Day 1) -> City18(Day 3)"
100,62,250.0,121.0,0.0,5,0.0,true,"City16(Day 1) -> City12(Day 3)"
100,63,392.0,529.0,0.0,5,0.0,true,"City16(Day 1) -> City18(Day 2) -> City22(Day 5)"
100,64,322.0,256.0,0.0,5,0.0,true,"City14(Day 1) -> City16(Day 6)"
100,65,224.0,64.0,0.0,5,0.0,true,"City22(Day 6)"
100,66,545.0,676.0,0.0,5,0.0,true,"City4(Day 1) -> City14(Day 3) -> City18(Day 4)"
100,67,322.0,256.0,0.0,5,0.0,true,"City14(Day 4) -> City16(Day 6)"
100,68,269.0,169.0,0.0,5,0.0,true,"City16(Day 2) -> City24(Day 3)"
100,69,192.0,36.0,0.0,5,0.0,true,"City24(Day 3)"
100,70,360.0,361.0,0.0,5,0.0,true,"City16(Day 1) -> City18(Day 2) -> City19(Day 3)"
100,71,355.0,256.0,0.0,6,0.0,true,"City18(Day 1) -> City22(Day 6)"
100,72,357.0,289.0,0.0,6,0.0,true,"City16(Day 0) -> City19(Day 2) -> City24(Day 3)"
100,73,283.0,144.0,0.0,6,0.0,true,"City18(Day 2) -> City19(Day 3)"
100,74,512.0,625.0,0.0,6,0.0,true,"City14(Day 1) -> City18(Day 2) -> City22(Day 5)"
100,75,409.0,529.0,0.0,6,0.0,true,"City16(Day 1) -> City18(Day 3) -> City22(Day 5)"
